time,cumulative daily rainfall (mm)
2010-01-01,1.5339966
2010-01-02,2.300354
2010-01-03,2.6585083
2010-01-04,1.8512573
2010-01-05,1.8834839
2010-01-06,2.6593018
2010-01-07,3.1695557
2010-01-08,3.3790894
2010-01-09,2.4228516
2010-01-10,0.8079834
2010-01-11,1.8029175
2010-01-12,3.0420532
2010-01-13,1.4143677
2010-01-14,1.2945557
2010-01-15,1.6376953
2010-01-16,1.6717529
2010-01-17,2.8405762
2010-01-18,3.0592651
2010-01-19,4.479187
2010-01-20,5.911865
2010-01-21,3.067627
2010-01-22,0.58721924
2010-01-23,0.18261719
2010-01-24,0.035888672
2010-01-25,0.24261475
2010-01-26,0.04650879
2010-01-27,0.029907227
2010-01-28,1.3408813
2010-01-29,1.6739502
2010-01-30,0.12390137
2010-01-31,0.0146484375
2010-02-01,0.101989746
2010-02-02,0.066345215
2010-02-03,0.13122559
2010-02-04,0.12835693
2010-02-05,0.20721436
2010-02-06,2.18396
2010-02-07,5.6209717
2010-02-08,0.43518066
2010-02-09,1.105896
2010-02-10,0.4152832
2010-02-11,1.2455444
2010-02-12,0.54400635
2010-02-13,0.3704834
2010-02-14,0.47351074
2010-02-15,0.92718506
2010-02-16,2.4674683
2010-02-17,1.8513794
2010-02-18,1.3353882
2010-02-19,0.6959839
2010-02-20,1.0050049
2010-02-21,1.732666
2010-02-22,1.4963989
2010-02-23,1.7264404
2010-02-24,6.492737
2010-02-25,8.261902
2010-02-26,0.4366455
2010-02-27,0.076049805
2010-02-28,0.10748291
2010-03-01,1.0152588
2010-03-02,2.2149658
2010-03-03,1.9055176
2010-03-04,2.0460205
2010-03-05,3.470398
2010-03-06,2.569397
2010-03-07,1.0632935
2010-03-08,1.536438
2010-03-09,1.0650635
2010-03-10,1.8330078
2010-03-11,2.3110962
2010-03-12,0.899353
2010-03-13,0.40686035
2010-03-14,0.05480957
2010-03-15,1.4116821
2010-03-16,1.7358398
2010-03-17,1.9026489
2010-03-18,2.5081177
2010-03-19,2.5756836
2010-03-20,1.0704346
2010-03-21,1.0075684
2010-03-22,0.8809204
2010-03-23,1.144165
2010-03-24,2.3927612
2010-03-25,1.6499023
2010-03-26,1.8087769
2010-03-27,1.4901123
2010-03-28,2.0534668
2010-03-29,2.0112915
2010-03-30,0.77667236
2010-03-31,0.93756104
2010-04-01,1.2166748
2010-04-02,1.0945435
2010-04-03,0.76501465
2010-04-04,1.9752197
2010-04-05,2.0098267
2010-04-06,1.3925781
2010-04-07,0.87561035
2010-04-08,0.42315674
2010-04-09,0.6600342
2010-04-10,0.13793945
2010-04-11,1.435669
2010-04-12,2.3096924
2010-04-13,0.14294434
2010-04-14,0.16748047
2010-04-15,0.3059082
2010-04-16,0.24456787
2010-04-17,0.28814697
2010-04-18,0.5718384
2010-04-19,1.4351807
2010-04-20,0.024719238
2010-04-21,0.31939697
2010-04-22,0.54803467
2010-04-23,0.7859497
2010-04-24,0.41967773
2010-04-25,0.460083
2010-04-26,0.2130127
2010-04-27,0.115600586
2010-04-28,0.009521484
2010-04-29,0.0029907227
2010-04-30,0.0
2010-05-01,0.0072021484
2010-05-02,0.0154418945
2010-05-03,0.06213379
2010-05-04,0.06347656
2010-05-05,0.05218506
2010-05-06,0.03881836
2010-05-07,0.00036621094
2010-05-08,0.0018920898
2010-05-09,0.0
2010-05-10,0.0
2010-05-11,0.0
2010-05-12,0.0
2010-05-13,0.0
2010-05-14,0.0
2010-05-15,0.0
2010-05-16,0.0037231445
2010-05-17,0.004272461
2010-05-18,0.0
2010-05-19,0.0
2010-05-20,0.0
2010-05-21,0.003540039
2010-05-22,0.0009765625
2010-05-23,0.0
2010-05-24,0.0
2010-05-25,0.0
2010-05-26,0.0
2010-05-27,0.0
2010-05-28,0.0
2010-05-29,0.0
2010-05-30,0.0036010742
2010-05-31,0.006286621
2010-06-01,0.0017700195
2010-06-02,0.0
2010-06-03,0.0
2010-06-04,0.0
2010-06-05,0.0
2010-06-06,0.0
2010-06-07,0.0
2010-06-08,0.0
2010-06-09,0.0
2010-06-10,0.0
2010-06-11,0.0
2010-06-12,0.0
2010-06-13,0.0
2010-06-14,0.0
2010-06-15,0.0
2010-06-16,0.0
2010-06-17,0.0
2010-06-18,0.0
2010-06-19,0.0
2010-06-20,0.0
2010-06-21,0.0
2010-06-22,0.0
2010-06-23,0.0
2010-06-24,0.0
2010-06-25,0.0
2010-06-26,0.0
2010-06-27,0.0
2010-06-28,0.0
2010-06-29,0.0
2010-06-30,0.0
2010-07-01,0.0
2010-07-02,6.1035156e-05
2010-07-03,0.0
2010-07-04,0.0052490234
2010-07-05,0.0
2010-07-06,0.0
2010-07-07,0.0
2010-07-08,0.0
2010-07-09,0.0
2010-07-10,0.0
2010-07-11,0.0
2010-07-12,0.0
2010-07-13,0.0
2010-07-14,0.0
2010-07-15,0.0
2010-07-16,0.0
2010-07-17,0.0
2010-07-18,0.0
2010-07-19,0.0
2010-07-20,0.0
2010-07-21,0.0
2010-07-22,0.0
2010-07-23,0.0
2010-07-24,0.0
2010-07-25,0.0
2010-07-26,0.0
2010-07-27,0.0
2010-07-28,0.0
2010-07-29,0.0
2010-07-30,0.0
2010-07-31,0.0
2010-08-01,0.0
2010-08-02,0.0
2010-08-03,0.0
2010-08-04,0.0
2010-08-05,0.0
2010-08-06,0.0
2010-08-07,0.0
2010-08-08,0.0
2010-08-09,0.0
2010-08-10,0.0
2010-08-11,0.0
2010-08-12,0.0
2010-08-13,0.0
2010-08-14,0.0
2010-08-15,0.0
2010-08-16,0.0
2010-08-17,0.0
2010-08-18,0.0
2010-08-19,0.0
2010-08-20,0.0
2010-08-21,0.0
2010-08-22,0.0
2010-08-23,0.0
2010-08-24,0.0
2010-08-25,0.0
2010-08-26,0.0
2010-08-27,0.0
2010-08-28,0.0
2010-08-29,0.0
2010-08-30,0.0
2010-08-31,0.0
2010-09-01,0.0
2010-09-02,0.0
2010-09-03,0.0
2010-09-04,0.0
2010-09-05,0.0
2010-09-06,0.0
2010-09-07,0.0
2010-09-08,0.0
2010-09-09,0.0
2010-09-10,0.0
2010-09-11,0.0
2010-09-12,6.1035156e-05
2010-09-13,0.001953125
2010-09-14,0.0
2010-09-15,0.0
2010-09-16,0.00012207031
2010-09-17,0.0052490234
2010-09-18,0.0052490234
2010-09-19,0.015380859
2010-09-20,0.00012207031
2010-09-21,0.00048828125
2010-09-22,0.00079345703
2010-09-23,0.0025634766
2010-09-24,0.0
2010-09-25,0.0
2010-09-26,0.0076293945
2010-09-27,0.0009765625
2010-09-28,0.0
2010-09-29,0.0
2010-09-30,0.0
2010-10-01,0.0
2010-10-02,0.0
2010-10-03,0.0
2010-10-04,0.0
2010-10-05,0.0
2010-10-06,0.0
2010-10-07,0.0
2010-10-08,0.0
2010-10-09,0.0
2010-10-10,0.0
2010-10-11,0.00048828125
2010-10-12,0.06793213
2010-10-13,0.1459961
2010-10-14,0.013366699
2010-10-15,0.02166748
2010-10-16,0.019042969
2010-10-17,0.007446289
2010-10-18,0.030578613
2010-10-19,0.0
2010-10-20,0.0012817383
2010-10-21,0.09210205
2010-10-22,0.2598877
2010-10-23,0.28997803
2010-10-24,0.29284668
2010-10-25,0.67974854
2010-10-26,0.27374268
2010-10-27,0.6286621
2010-10-28,0.5005493
2010-10-29,0.3840332
2010-10-30,0.18530273
2010-10-31,0.18591309
2010-11-01,0.07684326
2010-11-02,0.23669434
2010-11-03,0.2966919
2010-11-04,0.019226074
2010-11-05,0.09387207
2010-11-06,0.2571411
2010-11-07,0.26574707
2010-11-08,1.0117188
2010-11-09,0.35784912
2010-11-10,0.0087890625
2010-11-11,0.5118408
2010-11-12,0.8436279
2010-11-13,1.2976685
2010-11-14,2.0479736
2010-11-15,2.7526855
2010-11-16,1.3703613
2010-11-17,1.6673584
2010-11-18,1.7102661
2010-11-19,1.782959
2010-11-20,2.137085
2010-11-21,3.2008057
2010-11-22,2.079773
2010-11-23,2.19104
2010-11-24,2.2965088
2010-11-25,2.4944458
2010-11-26,2.1653442
2010-11-27,1.6349487
2010-11-28,2.8641968
2010-11-29,2.7453003
2010-11-30,1.842102
2010-12-01,2.7178345
2010-12-02,3.3666992
2010-12-03,2.1656494
2010-12-04,2.5292358
2010-12-05,1.7064819
2010-12-06,2.1855469
2010-12-07,3.663391
2010-12-08,2.1192017
2010-12-09,1.7016602
2010-12-10,0.7694702
2010-12-11,0.46105957
2010-12-12,1.0686035
2010-12-13,3.1369019
2010-12-14,2.1813965
2010-12-15,0.90515137
2010-12-16,1.1540527
2010-12-17,1.463623
2010-12-18,0.53118896
2010-12-19,1.4882202
2010-12-20,2.2873535
2010-12-21,2.5651855
2010-12-22,1.2155151
2010-12-23,1.2020874
2010-12-24,1.2460327
2010-12-25,0.9159546
2010-12-26,2.128418
2010-12-27,2.913269
2010-12-28,3.7607422
2010-12-29,0.44085693
2010-12-30,1.2532959
2010-12-31,1.5458984
2011-01-01,3.1832275
2011-01-02,3.6774292
2011-01-03,1.6992188
2011-01-04,1.0664673
2011-01-05,1.6970215
2011-01-06,2.708435
2011-01-07,4.074951
2011-01-08,2.5324097
2011-01-09,0.80236816
2011-01-10,0.4533081
2011-01-11,0.6262207
2011-01-12,2.3603516
2011-01-13,3.6027832
2011-01-14,4.1240845
2011-01-15,4.1799927
2011-01-16,1.3848267
2011-01-17,0.4907837
2011-01-18,1.0634155
2011-01-19,2.0649414
2011-01-20,2.7184448
2011-01-21,2.1002808
2011-01-22,0.13769531
2011-01-23,0.95007324
2011-01-24,3.034668
2011-01-25,0.32556152
2011-01-26,0.051818848
2011-01-27,0.3131714
2011-01-28,0.13012695
2011-01-29,0.37304688
2011-01-30,1.6871948
2011-01-31,2.7928467
2011-02-01,1.9780884
2011-02-02,3.0604248
2011-02-03,2.7330933
2011-02-04,2.9137573
2011-02-05,2.574524
2011-02-06,1.8934937
2011-02-07,1.9169312
2011-02-08,1.1681519
2011-02-09,0.5283203
2011-02-10,1.37323
2011-02-11,2.3206177
2011-02-12,2.1200562
2011-02-13,2.0177002
2011-02-14,0.72125244
2011-02-15,0.85028076
2011-02-16,0.9331665
2011-02-17,1.0179443
2011-02-18,0.7312622
2011-02-19,0.9602051
2011-02-20,1.4101562
2011-02-21,1.4588013
2011-02-22,1.9639893
2011-02-23,1.4719238
2011-02-24,2.2822266
2011-02-25,2.7235718
2011-02-26,3.2930908
2011-02-27,1.2771606
2011-02-28,1.6915283
2011-03-01,2.3220825
2011-03-02,4.3466187
2011-03-03,2.4534912
2011-03-04,2.86969
2011-03-05,1.5387573
2011-03-06,0.49761963
2011-03-07,0.6289673
2011-03-08,1.0430298
2011-03-09,1.6659546
2011-03-10,2.5110474
2011-03-11,1.4599609
2011-03-12,0.8187256
2011-03-13,2.0498047
2011-03-14,1.177185
2011-03-15,2.4191895
2011-03-16,1.5859375
2011-03-17,1.59198
2011-03-18,1.6561279
2011-03-19,2.189087
2011-03-20,3.161438
2011-03-21,1.8875122
2011-03-22,1.562561
2011-03-23,1.8518677
2011-03-24,1.3552246
2011-03-25,1.9416504
2011-03-26,2.9142456
2011-03-27,2.015625
2011-03-28,0.8793335
2011-03-29,1.7729492
2011-03-30,0.5942383
2011-03-31,0.1586914
2011-04-01,0.22784424
2011-04-02,0.09857178
2011-04-03,0.05706787
2011-04-04,0.014465332
2011-04-05,0.89068604
2011-04-06,1.138977
2011-04-07,1.276001
2011-04-08,1.6896362
2011-04-09,0.5218506
2011-04-10,0.7462158
2011-04-11,0.13342285
2011-04-12,0.029663086
2011-04-13,0.00024414062
2011-04-14,0.0
2011-04-15,6.1035156e-05
2011-04-16,0.0075683594
2011-04-17,0.024047852
2011-04-18,0.050048828
2011-04-19,0.6599121
2011-04-20,1.4718628
2011-04-21,0.29431152
2011-04-22,0.9355469
2011-04-23,0.74645996
2011-04-24,0.43359375
2011-04-25,0.34924316
2011-04-26,0.7446289
2011-04-27,0.5517578
2011-04-28,0.09387207
2011-04-29,0.018981934
2011-04-30,0.1743164
2011-05-01,0.10845947
2011-05-02,0.04864502
2011-05-03,0.0021972656
2011-05-04,0.0
2011-05-05,0.0
2011-05-06,6.1035156e-05
2011-05-07,6.1035156e-05
2011-05-08,0.0
2011-05-09,0.0
2011-05-10,0.0
2011-05-11,0.0
2011-05-12,0.0
2011-05-13,0.0
2011-05-14,0.0
2011-05-15,0.0
2011-05-16,6.1035156e-05
2011-05-17,0.020019531
2011-05-18,0.26324463
2011-05-19,0.058288574
2011-05-20,0.0072631836
2011-05-21,0.0014038086
2011-05-22,0.0
2011-05-23,6.1035156e-05
2011-05-24,0.0
2011-05-25,0.0
2011-05-26,0.0
2011-05-27,0.0
2011-05-28,0.0
2011-05-29,0.0
2011-05-30,0.0
2011-05-31,0.0
2011-06-01,0.0
2011-06-02,0.0
2011-06-03,0.0
2011-06-04,0.0
2011-06-05,0.0
2011-06-06,0.0
2011-06-07,0.0
2011-06-08,0.0
2011-06-09,0.0
2011-06-10,0.0
2011-06-11,0.0
2011-06-12,0.0
2011-06-13,0.0
2011-06-14,0.0
2011-06-15,0.0
2011-06-16,0.0
2011-06-17,0.0
2011-06-18,0.0
2011-06-19,0.0
2011-06-20,0.0
2011-06-21,0.0
2011-06-22,0.0
2011-06-23,0.0
2011-06-24,0.0
2011-06-25,0.0
2011-06-26,0.0
2011-06-27,0.0
2011-06-28,0.0
2011-06-29,0.0
2011-06-30,0.0
2011-07-01,0.0
2011-07-02,0.0
2011-07-03,0.0
2011-07-04,0.0
2011-07-05,0.0
2011-07-06,0.0
2011-07-07,0.0
2011-07-08,0.0
2011-07-09,0.0
2011-07-10,0.0
2011-07-11,0.0
2011-07-12,0.0
2011-07-13,0.0
2011-07-14,0.0
2011-07-15,0.0
2011-07-16,0.0
2011-07-17,0.0
2011-07-18,0.0
2011-07-19,0.0
2011-07-20,0.0
2011-07-21,0.0
2011-07-22,0.0
2011-07-23,0.0
2011-07-24,0.0
2011-07-25,0.0
2011-07-26,0.0
2011-07-27,0.0
2011-07-28,0.0
2011-07-29,0.0
2011-07-30,0.0
2011-07-31,0.0
2011-08-01,0.0
2011-08-02,0.0
2011-08-03,0.0
2011-08-04,0.0
2011-08-05,0.0
2011-08-06,0.0
2011-08-07,0.0
2011-08-08,0.0
2011-08-09,0.0
2011-08-10,0.0
2011-08-11,0.0
2011-08-12,0.0
2011-08-13,0.0
2011-08-14,0.0
2011-08-15,0.0
2011-08-16,0.0
2011-08-17,0.0
2011-08-18,0.0
2011-08-19,0.0
2011-08-20,0.0
2011-08-21,0.0
2011-08-22,0.0
2011-08-23,0.0
2011-08-24,0.0
2011-08-25,0.0
2011-08-26,0.0
2011-08-27,0.0
2011-08-28,0.0
2011-08-29,0.0
2011-08-30,0.0
2011-08-31,0.0
2011-09-01,0.0
2011-09-02,0.0
2011-09-03,0.0
2011-09-04,0.0
2011-09-05,0.0
2011-09-06,0.0
2011-09-07,0.0
2011-09-08,0.0
2011-09-09,0.0
2011-09-10,0.0
2011-09-11,0.0
2011-09-12,0.0
2011-09-13,0.0
2011-09-14,0.0
2011-09-15,0.0
2011-09-16,0.0
2011-09-17,0.0
2011-09-18,0.0
2011-09-19,0.0
2011-09-20,0.0
2011-09-21,0.0
2011-09-22,0.0
2011-09-23,0.0
2011-09-24,0.0
2011-09-25,0.0032348633
2011-09-26,0.0
2011-09-27,0.0
2011-09-28,0.0
2011-09-29,0.0005493164
2011-09-30,0.035583496
2011-10-01,0.005554199
2011-10-02,0.008666992
2011-10-03,0.00970459
2011-10-04,0.011962891
2011-10-05,0.044555664
2011-10-06,0.0048828125
2011-10-07,0.016784668
2011-10-08,0.012939453
2011-10-09,0.00012207031
2011-10-10,0.00061035156
2011-10-11,0.0053710938
2011-10-12,0.0008544922
2011-10-13,0.0020751953
2011-10-14,0.0012817383
2011-10-15,0.0004272461
2011-10-16,6.1035156e-05
2011-10-17,0.026489258
2011-10-18,0.076416016
2011-10-19,0.108947754
2011-10-20,0.07696533
2011-10-21,0.024780273
2011-10-22,0.070007324
2011-10-23,0.3279419
2011-10-24,0.2741089
2011-10-25,0.0993042
2011-10-26,0.72058105
2011-10-27,0.26867676
2011-10-28,0.27557373
2011-10-29,0.74938965
2011-10-30,0.76275635
2011-10-31,0.65740967
2011-11-01,0.46240234
2011-11-02,0.5317383
2011-11-03,1.3196411
2011-11-04,0.14868164
2011-11-05,0.47821045
2011-11-06,0.269104
2011-11-07,0.7114868
2011-11-08,0.47003174
2011-11-09,0.00970459
2011-11-10,0.03869629
2011-11-11,0.43841553
2011-11-12,0.39562988
2011-11-13,0.6628418
2011-11-14,0.58203125
2011-11-15,0.7183838
2011-11-16,0.7914429
2011-11-17,2.7666626
2011-11-18,2.323059
2011-11-19,1.242981
2011-11-20,0.7519531
2011-11-21,2.5455322
2011-11-22,2.835266
2011-11-23,1.9968872
2011-11-24,1.9949951
2011-11-25,1.5543213
2011-11-26,0.69628906
2011-11-27,1.779602
2011-11-28,1.8739624
2011-11-29,2.6699219
2011-11-30,1.8098145
2011-12-01,1.9194946
2011-12-02,2.5377197
2011-12-03,2.5625
2011-12-04,2.5861816
2011-12-05,1.2429199
2011-12-06,2.9450073
2011-12-07,1.7139282
2011-12-08,3.3936768
2011-12-09,3.4818115
2011-12-10,2.9926758
2011-12-11,1.0755005
2011-12-12,1.2769165
2011-12-13,0.43798828
2011-12-14,0.20031738
2011-12-15,0.08508301
2011-12-16,0.0803833
2011-12-17,0.38946533
2011-12-18,2.74646
2011-12-19,3.3469238
2011-12-20,2.7947388
2011-12-21,1.0202637
2011-12-22,0.8795166
2011-12-23,1.9682007
2011-12-24,2.3380737
2011-12-25,2.0697632
2011-12-26,1.7277222
2011-12-27,2.5091553
2011-12-28,2.7705078
2011-12-29,2.3551636
2011-12-30,1.4447021
2011-12-31,1.0090942
2012-01-01,1.739502
2012-01-02,1.3364258
2012-01-03,0.33831787
2012-01-04,1.6550293
2012-01-05,0.43914795
2012-01-06,0.4439087
2012-01-07,0.35327148
2012-01-08,1.1358032
2012-01-09,1.2927246
2012-01-10,1.7183838
2012-01-11,1.9315796
2012-01-12,3.6628418
2012-01-13,3.4595947
2012-01-14,2.9709473
2012-01-15,2.6895142
2012-01-16,4.0376587
2012-01-17,2.1455688
2012-01-18,0.56689453
2012-01-19,0.031311035
2012-01-20,0.01751709
2012-01-21,0.07373047
2012-01-22,0.42956543
2012-01-23,0.07904053
2012-01-24,0.4821167
2012-01-25,0.6508789
2012-01-26,0.077697754
2012-01-27,0.54089355
2012-01-28,1.6616821
2012-01-29,1.7695923
2012-01-30,2.8878784
2012-01-31,4.501892
2012-02-01,0.8487549
2012-02-02,0.008850098
2012-02-03,0.0014038086
2012-02-04,0.0014648438
2012-02-05,1.0787964
2012-02-06,3.3261108
2012-02-07,1.0363159
2012-02-08,0.65356445
2012-02-09,3.1915894
2012-02-10,1.6060791
2012-02-11,0.070251465
2012-02-12,0.39196777
2012-02-13,0.31427002
2012-02-14,0.8306885
2012-02-15,2.7945557
2012-02-16,1.8190918
2012-02-17,1.9526367
2012-02-18,4.1608276
2012-02-19,1.8831787
2012-02-20,1.0598755
2012-02-21,0.8078003
2012-02-22,0.80670166
2012-02-23,1.9246826
2012-02-24,1.9142456
2012-02-25,2.194275
2012-02-26,1.5491943
2012-02-27,2.2454834
2012-02-28,1.760315
2012-02-29,2.1709595
2012-03-01,1.8040771
2012-03-02,0.802063
2012-03-03,1.4951172
2012-03-04,1.5941772
2012-03-05,1.5794678
2012-03-06,1.8643188
2012-03-07,2.2556152
2012-03-08,1.3337402
2012-03-09,1.5204468
2012-03-10,3.1339722
2012-03-11,1.2246094
2012-03-12,0.5545044
2012-03-13,0.5593262
2012-03-14,1.2562256
2012-03-15,1.6859131
2012-03-16,0.9833374
2012-03-17,0.06542969
2012-03-18,0.003540039
2012-03-19,0.024658203
2012-03-20,0.11663818
2012-03-21,0.43762207
2012-03-22,1.149292
2012-03-23,1.6740723
2012-03-24,2.3950195
2012-03-25,1.7462158
2012-03-26,1.875
2012-03-27,1.5880737
2012-03-28,0.42626953
2012-03-29,0.045776367
2012-03-30,0.00036621094
2012-03-31,0.013549805
2012-04-01,0.043884277
2012-04-02,0.0178833
2012-04-03,0.0045776367
2012-04-04,0.013061523
2012-04-05,0.006164551
2012-04-06,0.014099121
2012-04-07,0.020141602
2012-04-08,0.023742676
2012-04-09,0.0038452148
2012-04-10,0.022277832
2012-04-11,0.014465332
2012-04-12,0.019042969
2012-04-13,0.12054443
2012-04-14,0.056518555
2012-04-15,0.038208008
2012-04-16,0.031799316
2012-04-17,0.0067749023
2012-04-18,0.0018920898
2012-04-19,0.0004272461
2012-04-20,0.0
2012-04-21,0.0
2012-04-22,0.0
2012-04-23,0.0
2012-04-24,0.0
2012-04-25,0.0
2012-04-26,0.0
2012-04-27,0.0
2012-04-28,0.0
2012-04-29,0.0
2012-04-30,0.0
2012-05-01,0.0
2012-05-02,0.0
2012-05-03,0.0
2012-05-04,0.0
2012-05-05,0.0
2012-05-06,0.0
2012-05-07,0.0
2012-05-08,0.0
2012-05-09,0.0
2012-05-10,0.0
2012-05-11,0.0
2012-05-12,0.0
2012-05-13,0.0
2012-05-14,0.0
2012-05-15,0.0
2012-05-16,0.0
2012-05-17,0.0
2012-05-18,0.0
2012-05-19,0.0
2012-05-20,0.0
2012-05-21,0.0
2012-05-22,0.0
2012-05-23,0.0
2012-05-24,0.0
2012-05-25,0.0
2012-05-26,0.0
2012-05-27,0.0
2012-05-28,0.0
2012-05-29,0.0
2012-05-30,0.0
2012-05-31,0.0
2012-06-01,0.0
2012-06-02,0.0
2012-06-03,0.0
2012-06-04,0.0
2012-06-05,0.0
2012-06-06,0.0
2012-06-07,0.0
2012-06-08,0.0
2012-06-09,0.0
2012-06-10,0.0
2012-06-11,0.0
2012-06-12,0.0
2012-06-13,0.0
2012-06-14,0.0
2012-06-15,0.0
2012-06-16,0.0
2012-06-17,0.0
2012-06-18,0.0
2012-06-19,0.0
2012-06-20,0.0
2012-06-21,0.0
2012-06-22,0.0
2012-06-23,0.0
2012-06-24,0.0
2012-06-25,0.0
2012-06-26,0.0
2012-06-27,0.0
2012-06-28,0.0
2012-06-29,0.0
2012-06-30,0.0
2012-07-01,0.0
2012-07-02,0.0
2012-07-03,0.0
2012-07-04,0.0
2012-07-05,0.0
2012-07-06,0.0
2012-07-07,0.0
2012-07-08,0.0
2012-07-09,0.0
2012-07-10,0.0
2012-07-11,0.0
2012-07-12,0.0
2012-07-13,0.0
2012-07-14,0.0
2012-07-15,0.0
2012-07-16,0.0
2012-07-17,0.0
2012-07-18,0.0
2012-07-19,0.0
2012-07-20,0.0
2012-07-21,0.0
2012-07-22,0.0
2012-07-23,0.0
2012-07-24,0.0
2012-07-25,0.0
2012-07-26,0.0
2012-07-27,0.0
2012-07-28,0.0
2012-07-29,0.0
2012-07-30,0.0
2012-07-31,0.0
2012-08-01,0.0
2012-08-02,0.0
2012-08-03,0.0
2012-08-04,0.0
2012-08-05,0.0
2012-08-06,0.0
2012-08-07,0.0
2012-08-08,0.0
2012-08-09,0.0
2012-08-10,0.0
2012-08-11,0.0
2012-08-12,0.0
2012-08-13,0.0
2012-08-14,0.0
2012-08-15,0.0
2012-08-16,0.00030517578
2012-08-17,0.0
2012-08-18,0.0
2012-08-19,0.0
2012-08-20,0.0
2012-08-21,0.0
2012-08-22,0.0
2012-08-23,0.007019043
2012-08-24,0.0025634766
2012-08-25,0.0
2012-08-26,0.0
2012-08-27,0.0
2012-08-28,0.0
2012-08-29,0.0
2012-08-30,0.0
2012-08-31,0.0
2012-09-01,0.0
2012-09-02,0.0
2012-09-03,0.0
2012-09-04,0.0
2012-09-05,0.0
2012-09-06,0.0
2012-09-07,0.0
2012-09-08,0.0
2012-09-09,0.0
2012-09-10,0.0
2012-09-11,0.0
2012-09-12,0.0
2012-09-13,0.0
2012-09-14,0.0
2012-09-15,0.0
2012-09-16,0.0
2012-09-17,0.0
2012-09-18,0.0
2012-09-19,0.0
2012-09-20,0.00012207031
2012-09-21,0.03100586
2012-09-22,0.0015258789
2012-09-23,0.00036621094
2012-09-24,0.06549072
2012-09-25,0.0052490234
2012-09-26,0.0021362305
2012-09-27,0.23504639
2012-09-28,0.09399414
2012-09-29,0.18109131
2012-09-30,0.08270264
2012-10-01,6.1035156e-05
2012-10-02,0.007019043
2012-10-03,0.0
2012-10-04,0.0007324219
2012-10-05,0.00024414062
2012-10-06,0.019958496
2012-10-07,0.43145752
2012-10-08,0.31610107
2012-10-09,0.22680664
2012-10-10,0.17138672
2012-10-11,0.1104126
2012-10-12,0.086364746
2012-10-13,0.46655273
2012-10-14,0.8015137
2012-10-15,0.2602539
2012-10-16,0.4545288
2012-10-17,0.4055786
2012-10-18,0.22888184
2012-10-19,0.2609253
2012-10-20,0.30578613
2012-10-21,0.41888428
2012-10-22,0.49090576
2012-10-23,0.5611572
2012-10-24,1.0859985
2012-10-25,0.31799316
2012-10-26,2.5148315
2012-10-27,0.9456177
2012-10-28,0.34643555
2012-10-29,0.16937256
2012-10-30,0.6030884
2012-10-31,0.44647217
2012-11-01,0.2140503
2012-11-02,1.114563
2012-11-03,0.8057251
2012-11-04,0.29968262
2012-11-05,0.19671631
2012-11-06,0.55267334
2012-11-07,0.032836914
2012-11-08,0.24346924
2012-11-09,0.2539673
2012-11-10,1.206604
2012-11-11,1.0722656
2012-11-12,0.7225342
2012-11-13,0.81817627
2012-11-14,1.012085
2012-11-15,1.1883545
2012-11-16,0.39135742
2012-11-17,0.68981934
2012-11-18,1.4458618
2012-11-19,0.49621582
2012-11-20,3.347168
2012-11-21,1.723938
2012-11-22,1.8356934
2012-11-23,1.9558716
2012-11-24,0.91296387
2012-11-25,1.145874
2012-11-26,1.4376831
2012-11-27,2.4937134
2012-11-28,2.8912354
2012-11-29,2.0299683
2012-11-30,2.6329956
2012-12-01,1.4697266
2012-12-02,1.7589111
2012-12-03,2.0603027
2012-12-04,2.053711
2012-12-05,1.2623291
2012-12-06,1.7345581
2012-12-07,1.4385376
2012-12-08,1.8065186
2012-12-09,2.8900146
2012-12-10,1.3803711
2012-12-11,0.79418945
2012-12-12,0.11291504
2012-12-13,0.032409668
2012-12-14,0.099609375
2012-12-15,0.3414917
2012-12-16,1.75
2012-12-17,3.4870605
2012-12-18,2.9326172
2012-12-19,2.5186157
2012-12-20,3.293335
2012-12-21,2.2315674
2012-12-22,2.3184814
2012-12-23,3.4343872
2012-12-24,2.6121826
2012-12-25,3.3308716
2012-12-26,1.9187622
2012-12-27,1.510315
2012-12-28,1.9537354
2012-12-29,2.119934
2012-12-30,2.3876953
2012-12-31,2.4249878
2013-01-01,0.87176514
2013-01-02,0.42785645
2013-01-03,0.47766113
2013-01-04,2.0839233
2013-01-05,6.216797
2013-01-06,3.803833
2013-01-07,3.1168213
2013-01-08,3.6711426
2013-01-09,1.3981934
2013-01-10,0.4743042
2013-01-11,0.09088135
2013-01-12,0.09661865
2013-01-13,0.5853882
2013-01-14,1.5952148
2013-01-15,1.0343628
2013-01-16,2.6802368
2013-01-17,1.4264526
2013-01-18,0.68011475
2013-01-19,0.5081787
2013-01-20,0.4286499
2013-01-21,0.17028809
2013-01-22,0.048034668
2013-01-23,0.1887207
2013-01-24,0.3284912
2013-01-25,1.4551392
2013-01-26,1.9824829
2013-01-27,3.4013062
2013-01-28,3.7353516
2013-01-29,0.9724121
2013-01-30,0.6095581
2013-01-31,0.5405884
2013-02-01,0.29412842
2013-02-02,0.95007324
2013-02-03,0.81036377
2013-02-04,1.317749
2013-02-05,1.9547119
2013-02-06,2.4658813
2013-02-07,1.322998
2013-02-08,0.7694092
2013-02-09,1.1407471
2013-02-10,1.6522217
2013-02-11,0.8485718
2013-02-12,2.1398315
2013-02-13,1.84906
2013-02-14,1.8494873
2013-02-15,2.1003418
2013-02-16,4.098572
2013-02-17,2.680359
2013-02-18,1.0099487
2013-02-19,1.1026611
2013-02-20,1.2307739
2013-02-21,0.83654785
2013-02-22,0.9076538
2013-02-23,1.2989502
2013-02-24,0.31097412
2013-02-25,0.4706421
2013-02-26,0.23901367
2013-02-27,0.07165527
2013-02-28,0.016052246
2013-03-01,0.040527344
2013-03-02,0.007446289
2013-03-03,0.4300537
2013-03-04,0.4847412
2013-03-05,1.2596436
2013-03-06,1.1789551
2013-03-07,1.3850708
2013-03-08,1.7254028
2013-03-09,1.8205566
2013-03-10,2.3150024
2013-03-11,2.1050415
2013-03-12,2.4577026
2013-03-13,1.7175293
2013-03-14,0.26635742
2013-03-15,0.11071777
2013-03-16,0.25109863
2013-03-17,0.0657959
2013-03-18,0.041503906
2013-03-19,0.017028809
2013-03-20,0.014343262
2013-03-21,0.4467163
2013-03-22,0.28588867
2013-03-23,0.0008544922
2013-03-24,0.028015137
2013-03-25,0.4420166
2013-03-26,0.23840332
2013-03-27,0.37963867
2013-03-28,0.5060425
2013-03-29,1.3067017
2013-03-30,0.6014404
2013-03-31,0.35845947
2013-04-01,0.7505493
2013-04-02,0.54034424
2013-04-03,0.17108154
2013-04-04,0.0368042
2013-04-05,0.012207031
2013-04-06,0.0
2013-04-07,0.0
2013-04-08,0.003112793
2013-04-09,0.00018310547
2013-04-10,0.0
2013-04-11,0.00030517578
2013-04-12,0.0013427734
2013-04-13,0.06530762
2013-04-14,0.004333496
2013-04-15,0.0
2013-04-16,0.0
2013-04-17,0.0
2013-04-18,0.0
2013-04-19,0.00061035156
2013-04-20,0.0016479492
2013-04-21,0.0
2013-04-22,0.0010375977
2013-04-23,0.0
2013-04-24,0.0
2013-04-25,0.0
2013-04-26,0.00030517578
2013-04-27,0.0
2013-04-28,0.0
2013-04-29,0.0
2013-04-30,0.0
2013-05-01,0.0
2013-05-02,0.0
2013-05-03,0.0
2013-05-04,0.0
2013-05-05,0.0
2013-05-06,0.0
2013-05-07,0.0
2013-05-08,0.0010375977
2013-05-09,6.1035156e-05
2013-05-10,0.0
2013-05-11,0.0
2013-05-12,0.0
2013-05-13,0.0
2013-05-14,0.0
2013-05-15,0.0
2013-05-16,0.0
2013-05-17,0.0
2013-05-18,0.0
2013-05-19,0.0004272461
2013-05-20,0.024963379
2013-05-21,0.0033569336
2013-05-22,0.0
2013-05-23,0.0
2013-05-24,0.0
2013-05-25,0.0
2013-05-26,0.0
2013-05-27,0.0
2013-05-28,0.0
2013-05-29,0.0
2013-05-30,0.0
2013-05-31,0.0
2013-06-01,0.0
2013-06-02,0.0
2013-06-03,0.0
2013-06-04,0.0
2013-06-05,0.0
2013-06-06,0.0
2013-06-07,0.0
2013-06-08,0.0
2013-06-09,0.0
2013-06-10,0.0
2013-06-11,0.0
2013-06-12,0.0
2013-06-13,0.0
2013-06-14,0.0
2013-06-15,0.0
2013-06-16,0.0
2013-06-17,0.0
2013-06-18,0.0
2013-06-19,0.0
2013-06-20,0.0
2013-06-21,0.0
2013-06-22,0.0
2013-06-23,0.0
2013-06-24,0.0
2013-06-25,0.0
2013-06-26,0.0
2013-06-27,0.0
2013-06-28,0.0
2013-06-29,0.0
2013-06-30,0.0
2013-07-01,0.0
2013-07-02,0.0
2013-07-03,0.0
2013-07-04,0.0
2013-07-05,0.0
2013-07-06,0.0004272461
2013-07-07,0.0
2013-07-08,0.0
2013-07-09,0.0
2013-07-10,0.0
2013-07-11,0.0
2013-07-12,0.0
2013-07-13,0.0
2013-07-14,0.0
2013-07-15,0.0
2013-07-16,0.0
2013-07-17,0.0
2013-07-18,0.0
2013-07-19,0.0
2013-07-20,0.0
2013-07-21,0.0
2013-07-22,0.0
2013-07-23,0.0
2013-07-24,0.0
2013-07-25,0.0
2013-07-26,0.0
2013-07-27,0.0
2013-07-28,0.0
2013-07-29,0.0
2013-07-30,0.0
2013-07-31,0.0
2013-08-01,0.0
2013-08-02,0.0
2013-08-03,0.00024414062
2013-08-04,0.0
2013-08-05,0.0
2013-08-06,0.0
2013-08-07,0.0
2013-08-08,0.0
2013-08-09,0.0
2013-08-10,0.0
2013-08-11,0.0
2013-08-12,0.0
2013-08-13,0.0
2013-08-14,0.0
2013-08-15,0.0
2013-08-16,0.0
2013-08-17,0.0
2013-08-18,0.0
2013-08-19,0.0
2013-08-20,0.0
2013-08-21,0.0
2013-08-22,0.0
2013-08-23,0.0
2013-08-24,0.0
2013-08-25,0.0
2013-08-26,0.0
2013-08-27,0.0
2013-08-28,0.0
2013-08-29,0.0
2013-08-30,0.0
2013-08-31,0.0
2013-09-01,0.0
2013-09-02,0.0
2013-09-03,0.0
2013-09-04,0.0
2013-09-05,0.0
2013-09-06,0.0
2013-09-07,0.0
2013-09-08,0.0
2013-09-09,0.0
2013-09-10,0.0
2013-09-11,0.0
2013-09-12,0.0
2013-09-13,0.00030517578
2013-09-14,0.007080078
2013-09-15,0.0049438477
2013-09-16,6.1035156e-05
2013-09-17,0.0
2013-09-18,0.0
2013-09-19,0.0
2013-09-20,0.00024414062
2013-09-21,0.0005493164
2013-09-22,0.08312988
2013-09-23,0.22680664
2013-09-24,0.021850586
2013-09-25,0.004272461
2013-09-26,0.00030517578
2013-09-27,0.0009765625
2013-09-28,0.0005493164
2013-09-29,0.0032958984
2013-09-30,0.043395996
2013-10-01,0.00048828125
2013-10-02,0.0
2013-10-03,0.0
2013-10-04,0.0
2013-10-05,0.0
2013-10-06,0.0
2013-10-07,0.00012207031
2013-10-08,0.0
2013-10-09,0.00091552734
2013-10-10,0.0
2013-10-11,0.00061035156
2013-10-12,0.00024414062
2013-10-13,0.00012207031
2013-10-14,0.13116455
2013-10-15,0.18286133
2013-10-16,0.026367188
2013-10-17,0.0029907227
2013-10-18,0.0032958984
2013-10-19,0.24127197
2013-10-20,0.42022705
2013-10-21,0.25
2013-10-22,0.15527344
2013-10-23,0.28985596
2013-10-24,0.58251953
2013-10-25,0.7675171
2013-10-26,1.1791382
2013-10-27,0.256958
2013-10-28,0.15673828
2013-10-29,0.26611328
2013-10-30,0.17572021
2013-10-31,0.17224121
2013-11-01,0.10003662
2013-11-02,0.016845703
2013-11-03,0.1282959
2013-11-04,0.10925293
2013-11-05,1.0582886
2013-11-06,0.9752197
2013-11-07,0.7671509
2013-11-08,0.71710205
2013-11-09,0.5967407
2013-11-10,0.76348877
2013-11-11,0.8845215
2013-11-12,1.154541
2013-11-13,1.7142334
2013-11-14,1.3950806
2013-11-15,2.3128662
2013-11-16,1.4279175
2013-11-17,1.480957
2013-11-18,1.1986694
2013-11-19,2.7054443
2013-11-20,1.15979
2013-11-21,1.9067383
2013-11-22,1.9368896
2013-11-23,1.281189
2013-11-24,2.0274658
2013-11-25,2.2315063
2013-11-26,1.0341187
2013-11-27,0.19866943
2013-11-28,0.05657959
2013-11-29,0.1685791
2013-11-30,0.59503174
2013-12-01,2.112732
2013-12-02,2.968811
2013-12-03,2.019226
2013-12-04,2.0131226
2013-12-05,2.7439575
2013-12-06,2.2595215
2013-12-07,1.43573
2013-12-08,3.2390137
2013-12-09,1.4978027
2013-12-10,1.265564
2013-12-11,0.99139404
2013-12-12,0.39294434
2013-12-13,1.2029419
2013-12-14,0.35791016
2013-12-15,1.3564453
2013-12-16,1.9047852
2013-12-17,1.7583618
2013-12-18,1.6036987
2013-12-19,2.6130981
2013-12-20,2.65625
2013-12-21,1.5546875
2013-12-22,1.223999
2013-12-23,1.4544678
2013-12-24,3.154602
2013-12-25,3.602417
2013-12-26,2.7108765
2013-12-27,2.2520752
2013-12-28,1.9155273
2013-12-29,2.7476807
2013-12-30,4.1776733
2013-12-31,2.1860962
2014-01-01,2.2756958
2014-01-02,3.3902588
2014-01-03,2.0978394
2014-01-04,0.52124023
2014-01-05,0.01184082
2014-01-06,0.013183594
2014-01-07,0.037475586
2014-01-08,0.0040893555
2014-01-09,0.0007324219
2014-01-10,0.058410645
2014-01-11,0.4366455
2014-01-12,0.6838989
2014-01-13,2.2324219
2014-01-14,2.4035034
2014-01-15,0.8925171
2014-01-16,1.2598877
2014-01-17,1.7463379
2014-01-18,0.60827637
2014-01-19,1.1782227
2014-01-20,0.9528198
2014-01-21,0.5397339
2014-01-22,0.6801758
2014-01-23,1.5143433
2014-01-24,1.4639282
2014-01-25,2.5167236
2014-01-26,2.6981812
2014-01-27,4.624695
2014-01-28,2.8669434
2014-01-29,2.6834106
2014-01-30,0.58032227
2014-01-31,0.6946411
2014-02-01,0.19519043
2014-02-02,0.2828369
2014-02-03,0.54418945
2014-02-04,0.33831787
2014-02-05,0.035827637
2014-02-06,0.3499756
2014-02-07,0.04840088
2014-02-08,0.0005493164
2014-02-09,0.6237793
2014-02-10,1.4371948
2014-02-11,0.08679199
2014-02-12,0.034240723
2014-02-13,0.017456055
2014-02-14,0.010070801
2014-02-15,0.47595215
2014-02-16,0.30975342
2014-02-17,1.2786255
2014-02-18,0.8305664
2014-02-19,0.5201416
2014-02-20,1.591919
2014-02-21,1.456604
2014-02-22,1.2581177
2014-02-23,2.3132935
2014-02-24,2.8609009
2014-02-25,3.956787
2014-02-26,1.6659546
2014-02-27,3.3309937
2014-02-28,1.2531738
2014-03-01,1.6802979
2014-03-02,0.6883545
2014-03-03,0.72558594
2014-03-04,1.7897949
2014-03-05,3.2711182
2014-03-06,2.5134277
2014-03-07,1.4936523
2014-03-08,2.5194702
2014-03-09,2.708191
2014-03-10,2.5028076
2014-03-11,3.4069824
2014-03-12,3.2438965
2014-03-13,1.5038452
2014-03-14,0.4260254
2014-03-15,2.3476562
2014-03-16,0.93518066
2014-03-17,0.97839355
2014-03-18,1.2302246
2014-03-19,2.6105957
2014-03-20,1.5167847
2014-03-21,1.7243042
2014-03-22,1.8701172
2014-03-23,2.3936157
2014-03-24,1.8686523
2014-03-25,0.9867554
2014-03-26,1.5
2014-03-27,1.3371582
2014-03-28,0.8807373
2014-03-29,0.53808594
2014-03-30,0.20874023
2014-03-31,0.44976807
2014-04-01,0.18414307
2014-04-02,0.13586426
2014-04-03,1.295044
2014-04-04,1.2678833
2014-04-05,1.5936279
2014-04-06,1.8883057
2014-04-07,1.7246094
2014-04-08,1.0186768
2014-04-09,0.38519287
2014-04-10,0.3334961
2014-04-11,1.2056885
2014-04-12,1.59906
2014-04-13,0.76135254
2014-04-14,0.9614868
2014-04-15,0.324646
2014-04-16,0.08239746
2014-04-17,0.087768555
2014-04-18,0.10412598
2014-04-19,0.056518555
2014-04-20,0.028320312
2014-04-21,0.01550293
2014-04-22,0.04736328
2014-04-23,0.066345215
2014-04-24,0.8046875
2014-04-25,1.0936279
2014-04-26,0.5062866
2014-04-27,0.42089844
2014-04-28,0.06542969
2014-04-29,0.009216309
2014-04-30,0.0
2014-05-01,0.0
2014-05-02,0.0
2014-05-03,0.0
2014-05-04,0.0
2014-05-05,0.0
2014-05-06,0.0
2014-05-07,0.00061035156
2014-05-08,0.0029907227
2014-05-09,0.0024414062
2014-05-10,0.0
2014-05-11,0.0
2014-05-12,0.0
2014-05-13,0.0
2014-05-14,0.0
2014-05-15,0.0
2014-05-16,0.0
2014-05-17,0.0
2014-05-18,0.0
2014-05-19,0.0
2014-05-20,0.0010986328
2014-05-21,0.0005493164
2014-05-22,0.0
2014-05-23,0.0
2014-05-24,0.0
2014-05-25,0.0
2014-05-26,0.0
2014-05-27,0.0
2014-05-28,0.0
2014-05-29,0.0
2014-05-30,0.0
2014-05-31,0.0
2014-06-01,0.0
2014-06-02,0.0
2014-06-03,0.0
2014-06-04,0.0
2014-06-05,0.0
2014-06-06,0.0
2014-06-07,0.0
2014-06-08,0.0
2014-06-09,0.0
2014-06-10,0.0
2014-06-11,0.0
2014-06-12,0.0
2014-06-13,0.0
2014-06-14,0.0
2014-06-15,0.0
2014-06-16,0.0
2014-06-17,0.0
2014-06-18,0.0
2014-06-19,0.0
2014-06-20,0.0
2014-06-21,0.0
2014-06-22,0.0
2014-06-23,0.00012207031
2014-06-24,0.0
2014-06-25,0.0
2014-06-26,0.0
2014-06-27,0.0
2014-06-28,0.0
2014-06-29,0.0
2014-06-30,0.0
2014-07-01,0.0
2014-07-02,0.0
2014-07-03,0.0
2014-07-04,0.0
2014-07-05,0.0
2014-07-06,0.0
2014-07-07,0.0
2014-07-08,0.0
2014-07-09,0.0
2014-07-10,0.0
2014-07-11,0.0
2014-07-12,0.0
2014-07-13,0.0
2014-07-14,0.0
2014-07-15,0.0
2014-07-16,0.0
2014-07-17,0.0
2014-07-18,0.0
2014-07-19,0.0
2014-07-20,0.0
2014-07-21,0.0
2014-07-22,0.0
2014-07-23,0.0
2014-07-24,0.0
2014-07-25,0.0
2014-07-26,0.0
2014-07-27,0.0
2014-07-28,0.0
2014-07-29,0.0
2014-07-30,0.00024414062
2014-07-31,0.0
2014-08-01,0.0
2014-08-02,0.0
2014-08-03,0.0
2014-08-04,0.0
2014-08-05,0.0
2014-08-06,0.0
2014-08-07,0.0
2014-08-08,0.0
2014-08-09,0.0
2014-08-10,0.0
2014-08-11,0.0
2014-08-12,0.0
2014-08-13,0.0
2014-08-14,0.0
2014-08-15,0.0
2014-08-16,0.0
2014-08-17,0.0
2014-08-18,0.0
2014-08-19,0.0
2014-08-20,0.0
2014-08-21,0.0
2014-08-22,0.0
2014-08-23,0.0
2014-08-24,0.0
2014-08-25,0.0
2014-08-26,0.0
2014-08-27,0.0
2014-08-28,0.0
2014-08-29,0.0
2014-08-30,0.0
2014-08-31,0.0
2014-09-01,0.0
2014-09-02,0.0
2014-09-03,0.0
2014-09-04,0.0
2014-09-05,0.0
2014-09-06,0.0
2014-09-07,0.0
2014-09-08,0.0
2014-09-09,0.0
2014-09-10,0.0
2014-09-11,0.0059814453
2014-09-12,0.009216309
2014-09-13,0.022399902
2014-09-14,0.00018310547
2014-09-15,0.0
2014-09-16,0.0
2014-09-17,0.011962891
2014-09-18,0.052978516
2014-09-19,0.033996582
2014-09-20,0.005126953
2014-09-21,0.0008544922
2014-09-22,0.00091552734
2014-09-23,0.01776123
2014-09-24,0.0007324219
2014-09-25,0.0
2014-09-26,0.0
2014-09-27,0.00018310547
2014-09-28,0.00592041
2014-09-29,0.053649902
2014-09-30,0.0022583008
2014-10-01,6.1035156e-05
2014-10-02,0.005493164
2014-10-03,0.0
2014-10-04,0.00036621094
2014-10-05,0.115112305
2014-10-06,0.30303955
2014-10-07,0.017700195
2014-10-08,0.012512207
2014-10-09,0.022827148
2014-10-10,0.1105957
2014-10-11,0.18450928
2014-10-12,0.15362549
2014-10-13,0.042419434
2014-10-14,0.15698242
2014-10-15,0.1774292
2014-10-16,0.17047119
2014-10-17,0.007446289
2014-10-18,0.036987305
2014-10-19,0.005065918
2014-10-20,0.03515625
2014-10-21,0.034362793
2014-10-22,0.0013427734
2014-10-23,0.0
2014-10-24,0.0043945312
2014-10-25,0.0
2014-10-26,0.02154541
2014-10-27,0.2793579
2014-10-28,0.5690918
2014-10-29,0.6296387
2014-10-30,0.25494385
2014-10-31,0.4901123
2014-11-01,0.70983887
2014-11-02,0.93444824
2014-11-03,1.7490845
2014-11-04,2.416565
2014-11-05,1.2741089
2014-11-06,0.6820679
2014-11-07,1.7112427
2014-11-08,2.187561
2014-11-09,2.1203003
2014-11-10,1.9036255
2014-11-11,1.7387085
2014-11-12,2.3643188
2014-11-13,0.87750244
2014-11-14,2.093933
2014-11-15,2.0148315
2014-11-16,1.4628296
2014-11-17,2.2003784
2014-11-18,0.697876
2014-11-19,0.651001
2014-11-20,0.18164062
2014-11-21,0.4359131
2014-11-22,0.85894775
2014-11-23,1.0089722
2014-11-24,0.6815796
2014-11-25,1.1563721
2014-11-26,1.4066772
2014-11-27,1.8805542
2014-11-28,1.7293091
2014-11-29,2.0561523
2014-11-30,0.8759155
2014-12-01,0.6713257
2014-12-02,1.5372925
2014-12-03,1.4232178
2014-12-04,2.1445312
2014-12-05,1.7484741
2014-12-06,2.2545776
2014-12-07,2.0146484
2014-12-08,1.9411621
2014-12-09,2.2287598
2014-12-10,1.5014038
2014-12-11,2.1535645
2014-12-12,1.6710205
2014-12-13,1.8525391
2014-12-14,2.0940552
2014-12-15,1.9695435
2014-12-16,0.39764404
2014-12-17,0.9232178
2014-12-18,0.7147217
2014-12-19,0.23175049
2014-12-20,0.2156372
2014-12-21,0.4716797
2014-12-22,0.29016113
2014-12-23,1.3661499
2014-12-24,3.0423584
2014-12-25,2.5595093
2014-12-26,0.26501465
2014-12-27,0.0021362305
2014-12-28,0.1161499
2014-12-29,0.030395508
2014-12-30,0.09490967
2014-12-31,0.078063965
2015-01-01,0.032226562
2015-01-02,0.14648438
2015-01-03,0.114746094
2015-01-04,0.26623535
2015-01-05,0.5910034
2015-01-06,0.6552124
2015-01-07,0.39630127
2015-01-08,0.7772827
2015-01-09,0.5276489
2015-01-10,0.5083008
2015-01-11,0.06591797
2015-01-12,0.23736572
2015-01-13,0.13470459
2015-01-14,1.3842163
2015-01-15,2.8114014
2015-01-16,2.972107
2015-01-17,2.5733643
2015-01-18,1.9616699
2015-01-19,1.1600952
2015-01-20,0.80352783
2015-01-21,0.43792725
2015-01-22,3.2802124
2015-01-23,2.6741333
2015-01-24,1.3534546
2015-01-25,2.010437
2015-01-26,1.6536255
2015-01-27,1.3123169
2015-01-28,1.8710938
2015-01-29,2.6640015
2015-01-30,2.184082
2015-01-31,3.9379883
2015-02-01,4.5771484
2015-02-02,2.2416992
2015-02-03,0.18902588
2015-02-04,0.27020264
2015-02-05,0.077941895
2015-02-06,0.10217285
2015-02-07,0.050476074
2015-02-08,0.028320312
2015-02-09,0.2508545
2015-02-10,0.9786377
2015-02-11,0.27563477
2015-02-12,0.4039917
2015-02-13,0.47338867
2015-02-14,0.9349365
2015-02-15,0.34423828
2015-02-16,0.61535645
2015-02-17,1.0594482
2015-02-18,0.29510498
2015-02-19,0.24438477
2015-02-20,0.04095459
2015-02-21,0.10406494
2015-02-22,0.4902954
2015-02-23,0.48358154
2015-02-24,0.5159912
2015-02-25,0.7064209
2015-02-26,0.8378906
2015-02-27,1.55896
2015-02-28,1.5550537
2015-03-01,0.63067627
2015-03-02,0.091674805
2015-03-03,0.38568115
2015-03-04,1.1879272
2015-03-05,2.2034912
2015-03-06,0.18670654
2015-03-07,0.5248413
2015-03-08,0.054626465
2015-03-09,0.0063476562
2015-03-10,0.049438477
2015-03-11,0.38983154
2015-03-12,0.36328125
2015-03-13,0.034057617
2015-03-14,0.00030517578
2015-03-15,0.0008544922
2015-03-16,0.107421875
2015-03-17,0.21398926
2015-03-18,0.26733398
2015-03-19,0.66638184
2015-03-20,0.6831665
2015-03-21,0.3147583
2015-03-22,0.15228271
2015-03-23,0.54626465
2015-03-24,0.7557373
2015-03-25,1.4680176
2015-03-26,0.96447754
2015-03-27,1.5621948
2015-03-28,3.2980957
2015-03-29,3.685913
2015-03-30,1.9662476
2015-03-31,2.0388184
2015-04-01,1.8988647
2015-04-02,0.8074951
2015-04-03,0.5079346
2015-04-04,0.23339844
2015-04-05,0.2263794
2015-04-06,0.13476562
2015-04-07,0.06451416
2015-04-08,0.13427734
2015-04-09,0.2695923
2015-04-10,0.3770752
2015-04-11,1.1867065
2015-04-12,0.18011475
2015-04-13,0.1408081
2015-04-14,0.1350708
2015-04-15,0.045837402
2015-04-16,0.029052734
2015-04-17,0.029846191
2015-04-18,0.062927246
2015-04-19,0.06488037
2015-04-20,0.1305542
2015-04-21,0.13574219
2015-04-22,0.25250244
2015-04-23,0.16949463
2015-04-24,0.02960205
2015-04-25,0.007446289
2015-04-26,0.0
2015-04-27,0.0
2015-04-28,0.0
2015-04-29,0.0
2015-04-30,0.0
2015-05-01,0.0
2015-05-02,0.0
2015-05-03,0.0
2015-05-04,0.0
2015-05-05,0.0
2015-05-06,6.1035156e-05
2015-05-07,0.0
2015-05-08,0.00030517578
2015-05-09,0.0
2015-05-10,0.0
2015-05-11,0.0
2015-05-12,0.0
2015-05-13,0.0
2015-05-14,0.0
2015-05-15,0.0
2015-05-16,0.0
2015-05-17,0.0
2015-05-18,0.0
2015-05-19,0.0
2015-05-20,0.0
2015-05-21,0.0
2015-05-22,0.0
2015-05-23,0.0
2015-05-24,0.0
2015-05-25,0.0
2015-05-26,0.0
2015-05-27,0.0
2015-05-28,0.0
2015-05-29,0.0
2015-05-30,0.0
2015-05-31,0.0
2015-06-01,0.0
2015-06-02,0.0
2015-06-03,0.0
2015-06-04,0.0
2015-06-05,0.0
2015-06-06,0.0
2015-06-07,0.0
2015-06-08,0.0
2015-06-09,0.0
2015-06-10,0.0
2015-06-11,0.0
2015-06-12,0.0
2015-06-13,0.0
2015-06-14,0.0
2015-06-15,0.0
2015-06-16,0.0
2015-06-17,0.0
2015-06-18,0.0
2015-06-19,0.0
2015-06-20,0.0
2015-06-21,0.0
2015-06-22,0.0
2015-06-23,0.0
2015-06-24,0.0
2015-06-25,0.0
2015-06-26,0.0
2015-06-27,0.0
2015-06-28,0.0
2015-06-29,0.0
2015-06-30,0.0
2015-07-01,0.0
2015-07-02,0.0
2015-07-03,0.0
2015-07-04,0.0
2015-07-05,0.0
2015-07-06,0.0
2015-07-07,0.0
2015-07-08,0.0
2015-07-09,0.0
2015-07-10,0.0
2015-07-11,0.0
2015-07-12,0.0
2015-07-13,0.0
2015-07-14,0.0
2015-07-15,0.0
2015-07-16,0.0
2015-07-17,0.0
2015-07-18,0.0
2015-07-19,0.0
2015-07-20,0.0
2015-07-21,0.0
2015-07-22,0.0
2015-07-23,0.0
2015-07-24,0.0
2015-07-25,0.0
2015-07-26,0.0
2015-07-27,0.0
2015-07-28,0.0
2015-07-29,0.0
2015-07-30,0.0
2015-07-31,0.0
2015-08-01,0.0
2015-08-02,0.0
2015-08-03,0.0
2015-08-04,0.0
2015-08-05,0.0
2015-08-06,0.0
2015-08-07,0.0
2015-08-08,0.0
2015-08-09,0.0
2015-08-10,0.0
2015-08-11,0.0
2015-08-12,0.0
2015-08-13,0.0
2015-08-14,0.0
2015-08-15,0.0
2015-08-16,0.0
2015-08-17,0.0
2015-08-18,0.0
2015-08-19,0.0
2015-08-20,0.0
2015-08-21,0.0
2015-08-22,0.0
2015-08-23,0.0
2015-08-24,0.00036621094
2015-08-25,0.00024414062
2015-08-26,0.0
2015-08-27,0.0
2015-08-28,0.0
2015-08-29,0.0
2015-08-30,0.0
2015-08-31,0.0
2015-09-01,0.0
2015-09-02,0.00012207031
2015-09-03,0.0079956055
2015-09-04,6.1035156e-05
2015-09-05,0.0017089844
2015-09-06,0.00018310547
2015-09-07,6.1035156e-05
2015-09-08,0.002380371
2015-09-09,0.010620117
2015-09-10,0.00048828125
2015-09-11,0.0
2015-09-12,0.0
2015-09-13,0.0
2015-09-14,0.0
2015-09-15,0.0
2015-09-16,0.0
2015-09-17,0.0
2015-09-18,0.0
2015-09-19,0.0053710938
2015-09-20,0.012939453
2015-09-21,0.06542969
2015-09-22,0.022949219
2015-09-23,0.0
2015-09-24,0.0
2015-09-25,0.0
2015-09-26,0.0
2015-09-27,0.0
2015-09-28,0.08892822
2015-09-29,0.13195801
2015-09-30,0.1104126
2015-10-01,0.2695923
2015-10-02,0.18389893
2015-10-03,0.538147
2015-10-04,1.3012695
2015-10-05,0.09851074
2015-10-06,0.00061035156
2015-10-07,0.09881592
2015-10-08,0.034729004
2015-10-09,0.0126953125
2015-10-10,0.0005493164
2015-10-11,0.0036621094
2015-10-12,0.18334961
2015-10-13,0.15515137
2015-10-14,0.115600586
2015-10-15,0.066833496
2015-10-16,0.052856445
2015-10-17,0.10699463
2015-10-18,0.5109253
2015-10-19,0.70269775
2015-10-20,0.0007324219
2015-10-21,0.00024414062
2015-10-22,0.0
2015-10-23,0.0015869141
2015-10-24,0.11541748
2015-10-25,0.15252686
2015-10-26,0.00018310547
2015-10-27,0.0
2015-10-28,0.0020751953
2015-10-29,0.12054443
2015-10-30,0.3876953
2015-10-31,0.47381592
2015-11-01,0.638855
2015-11-02,0.22930908
2015-11-03,0.3626709
2015-11-04,0.6161499
2015-11-05,0.5414429
2015-11-06,0.27319336
2015-11-07,0.8709717
2015-11-08,0.27264404
2015-11-09,0.11291504
2015-11-10,0.0028076172
2015-11-11,0.15759277
2015-11-12,0.18780518
2015-11-13,0.18713379
2015-11-14,0.3977661
2015-11-15,0.06707764
2015-11-16,0.043640137
2015-11-17,0.1920166
2015-11-18,0.215271
2015-11-19,0.5615845
2015-11-20,0.11602783
2015-11-21,0.34265137
2015-11-22,0.70544434
2015-11-23,0.49432373
2015-11-24,0.2543335
2015-11-25,0.11755371
2015-11-26,0.15057373
2015-11-27,0.17333984
2015-11-28,0.18255615
2015-11-29,0.9451294
2015-11-30,0.8588257
2015-12-01,1.7574463
2015-12-02,0.85150146
2015-12-03,1.4205322
2015-12-04,1.8164062
2015-12-05,1.5430298
2015-12-06,0.97869873
2015-12-07,1.1668701
2015-12-08,1.2526245
2015-12-09,0.7439575
2015-12-10,1.1271362
2015-12-11,2.585266
2015-12-12,1.9274902
2015-12-13,1.862915
2015-12-14,1.0474243
2015-12-15,0.7897949
2015-12-16,0.14074707
2015-12-17,0.049987793
2015-12-18,0.9290161
2015-12-19,1.1362305
2015-12-20,0.39160156
2015-12-21,0.7418823
2015-12-22,0.68566895
2015-12-23,1.8345947
2015-12-24,2.0394287
2015-12-25,1.838562
2015-12-26,2.3674927
2015-12-27,2.9145508
2015-12-28,3.715271
2015-12-29,2.7905273
2015-12-30,2.753296
2015-12-31,1.1011963
2016-01-01,0.6263428
2016-01-02,1.2067871
2016-01-03,1.8445435
2016-01-04,1.949707
2016-01-05,0.5583496
2016-01-06,0.5430908
2016-01-07,0.6305542
2016-01-08,1.4182739
2016-01-09,1.6291504
2016-01-10,2.3990479
2016-01-11,1.4890137
2016-01-12,1.7576904
2016-01-13,2.9554443
2016-01-14,1.3728638
2016-01-15,1.6623535
2016-01-16,0.6131592
2016-01-17,0.6269531
2016-01-18,1.2764893
2016-01-19,3.6436157
2016-01-20,3.9697876
2016-01-21,2.94281
2016-01-22,0.88513184
2016-01-23,0.017944336
2016-01-24,0.0008544922
2016-01-25,0.0053100586
2016-01-26,0.01940918
2016-01-27,0.0033569336
2016-01-28,0.055603027
2016-01-29,0.6852417
2016-01-30,3.109314
2016-01-31,3.0339966
2016-02-01,5.341614
2016-02-02,2.0180054
2016-02-03,0.24932861
2016-02-04,0.7449341
2016-02-05,1.2938843
2016-02-06,1.9124146
2016-02-07,1.291687
2016-02-08,0.63531494
2016-02-09,1.0334473
2016-02-10,1.0786743
2016-02-11,1.1995239
2016-02-12,1.5058594
2016-02-13,0.72320557
2016-02-14,0.29779053
2016-02-15,1.2250366
2016-02-16,2.0344849
2016-02-17,0.86383057
2016-02-18,0.9780884
2016-02-19,1.6837769
2016-02-20,1.435669
2016-02-21,1.1918335
2016-02-22,1.4749756
2016-02-23,1.4487915
2016-02-24,1.7317505
2016-02-25,1.175293
2016-02-26,2.0112305
2016-02-27,0.92163086
2016-02-28,1.6758423
2016-02-29,2.2018433
2016-03-01,0.8989258
2016-03-02,1.2071533
2016-03-03,1.3186646
2016-03-04,2.5742798
2016-03-05,3.9541626
2016-03-06,2.5804443
2016-03-07,3.055725
2016-03-08,1.9643555
2016-03-09,1.34198
2016-03-10,2.2805176
2016-03-11,1.2592773
2016-03-12,3.1644287
2016-03-13,2.911255
2016-03-14,2.6414795
2016-03-15,4.6640015
2016-03-16,4.187256
2016-03-17,0.6090088
2016-03-18,0.4649048
2016-03-19,1.8488159
2016-03-20,0.590271
2016-03-21,0.2454834
2016-03-22,0.008972168
2016-03-23,0.0031738281
2016-03-24,0.10424805
2016-03-25,0.2232666
2016-03-26,0.5270386
2016-03-27,0.18798828
2016-03-28,0.3587036
2016-03-29,0.095825195
2016-03-30,0.55841064
2016-03-31,1.4536743
2016-04-01,0.39385986
2016-04-02,0.5477905
2016-04-03,0.11645508
2016-04-04,0.050109863
2016-04-05,0.46875
2016-04-06,1.0020752
2016-04-07,1.3261108
2016-04-08,0.122558594
2016-04-09,0.07537842
2016-04-10,0.05718994
2016-04-11,0.0
2016-04-12,0.0
2016-04-13,0.0018310547
2016-04-14,0.031433105
2016-04-15,0.00048828125
2016-04-16,0.008422852
2016-04-17,0.031311035
2016-04-18,0.023620605
2016-04-19,0.19641113
2016-04-20,0.15063477
2016-04-21,0.08508301
2016-04-22,0.02130127
2016-04-23,0.003540039
2016-04-24,0.0
2016-04-25,0.0
2016-04-26,0.0
2016-04-27,0.0
2016-04-28,0.0
2016-04-29,0.0015869141
2016-04-30,0.0043945312
2016-05-01,0.008117676
2016-05-02,6.1035156e-05
2016-05-03,0.0015869141
2016-05-04,0.0
2016-05-05,0.0
2016-05-06,0.00061035156
2016-05-07,0.00030517578
2016-05-08,0.0
2016-05-09,0.0
2016-05-10,0.0
2016-05-11,0.0
2016-05-12,0.0
2016-05-13,0.0
2016-05-14,0.0
2016-05-15,0.0
2016-05-16,0.0
2016-05-17,0.0
2016-05-18,0.0
2016-05-19,0.0
2016-05-20,0.0
2016-05-21,0.0
2016-05-22,0.0
2016-05-23,0.0
2016-05-24,0.0
2016-05-25,0.0
2016-05-26,0.0
2016-05-27,0.0
2016-05-28,0.0
2016-05-29,0.0
2016-05-30,0.0
2016-05-31,0.0
2016-06-01,0.0
2016-06-02,0.0
2016-06-03,0.0
2016-06-04,0.0
2016-06-05,0.0
2016-06-06,0.0
2016-06-07,0.0
2016-06-08,0.0
2016-06-09,0.0
2016-06-10,0.0
2016-06-11,0.0
2016-06-12,0.0
2016-06-13,0.0
2016-06-14,0.0
2016-06-15,0.0
2016-06-16,0.0
2016-06-17,0.0
2016-06-18,0.0
2016-06-19,0.0
2016-06-20,0.0
2016-06-21,0.0
2016-06-22,0.0
2016-06-23,0.0
2016-06-24,0.0
2016-06-25,0.0
2016-06-26,0.0
2016-06-27,0.0
2016-06-28,0.0
2016-06-29,0.0
2016-06-30,0.0
2016-07-01,0.00024414062
2016-07-02,0.0
2016-07-03,0.0
2016-07-04,0.0
2016-07-05,0.0
2016-07-06,0.0
2016-07-07,0.0
2016-07-08,0.0
2016-07-09,0.0
2016-07-10,0.0
2016-07-11,0.0
2016-07-12,0.0
2016-07-13,0.0
2016-07-14,0.0
2016-07-15,0.0
2016-07-16,0.0
2016-07-17,0.0
2016-07-18,0.0
2016-07-19,0.0
2016-07-20,0.0
2016-07-21,0.0
2016-07-22,0.0
2016-07-23,0.0
2016-07-24,0.0
2016-07-25,0.0
2016-07-26,0.0
2016-07-27,0.0
2016-07-28,0.0
2016-07-29,0.0
2016-07-30,0.0
2016-07-31,0.0
2016-08-01,0.0
2016-08-02,0.0
2016-08-03,0.0
2016-08-04,0.0
2016-08-05,0.0
2016-08-06,0.0
2016-08-07,0.0
2016-08-08,0.0
2016-08-09,0.0
2016-08-10,0.0
2016-08-11,0.0
2016-08-12,0.0
2016-08-13,0.0
2016-08-14,0.0
2016-08-15,0.0
2016-08-16,0.0
2016-08-17,0.0
2016-08-18,0.0
2016-08-19,0.0
2016-08-20,0.0
2016-08-21,0.0
2016-08-22,0.0
2016-08-23,0.0
2016-08-24,0.0
2016-08-25,0.0
2016-08-26,0.0
2016-08-27,0.0
2016-08-28,0.0
2016-08-29,0.0
2016-08-30,0.0
2016-08-31,0.0
2016-09-01,0.0
2016-09-02,0.0
2016-09-03,0.0
2016-09-04,0.0
2016-09-05,0.0
2016-09-06,0.0
2016-09-07,0.0
2016-09-08,0.0
2016-09-09,0.0
2016-09-10,0.0
2016-09-11,0.0
2016-09-12,0.00036621094
2016-09-13,0.00036621094
2016-09-14,0.0
2016-09-15,0.003479004
2016-09-16,0.0095825195
2016-09-17,0.0
2016-09-18,0.011108398
2016-09-19,0.00030517578
2016-09-20,6.1035156e-05
2016-09-21,0.0
2016-09-22,0.0
2016-09-23,0.0
2016-09-24,0.0
2016-09-25,6.1035156e-05
2016-09-26,0.0
2016-09-27,0.0013427734
2016-09-28,0.0026855469
2016-09-29,0.0051879883
2016-09-30,6.1035156e-05
2016-10-01,0.011291504
2016-10-02,0.021911621
2016-10-03,0.068603516
2016-10-04,0.034606934
2016-10-05,0.034118652
2016-10-06,0.055236816
2016-10-07,0.25299072
2016-10-08,0.20477295
2016-10-09,0.14898682
2016-10-10,0.29473877
2016-10-11,0.028869629
2016-10-12,0.0006713867
2016-10-13,0.00036621094
2016-10-14,0.0
2016-10-15,0.00036621094
2016-10-16,0.0016479492
2016-10-17,6.1035156e-05
2016-10-18,6.1035156e-05
2016-10-19,0.09539795
2016-10-20,0.053771973
2016-10-21,0.015930176
2016-10-22,0.025634766
2016-10-23,0.014892578
2016-10-24,0.09429932
2016-10-25,0.24359131
2016-10-26,0.26098633
2016-10-27,0.203125
2016-10-28,0.09075928
2016-10-29,0.2841797
2016-10-30,0.101257324
2016-10-31,0.0803833
2016-11-01,0.007751465
2016-11-02,0.49291992
2016-11-03,0.68652344
2016-11-04,0.9251709
2016-11-05,1.5549316
2016-11-06,0.66729736
2016-11-07,1.9971924
2016-11-08,0.42468262
2016-11-09,0.72265625
2016-11-10,0.74938965
2016-11-11,0.6046753
2016-11-12,1.0997314
2016-11-13,0.70092773
2016-11-14,0.89331055
2016-11-15,0.30578613
2016-11-16,0.5409546
2016-11-17,0.5437012
2016-11-18,0.22912598
2016-11-19,0.42114258
2016-11-20,1.7141724
2016-11-21,0.9337158
2016-11-22,2.0463867
2016-11-23,2.3703613
2016-11-24,1.7528076
2016-11-25,0.93548584
2016-11-26,0.24334717
2016-11-27,0.03955078
2016-11-28,0.021057129
2016-11-29,0.8777466
2016-11-30,1.7357178
2016-12-01,1.171814
2016-12-02,0.1609497
2016-12-03,0.4085083
2016-12-04,0.7753906
2016-12-05,0.5667114
2016-12-06,0.8601074
2016-12-07,1.6167603
2016-12-08,1.0181274
2016-12-09,1.5130005
2016-12-10,2.2001953
2016-12-11,1.8475342
2016-12-12,1.928894
2016-12-13,2.6151123
2016-12-14,2.9728394
2016-12-15,1.2463379
2016-12-16,0.6519165
2016-12-17,1.9613647
2016-12-18,2.5922852
2016-12-19,2.3457642
2016-12-20,0.87249756
2016-12-21,0.7545166
2016-12-22,2.722168
2016-12-23,1.7623291
2016-12-24,1.6126709
2016-12-25,3.0793457
2016-12-26,1.4256592
2016-12-27,2.2566528
2016-12-28,1.8967285
2016-12-29,1.5281372
2016-12-30,1.7463989
2016-12-31,2.802063
2017-01-01,2.27771
2017-01-02,1.8406372
2017-01-03,2.130188
2017-01-04,2.6542969
2017-01-05,2.7581177
2017-01-06,0.5151367
2017-01-07,0.3287964
2017-01-08,0.10797119
2017-01-09,0.6194458
2017-01-10,0.19689941
2017-01-11,0.4100952
2017-01-12,0.45196533
2017-01-13,0.95562744
2017-01-14,0.24523926
2017-01-15,0.12768555
2017-01-16,0.6503296
2017-01-17,2.6968384
2017-01-18,4.7319336
2017-01-19,2.8554688
2017-01-20,1.4276123
2017-01-21,0.47528076
2017-01-22,2.1693115
2017-01-23,4.493103
2017-01-24,1.4098511
2017-01-25,0.34387207
2017-01-26,0.5852661
2017-01-27,2.795288
2017-01-28,2.057495
2017-01-29,0.56292725
2017-01-30,0.0075683594
2017-01-31,0.037475586
2017-02-01,1.0113525
2017-02-02,1.4581299
2017-02-03,0.20874023
2017-02-04,0.3604126
2017-02-05,0.354187
2017-02-06,1.0603027
2017-02-07,1.5895386
2017-02-08,0.7680664
2017-02-09,1.701355
2017-02-10,1.074646
2017-02-11,2.3792114
2017-02-12,1.8467407
2017-02-13,0.961792
2017-02-14,1.9591064
2017-02-15,4.00177
2017-02-16,4.230835
2017-02-17,1.7988281
2017-02-18,1.2503052
2017-02-19,1.2828369
2017-02-20,1.1171875
2017-02-21,0.2296753
2017-02-22,0.28582764
2017-02-23,0.14013672
2017-02-24,0.068481445
2017-02-25,0.680542
2017-02-26,2.439209
2017-02-27,2.4960938
2017-02-28,4.3792114
2017-03-01,1.6585083
2017-03-02,1.078125
2017-03-03,1.6130981
2017-03-04,1.0926514
2017-03-05,0.46142578
2017-03-06,1.0875244
2017-03-07,4.0039673
2017-03-08,3.3828125
2017-03-09,0.5237427
2017-03-10,2.057495
2017-03-11,1.532959
2017-03-12,0.8149414
2017-03-13,0.73553467
2017-03-14,1.2947388
2017-03-15,1.5789795
2017-03-16,0.9481201
2017-03-17,0.68743896
2017-03-18,0.50097656
2017-03-19,0.10961914
2017-03-20,0.024780273
2017-03-21,0.2000122
2017-03-22,0.50439453
2017-03-23,1.0357056
2017-03-24,1.2565918
2017-03-25,1.1712646
2017-03-26,0.7796631
2017-03-27,1.6170044
2017-03-28,0.90509033
2017-03-29,0.1906128
2017-03-30,0.25769043
2017-03-31,0.11578369
2017-04-01,0.012573242
2017-04-02,0.064697266
2017-04-03,0.019592285
2017-04-04,0.0
2017-04-05,0.0007324219
2017-04-06,0.1184082
2017-04-07,0.69244385
2017-04-08,1.4085693
2017-04-09,0.3550415
2017-04-10,0.10626221
2017-04-11,0.013244629
2017-04-12,0.050231934
2017-04-13,0.07977295
2017-04-14,0.25976562
2017-04-15,0.7097168
2017-04-16,0.0892334
2017-04-17,0.23840332
2017-04-18,0.10333252
2017-04-19,0.19348145
2017-04-20,0.38519287
2017-04-21,0.300354
2017-04-22,1.940979
2017-04-23,0.3040161
2017-04-24,0.16540527
2017-04-25,0.15264893
2017-04-26,0.09112549
2017-04-27,0.0072631836
2017-04-28,0.004272461
2017-04-29,0.007751465
2017-04-30,0.0025634766
2017-05-01,0.00024414062
2017-05-02,0.002380371
2017-05-03,0.023803711
2017-05-04,0.006652832
2017-05-05,0.0
2017-05-06,0.0
2017-05-07,0.0
2017-05-08,0.0
2017-05-09,0.009277344
2017-05-10,0.0056762695
2017-05-11,0.0
2017-05-12,0.0
2017-05-13,0.0
2017-05-14,0.0
2017-05-15,0.0
2017-05-16,0.0
2017-05-17,0.0
2017-05-18,0.0
2017-05-19,0.0
2017-05-20,0.0
2017-05-21,0.0
2017-05-22,0.0
2017-05-23,6.1035156e-05
2017-05-24,0.0
2017-05-25,0.0
2017-05-26,0.0
2017-05-27,0.001159668
2017-05-28,0.00061035156
2017-05-29,0.0016479492
2017-05-30,0.0015258789
2017-05-31,0.0
2017-06-01,0.0
2017-06-02,0.0
2017-06-03,0.0
2017-06-04,0.0
2017-06-05,0.0
2017-06-06,0.0
2017-06-07,0.0
2017-06-08,0.0
2017-06-09,0.0
2017-06-10,0.0
2017-06-11,0.0
2017-06-12,0.0
2017-06-13,0.0
2017-06-14,0.0
2017-06-15,0.0
2017-06-16,0.0
2017-06-17,0.0
2017-06-18,0.0
2017-06-19,0.0
2017-06-20,0.0
2017-06-21,0.0
2017-06-22,0.0
2017-06-23,0.0
2017-06-24,0.0
2017-06-25,0.0
2017-06-26,0.0
2017-06-27,0.0
2017-06-28,0.0
2017-06-29,0.0
2017-06-30,0.0
2017-07-01,0.0
2017-07-02,0.0
2017-07-03,0.0
2017-07-04,0.0
2017-07-05,0.0
2017-07-06,6.1035156e-05
2017-07-07,0.00048828125
2017-07-08,0.0
2017-07-09,0.0
2017-07-10,0.0
2017-07-11,0.0
2017-07-12,0.0
2017-07-13,0.0
2017-07-14,0.0
2017-07-15,0.0
2017-07-16,0.0
2017-07-17,0.0
2017-07-18,0.0
2017-07-19,0.0
2017-07-20,0.0
2017-07-21,0.0
2017-07-22,0.0
2017-07-23,0.0
2017-07-24,0.0
2017-07-25,0.0
2017-07-26,0.0
2017-07-27,0.0
2017-07-28,0.0
2017-07-29,0.0
2017-07-30,0.0
2017-07-31,0.0
2017-08-01,0.0
2017-08-02,0.0
2017-08-03,0.0
2017-08-04,0.0
2017-08-05,0.0
2017-08-06,0.0
2017-08-07,0.0
2017-08-08,0.0
2017-08-09,0.0
2017-08-10,0.0
2017-08-11,0.0
2017-08-12,0.0
2017-08-13,0.0
2017-08-14,0.0
2017-08-15,0.0
2017-08-16,0.0
2017-08-17,0.0
2017-08-18,0.0
2017-08-19,0.0
2017-08-20,0.0
2017-08-21,0.0
2017-08-22,0.0
2017-08-23,0.0
2017-08-24,0.0
2017-08-25,0.0
2017-08-26,0.0
2017-08-27,0.0
2017-08-28,0.0
2017-08-29,0.0
2017-08-30,0.0
2017-08-31,0.0
2017-09-01,0.0
2017-09-02,0.0
2017-09-03,0.00018310547
2017-09-04,0.0
2017-09-05,0.0
2017-09-06,0.0006713867
2017-09-07,0.0
2017-09-08,0.0
2017-09-09,0.0
2017-09-10,0.0
2017-09-11,0.0
2017-09-12,0.0
2017-09-13,0.00030517578
2017-09-14,0.00012207031
2017-09-15,0.0
2017-09-16,0.0
2017-09-17,0.0
2017-09-18,0.0
2017-09-19,0.0
2017-09-20,0.0
2017-09-21,0.0
2017-09-22,0.0
2017-09-23,0.0
2017-09-24,0.0
2017-09-25,0.0
2017-09-26,0.0006713867
2017-09-27,0.107177734
2017-09-28,0.3140869
2017-09-29,0.051086426
2017-09-30,0.049682617
2017-10-01,0.1237793
2017-10-02,0.015075684
2017-10-03,0.0178833
2017-10-04,0.012817383
2017-10-05,0.031555176
2017-10-06,0.7501221
2017-10-07,0.36956787
2017-10-08,0.49005127
2017-10-09,0.08917236
2017-10-10,0.0008544922
2017-10-11,0.002746582
2017-10-12,0.059570312
2017-10-13,0.33477783
2017-10-14,0.2074585
2017-10-15,0.0010375977
2017-10-16,0.0
2017-10-17,6.1035156e-05
2017-10-18,0.0592041
2017-10-19,0.0
2017-10-20,0.017089844
2017-10-21,0.2810669
2017-10-22,0.19146729
2017-10-23,0.16314697
2017-10-24,0.46777344
2017-10-25,0.52667236
2017-10-26,1.0560913
2017-10-27,0.27392578
2017-10-28,0.5128174
2017-10-29,1.468689
2017-10-30,1.5820312
2017-10-31,0.41558838
2017-11-01,1.0258789
2017-11-02,1.739624
2017-11-03,1.2695312
2017-11-04,0.47540283
2017-11-05,0.08483887
2017-11-06,0.15472412
2017-11-07,0.09240723
2017-11-08,0.05731201
2017-11-09,0.21087646
2017-11-10,0.54815674
2017-11-11,0.4196167
2017-11-12,0.19085693
2017-11-13,0.78582764
2017-11-14,0.7623291
2017-11-15,0.014831543
2017-11-16,0.020019531
2017-11-17,0.51898193
2017-11-18,0.21557617
2017-11-19,0.0826416
2017-11-20,0.5482788
2017-11-21,0.84198
2017-11-22,0.5725708
2017-11-23,1.1695557
2017-11-24,1.7722778
2017-11-25,0.42626953
2017-11-26,0.939209
2017-11-27,0.41131592
2017-11-28,0.6561279
2017-11-29,1.095459
2017-11-30,0.07342529
2017-12-01,0.20153809
2017-12-02,0.5092163
2017-12-03,1.329834
2017-12-04,1.3638306
2017-12-05,2.0709229
2017-12-06,1.2003784
2017-12-07,1.7288818
2017-12-08,2.7319946
2017-12-09,1.9086304
2017-12-10,1.4349365
2017-12-11,0.519104
2017-12-12,1.2963867
2017-12-13,1.5523071
2017-12-14,0.42858887
2017-12-15,0.9061279
2017-12-16,2.7523804
2017-12-17,1.2984009
2017-12-18,1.512146
2017-12-19,1.762207
2017-12-20,2.8621826
2017-12-21,2.3181152
2017-12-22,2.4597168
2017-12-23,3.5511475
2017-12-24,4.1361694
2017-12-25,1.1752319
2017-12-26,2.4718018
2017-12-27,2.7017212
2017-12-28,2.7322388
2017-12-29,3.8214722
2017-12-30,1.6008301
2017-12-31,1.2817383
2018-01-01,0.95599365
2018-01-02,0.8156128
2018-01-03,0.5614624
2018-01-04,0.42651367
2018-01-05,0.52948
2018-01-06,0.09082031
2018-01-07,0.029785156
2018-01-08,0.019592285
2018-01-09,0.45196533
2018-01-10,0.72631836
2018-01-11,0.79400635
2018-01-12,0.92071533
2018-01-13,0.6989136
2018-01-14,1.2130127
2018-01-15,0.5606079
2018-01-16,0.5588379
2018-01-17,1.4801025
2018-01-18,2.0673828
2018-01-19,1.2418823
2018-01-20,0.6643677
2018-01-21,0.920166
2018-01-22,1.6748657
2018-01-23,1.8476562
2018-01-24,1.7921753
2018-01-25,1.0390625
2018-01-26,2.369629
2018-01-27,2.6343384
2018-01-28,2.4794312
2018-01-29,3.2922974
2018-01-30,2.7527466
2018-01-31,1.9511719
2018-02-01,2.2815552
2018-02-02,0.90234375
2018-02-03,2.4089355
2018-02-04,2.840332
2018-02-05,2.5656128
2018-02-06,3.1314697
2018-02-07,2.3251343
2018-02-08,2.230774
2018-02-09,0.76782227
2018-02-10,0.4414673
2018-02-11,0.9769287
2018-02-12,0.84552
2018-02-13,1.2554321
2018-02-14,0.9359741
2018-02-15,3.1810303
2018-02-16,1.2496948
2018-02-17,0.42504883
2018-02-18,0.92852783
2018-02-19,1.5090332
2018-02-20,1.6500854
2018-02-21,1.2940674
2018-02-22,2.741516
2018-02-23,2.2983398
2018-02-24,0.5699463
2018-02-25,0.33398438
2018-02-26,0.17132568
2018-02-27,0.0769043
2018-02-28,0.5745239
2018-03-01,0.94329834
2018-03-02,2.90625
2018-03-03,6.6517334
2018-03-04,6.4747925
2018-03-05,1.0004883
2018-03-06,0.19165039
2018-03-07,0.12591553
2018-03-08,0.051574707
2018-03-09,0.36401367
2018-03-10,0.31048584
2018-03-11,0.19616699
2018-03-12,1.0247192
2018-03-13,1.234375
2018-03-14,0.3961792
2018-03-15,2.5422974
2018-03-16,2.1080322
2018-03-17,1.9160767
2018-03-18,2.142456
2018-03-19,1.2418823
2018-03-20,2.8240967
2018-03-21,1.8095093
2018-03-22,1.628418
2018-03-23,2.3556519
2018-03-24,1.2758789
2018-03-25,1.7504883
2018-03-26,1.760498
2018-03-27,2.0425415
2018-03-28,1.7994995
2018-03-29,1.4936523
2018-03-30,1.1123657
2018-03-31,1.9356079
2018-04-01,1.5891113
2018-04-02,0.96710205
2018-04-03,1.9013672
2018-04-04,2.6184082
2018-04-05,2.7589111
2018-04-06,1.8563232
2018-04-07,1.3054199
2018-04-08,1.7442627
2018-04-09,0.96295166
2018-04-10,0.642395
2018-04-11,0.56573486
2018-04-12,0.90441895
2018-04-13,1.4697876
2018-04-14,0.96429443
2018-04-15,0.9768677
2018-04-16,0.96429443
2018-04-17,0.7680054
2018-04-18,0.19390869
2018-04-19,0.01751709
2018-04-20,0.00012207031
2018-04-21,0.0
2018-04-22,0.0004272461
2018-04-23,0.0010986328
2018-04-24,0.0028076172
2018-04-25,0.00024414062
2018-04-26,0.0015869141
2018-04-27,0.0
2018-04-28,0.0
2018-04-29,0.0
2018-04-30,6.1035156e-05
2018-05-01,0.019042969
2018-05-02,0.0028076172
2018-05-03,0.0
2018-05-04,6.1035156e-05
2018-05-05,0.010131836
2018-05-06,0.031433105
2018-05-07,0.00024414062
2018-05-08,0.0005493164
2018-05-09,0.0025024414
2018-05-10,0.0072631836
2018-05-11,0.0034179688
2018-05-12,0.018615723
2018-05-13,0.009887695
2018-05-14,0.004760742
2018-05-15,0.010009766
2018-05-16,0.007873535
2018-05-17,0.0020751953
2018-05-18,0.0
2018-05-19,0.0
2018-05-20,0.0008544922
2018-05-21,0.0041503906
2018-05-22,0.0
2018-05-23,6.1035156e-05
2018-05-24,0.004638672
2018-05-25,0.0053710938
2018-05-26,0.0
2018-05-27,0.0
2018-05-28,0.0
2018-05-29,6.1035156e-05
2018-05-30,0.0
2018-05-31,0.0
2018-06-01,0.0
2018-06-02,0.0
2018-06-03,0.0
2018-06-04,0.0
2018-06-05,0.0
2018-06-06,0.0
2018-06-07,0.0
2018-06-08,0.0
2018-06-09,0.0
2018-06-10,0.0
2018-06-11,0.0
2018-06-12,0.0
2018-06-13,0.0
2018-06-14,0.0
2018-06-15,0.0
2018-06-16,0.0
2018-06-17,0.0
2018-06-18,0.0
2018-06-19,0.0
2018-06-20,0.0
2018-06-21,0.0
2018-06-22,0.0
2018-06-23,0.0
2018-06-24,0.0
2018-06-25,0.0
2018-06-26,0.0
2018-06-27,0.0
2018-06-28,0.0
2018-06-29,0.0
2018-06-30,0.0
2018-07-01,0.0
2018-07-02,0.0
2018-07-03,0.0
2018-07-04,0.0
2018-07-05,0.0
2018-07-06,0.0
2018-07-07,0.0
2018-07-08,0.0025634766
2018-07-09,0.0
2018-07-10,0.00012207031
2018-07-11,0.0004272461
2018-07-12,0.0
2018-07-13,0.0
2018-07-14,0.0
2018-07-15,0.0
2018-07-16,0.0
2018-07-17,0.0
2018-07-18,0.0
2018-07-19,0.0
2018-07-20,0.0
2018-07-21,0.0
2018-07-22,0.0
2018-07-23,0.0
2018-07-24,0.0
2018-07-25,0.0
2018-07-26,0.0
2018-07-27,0.0
2018-07-28,0.0
2018-07-29,0.0
2018-07-30,0.0
2018-07-31,0.0
2018-08-01,0.0
2018-08-02,0.0
2018-08-03,0.0
2018-08-04,0.00091552734
2018-08-05,0.0
2018-08-06,0.0
2018-08-07,0.0
2018-08-08,0.0
2018-08-09,0.0
2018-08-10,0.0
2018-08-11,0.0
2018-08-12,0.0
2018-08-13,0.0
2018-08-14,0.0
2018-08-15,0.0
2018-08-16,0.0
2018-08-17,0.0
2018-08-18,0.0
2018-08-19,0.0
2018-08-20,0.0
2018-08-21,0.0
2018-08-22,0.0
2018-08-23,0.0
2018-08-24,0.0007324219
2018-08-25,0.0017700195
2018-08-26,0.0
2018-08-27,0.0
2018-08-28,0.0
2018-08-29,0.0
2018-08-30,0.0
2018-08-31,0.0
2018-09-01,0.0
2018-09-02,0.0
2018-09-03,0.0
2018-09-04,0.0
2018-09-05,0.00018310547
2018-09-06,0.021484375
2018-09-07,0.056640625
2018-09-08,0.010559082
2018-09-09,0.0087890625
2018-09-10,6.1035156e-05
2018-09-11,0.0
2018-09-12,0.0
2018-09-13,0.0
2018-09-14,0.0006713867
2018-09-15,0.0
2018-09-16,0.0
2018-09-17,0.0
2018-09-18,0.00030517578
2018-09-19,0.0
2018-09-20,0.0
2018-09-21,0.0
2018-09-22,0.0
2018-09-23,0.0
2018-09-24,6.1035156e-05
2018-09-25,0.15216064
2018-09-26,0.18688965
2018-09-27,0.042236328
2018-09-28,0.014831543
2018-09-29,0.007385254
2018-09-30,0.0026245117
2018-10-01,0.015319824
2018-10-02,0.0018310547
2018-10-03,0.0012207031
2018-10-04,0.001159668
2018-10-05,0.0
2018-10-06,0.0016479492
2018-10-07,0.001159668
2018-10-08,0.0
2018-10-09,6.1035156e-05
2018-10-10,0.0
2018-10-11,0.0
2018-10-12,0.0
2018-10-13,0.00030517578
2018-10-14,0.0008544922
2018-10-15,0.0095825195
2018-10-16,0.04284668
2018-10-17,0.018554688
2018-10-18,0.031982422
2018-10-19,0.12664795
2018-10-20,0.17468262
2018-10-21,0.48065186
2018-10-22,0.8031616
2018-10-23,2.5748901
2018-10-24,1.3287964
2018-10-25,1.2018433
2018-10-26,0.30645752
2018-10-27,0.03930664
2018-10-28,0.00061035156
2018-10-29,0.0
2018-10-30,0.054016113
2018-10-31,0.10455322
2018-11-01,0.2163086
2018-11-02,0.00061035156
2018-11-03,0.3102417
2018-11-04,0.84942627
2018-11-05,2.0026855
2018-11-06,0.37457275
2018-11-07,0.033447266
2018-11-08,0.117126465
2018-11-09,0.44482422
2018-11-10,0.00390625
2018-11-11,0.0
2018-11-12,0.00012207031
2018-11-13,0.0
2018-11-14,0.0
2018-11-15,0.0
2018-11-16,0.0
2018-11-17,0.043823242
2018-11-18,0.08459473
2018-11-19,0.47924805
2018-11-20,0.57696533
2018-11-21,1.3301392
2018-11-22,0.63964844
2018-11-23,0.4694214
2018-11-24,0.97998047
2018-11-25,1.7583008
2018-11-26,2.5490112
2018-11-27,1.2908325
2018-11-28,1.0844727
2018-11-29,0.72125244
2018-11-30,1.2130737
2018-12-01,0.5084839
2018-12-02,0.35107422
2018-12-03,0.418396
2018-12-04,0.6001587
2018-12-05,0.739624
2018-12-06,0.7518921
2018-12-07,0.63116455
2018-12-08,0.13470459
2018-12-09,0.17333984
2018-12-10,0.31933594
2018-12-11,0.043395996
2018-12-12,0.0020751953
2018-12-13,0.09448242
2018-12-14,0.007385254
2018-12-15,0.09942627
2018-12-16,0.7581787
2018-12-17,0.6029663
2018-12-18,0.32855225
2018-12-19,0.72436523
2018-12-20,0.98132324
2018-12-21,1.5288086
2018-12-22,0.663147
2018-12-23,0.16290283
2018-12-24,0.37774658
2018-12-25,0.7680664
2018-12-26,1.704773
2018-12-27,1.4068604
2018-12-28,2.2044678
2018-12-29,2.956665
2018-12-30,3.6413574
2018-12-31,4.6673584
2019-01-01,4.0460205
2019-01-02,2.2949219
2019-01-03,3.1566162
2019-01-04,2.421875
2019-01-05,3.1222534
2019-01-06,1.7515869
2019-01-07,2.2688599
2019-01-08,1.767456
2019-01-09,0.45776367
2019-01-10,0.110839844
2019-01-11,0.03564453
2019-01-12,0.0107421875
2019-01-13,0.030761719
2019-01-14,1.9249268
2019-01-15,3.7478638
2019-01-16,0.1586914
2019-01-17,0.053710938
2019-01-18,1.1972656
2019-01-19,2.6323242
2019-01-20,2.169983
2019-01-21,1.2124634
2019-01-22,0.59558105
2019-01-23,0.13995361
2019-01-24,0.23352051
2019-01-25,0.74884033
2019-01-26,0.90423584
2019-01-27,1.027771
2019-01-28,1.8226318
2019-01-29,2.6063232
2019-01-30,1.0455322
2019-01-31,0.9071655
2019-02-01,1.4539185
2019-02-02,1.1132202
2019-02-03,1.1360474
2019-02-04,2.1325073
2019-02-05,2.328186
2019-02-06,1.9239502
2019-02-07,0.54852295
2019-02-08,0.27819824
2019-02-09,1.8239136
2019-02-10,4.6568604
2019-02-11,3.756897
2019-02-12,2.4353638
2019-02-13,0.13378906
2019-02-14,0.14642334
2019-02-15,0.18847656
2019-02-16,0.0
2019-02-17,0.032348633
2019-02-18,0.36810303
2019-02-19,0.4020996
2019-02-20,0.08526611
2019-02-21,0.030700684
2019-02-22,0.047668457
2019-02-23,0.30023193
2019-02-24,0.015686035
2019-02-25,0.4140625
2019-02-26,0.51867676
2019-02-27,0.32495117
2019-02-28,0.7286377
2019-03-01,1.2206421
2019-03-02,0.39074707
2019-03-03,0.34661865
2019-03-04,0.23706055
2019-03-05,1.0935669
2019-03-06,1.7783813
2019-03-07,0.39190674
2019-03-08,0.8538208
2019-03-09,0.9047241
2019-03-10,1.0101318
2019-03-11,1.2403564
2019-03-12,1.4779663
2019-03-13,1.4842529
2019-03-14,0.3760376
2019-03-15,0.18304443
2019-03-16,0.087768555
2019-03-17,0.22259521
2019-03-18,0.10473633
2019-03-19,0.093688965
2019-03-20,0.1652832
2019-03-21,0.11834717
2019-03-22,0.054992676
2019-03-23,0.1508789
2019-03-24,0.016845703
2019-03-25,0.014953613
2019-03-26,0.22076416
2019-03-27,0.35882568
2019-03-28,0.11407471
2019-03-29,0.20184326
2019-03-30,0.03845215
2019-03-31,0.0020751953
2019-04-01,0.00579834
2019-04-02,0.0059814453
2019-04-03,0.0030517578
2019-04-04,0.014892578
2019-04-05,0.3017578
2019-04-06,0.81256104
2019-04-07,0.98968506
2019-04-08,1.1222534
2019-04-09,0.47320557
2019-04-10,1.005188
2019-04-11,0.7149658
2019-04-12,1.0198364
2019-04-13,0.1876831
2019-04-14,0.056152344
2019-04-15,0.034057617
2019-04-16,0.1529541
2019-04-17,1.1472168
2019-04-18,0.16271973
2019-04-19,0.3616333
2019-04-20,0.4777832
2019-04-21,0.6906128
2019-04-22,1.0906982
2019-04-23,0.4769287
2019-04-24,0.23327637
2019-04-25,0.22290039
2019-04-26,0.15319824
2019-04-27,0.0178833
2019-04-28,0.0
2019-04-29,0.0
2019-04-30,0.0
2019-05-01,0.0
2019-05-02,0.0021972656
2019-05-03,0.0
2019-05-04,0.0
2019-05-05,0.0
2019-05-06,0.0
2019-05-07,0.0008544922
2019-05-08,0.0
2019-05-09,0.0
2019-05-10,0.0
2019-05-11,0.0
2019-05-12,0.0
2019-05-13,0.0053100586
2019-05-14,0.0014648438
2019-05-15,0.0
2019-05-16,0.0
2019-05-17,0.0
2019-05-18,0.0
2019-05-19,0.0
2019-05-20,0.0
2019-05-21,0.0
2019-05-22,0.0
2019-05-23,0.005554199
2019-05-24,0.0029296875
2019-05-25,0.0
2019-05-26,0.0
2019-05-27,0.0
2019-05-28,0.0
2019-05-29,0.0
2019-05-30,0.0
2019-05-31,0.0
2019-06-01,0.0
2019-06-02,0.0
2019-06-03,0.0
2019-06-04,0.0
2019-06-05,0.0
2019-06-06,0.0
2019-06-07,0.0
2019-06-08,0.0
2019-06-09,0.0
2019-06-10,0.0
2019-06-11,0.0
2019-06-12,0.0
2019-06-13,0.0
2019-06-14,0.0
2019-06-15,0.0
2019-06-16,0.0
2019-06-17,0.0
2019-06-18,0.0
2019-06-19,0.0
2019-06-20,0.0
2019-06-21,0.0
2019-06-22,0.0
2019-06-23,0.0
2019-06-24,0.0
2019-06-25,0.0
2019-06-26,0.0
2019-06-27,0.0
2019-06-28,0.0
2019-06-29,0.0
2019-06-30,0.0
2019-07-01,0.0
2019-07-02,0.0
2019-07-03,0.0
2019-07-04,0.0
2019-07-05,0.0
2019-07-06,0.0
2019-07-07,0.0
2019-07-08,0.0
2019-07-09,0.0
2019-07-10,0.0
2019-07-11,0.0
2019-07-12,0.0
2019-07-13,0.0
2019-07-14,0.0
2019-07-15,0.0
2019-07-16,0.0
2019-07-17,0.0
2019-07-18,0.0
2019-07-19,0.0
2019-07-20,0.0
2019-07-21,0.0
2019-07-22,0.0
2019-07-23,0.0
2019-07-24,0.0
2019-07-25,0.0
2019-07-26,0.0
2019-07-27,0.0
2019-07-28,0.0
2019-07-29,0.0
2019-07-30,0.0
2019-07-31,0.0
2019-08-01,0.0
2019-08-02,0.0
2019-08-03,0.0
2019-08-04,0.0
2019-08-05,0.0033569336
2019-08-06,0.00079345703
2019-08-07,0.00012207031
2019-08-08,0.0
2019-08-09,0.0
2019-08-10,0.0
2019-08-11,0.0
2019-08-12,0.0
2019-08-13,0.0
2019-08-14,0.0
2019-08-15,0.0
2019-08-16,0.0
2019-08-17,0.0
2019-08-18,0.0
2019-08-19,0.0
2019-08-20,0.0
2019-08-21,0.0
2019-08-22,0.0
2019-08-23,0.0
2019-08-24,0.0
2019-08-25,0.0
2019-08-26,0.0
2019-08-27,0.0
2019-08-28,0.0
2019-08-29,6.1035156e-05
2019-08-30,0.0
2019-08-31,0.0
2019-09-01,6.1035156e-05
2019-09-02,0.0
2019-09-03,0.0
2019-09-04,0.0
2019-09-05,0.0
2019-09-06,0.0
2019-09-07,0.0
2019-09-08,0.0
2019-09-09,0.0
2019-09-10,0.0
2019-09-11,0.0
2019-09-12,0.0
2019-09-13,0.0
2019-09-14,0.0
2019-09-15,0.0
2019-09-16,0.00030517578
2019-09-17,0.00018310547
2019-09-18,6.1035156e-05
2019-09-19,0.0
2019-09-20,0.0
2019-09-21,0.0
2019-09-22,0.0026855469
2019-09-23,0.001953125
2019-09-24,6.1035156e-05
2019-09-25,6.1035156e-05
2019-09-26,0.0010986328
2019-09-27,0.002319336
2019-09-28,0.0
2019-09-29,0.0
2019-09-30,0.0
2019-10-01,6.1035156e-05
2019-10-02,0.0007324219
2019-10-03,0.0008544922
2019-10-04,0.04510498
2019-10-05,0.080200195
2019-10-06,0.02935791
2019-10-07,0.02960205
2019-10-08,0.054870605
2019-10-09,0.5255127
2019-10-10,0.91503906
2019-10-11,0.309021
2019-10-12,0.8390503
2019-10-13,0.86364746
2019-10-14,1.1003418
2019-10-15,0.41845703
2019-10-16,0.00079345703
2019-10-17,0.0
2019-10-18,0.006286621
2019-10-19,0.0
2019-10-20,6.1035156e-05
2019-10-21,0.0012207031
2019-10-22,0.0029296875
2019-10-23,0.01373291
2019-10-24,0.3892212
2019-10-25,0.18902588
2019-10-26,0.26416016
2019-10-27,0.028747559
2019-10-28,0.23937988
2019-10-29,0.32421875
2019-10-30,0.58758545
2019-10-31,0.39868164
2019-11-01,0.20831299
2019-11-02,0.19476318
2019-11-03,0.37304688
2019-11-04,0.73291016
2019-11-05,0.62939453
2019-11-06,0.6435547
2019-11-07,1.0118408
2019-11-08,0.5585327
2019-11-09,0.5065918
2019-11-10,1.0422974
2019-11-11,0.8841553
2019-11-12,1.3547363
2019-11-13,0.6116333
2019-11-14,0.6470947
2019-11-15,0.5270996
2019-11-16,0.15814209
2019-11-17,0.014221191
2019-11-18,0.0008544922
2019-11-19,0.00030517578
2019-11-20,0.029174805
2019-11-21,0.034179688
2019-11-22,0.018371582
2019-11-23,0.12854004
2019-11-24,0.506958
2019-11-25,0.20019531
2019-11-26,0.50567627
2019-11-27,1.0344238
2019-11-28,1.0809326
2019-11-29,1.1749268
2019-11-30,1.9298096
2019-12-01,2.211792
2019-12-02,2.1781616
2019-12-03,3.578125
2019-12-04,4.6983643
2019-12-05,3.0385742
2019-12-06,0.85375977
2019-12-07,0.98553467
2019-12-08,0.6967163
2019-12-09,0.013122559
2019-12-10,0.0010375977
2019-12-11,0.0
2019-12-12,0.00018310547
2019-12-13,0.22406006
2019-12-14,0.6168823
2019-12-15,0.39178467
2019-12-16,0.6887207
2019-12-17,1.7529297
2019-12-18,1.3444824
2019-12-19,1.7623291
2019-12-20,1.6227417
2019-12-21,1.473938
2019-12-22,0.9182129
2019-12-23,0.4570923
2019-12-24,0.48968506
2019-12-25,0.4366455
2019-12-26,1.6142578
2019-12-27,2.1517334
2019-12-28,2.7576294
2019-12-29,3.0495605
2019-12-30,2.998169
2019-12-31,2.0629883
2020-01-01,1.8717041
2020-01-02,3.0061646
2020-01-03,3.0439453
2020-01-04,3.4190674
2020-01-05,2.4520874
2020-01-06,2.1086426
2020-01-07,2.1498413
2020-01-08,2.6103516
2020-01-09,1.5875244
2020-01-10,3.4070435
2020-01-11,4.614441
2020-01-12,1.4596558
2020-01-13,2.5233765
2020-01-14,3.3640137
2020-01-15,1.810669
2020-01-16,1.0927734
2020-01-17,0.5523071
2020-01-18,0.39337158
2020-01-19,0.3791504
2020-01-20,0.43688965
2020-01-21,1.2623291
2020-01-22,1.2962036
2020-01-23,1.2002563
2020-01-24,1.2007446
2020-01-25,1.0600586
2020-01-26,1.7114868
2020-01-27,1.7045898
2020-01-28,1.416748
2020-01-29,2.373413
2020-01-30,2.5637817
2020-01-31,2.2635498
2020-02-01,2.6784058
2020-02-02,2.479065
2020-02-03,1.9036865
2020-02-04,2.1862183
2020-02-05,3.0304565
2020-02-06,2.1201782
2020-02-07,3.1306152
2020-02-08,2.263916
2020-02-09,0.92974854
2020-02-10,1.4110718
2020-02-11,0.6870117
2020-02-12,0.22167969
2020-02-13,0.27844238
2020-02-14,0.51727295
2020-02-15,1.9730835
2020-02-16,7.7183228
2020-02-17,1.0227051
2020-02-18,1.6098022
2020-02-19,3.338745
2020-02-20,2.2225952
2020-02-21,0.795105
2020-02-22,1.2354126
2020-02-23,3.4622803
2020-02-24,2.7270508
2020-02-25,1.3515625
2020-02-26,3.4954834
2020-02-27,4.8950195
2020-02-28,2.4766846
2020-02-29,1.1000366
2020-03-01,0.059570312
2020-03-02,0.4031372
2020-03-03,0.25738525
2020-03-04,0.26159668
2020-03-05,0.33843994
2020-03-06,0.3814087
2020-03-07,0.2588501
2020-03-08,0.17340088
2020-03-09,0.35211182
2020-03-10,0.59381104
2020-03-11,1.5761108
2020-03-12,1.1934204
2020-03-13,0.97924805
2020-03-14,1.7012329
2020-03-15,2.1936646
2020-03-16,2.661499
2020-03-17,3.9203491
2020-03-18,3.3293457
2020-03-19,1.7315063
2020-03-20,0.6799927
2020-03-21,0.6269531
2020-03-22,1.5297852
2020-03-23,1.7027588
2020-03-24,3.0430908
2020-03-25,2.208252
2020-03-26,2.8880005
2020-03-27,2.2854614
2020-03-28,2.729248
2020-03-29,2.7849731
2020-03-30,1.7188721
2020-03-31,0.90423584
2020-04-01,0.6878662
2020-04-02,2.8391113
2020-04-03,2.4786377
2020-04-04,0.8171997
2020-04-05,0.4543457
2020-04-06,0.06903076
2020-04-07,0.3701172
2020-04-08,0.19708252
2020-04-09,0.2654419
2020-04-10,1.0869141
2020-04-11,0.8625488
2020-04-12,0.3328247
2020-04-13,0.21557617
2020-04-14,0.11505127
2020-04-15,0.13909912
2020-04-16,0.12841797
2020-04-17,0.31445312
2020-04-18,0.1519165
2020-04-19,0.11395264
2020-04-20,0.01574707
2020-04-21,0.004272461
2020-04-22,0.0014038086
2020-04-23,0.0
2020-04-24,0.0
2020-04-25,0.0
2020-04-26,0.0
2020-04-27,0.0
2020-04-28,0.0
2020-04-29,0.0
2020-04-30,0.0
2020-05-01,0.00024414062
2020-05-02,0.0
2020-05-03,0.0
2020-05-04,0.0
2020-05-05,0.00012207031
2020-05-06,0.00018310547
2020-05-07,0.0
2020-05-08,0.0
2020-05-09,0.0
2020-05-10,0.0016479492
2020-05-11,0.0
2020-05-12,0.0
2020-05-13,0.0
2020-05-14,0.0
2020-05-15,0.0
2020-05-16,0.0
2020-05-17,0.0
2020-05-18,0.0
2020-05-19,0.0
2020-05-20,0.0
2020-05-21,0.0
2020-05-22,0.0
2020-05-23,0.0
2020-05-24,0.0
2020-05-25,0.0
2020-05-26,0.0
2020-05-27,0.0
2020-05-28,0.0
2020-05-29,0.0
2020-05-30,0.0
2020-05-31,0.0
2020-06-01,0.0
2020-06-02,0.0
2020-06-03,0.0
2020-06-04,0.0
2020-06-05,0.0
2020-06-06,0.0
2020-06-07,0.0
2020-06-08,0.0
2020-06-09,0.0
2020-06-10,0.0
2020-06-11,0.0
2020-06-12,0.0
2020-06-13,0.0
2020-06-14,0.0
2020-06-15,0.0
2020-06-16,0.0
2020-06-17,0.0
2020-06-18,0.0
2020-06-19,0.0
2020-06-20,0.0
2020-06-21,0.0
2020-06-22,0.0
2020-06-23,0.0
2020-06-24,0.0
2020-06-25,0.0
2020-06-26,0.0
2020-06-27,0.0
2020-06-28,0.0
2020-06-29,0.0
2020-06-30,0.0
2020-07-01,0.0
2020-07-02,0.0
2020-07-03,0.0
2020-07-04,0.0
2020-07-05,0.0
2020-07-06,0.0
2020-07-07,0.0
2020-07-08,0.0
2020-07-09,0.0
2020-07-10,0.0
2020-07-11,0.0
2020-07-12,0.0
2020-07-13,0.0
2020-07-14,0.0
2020-07-15,0.0
2020-07-16,0.0
2020-07-17,0.0
2020-07-18,0.0
2020-07-19,0.0
2020-07-20,0.0
2020-07-21,0.0
2020-07-22,0.0
2020-07-23,0.0
2020-07-24,0.0
2020-07-25,0.0
2020-07-26,0.0
2020-07-27,0.0
2020-07-28,0.0
2020-07-29,0.0
2020-07-30,0.0
2020-07-31,0.0
2020-08-01,0.0
2020-08-02,0.0
2020-08-03,0.0
2020-08-04,0.0
2020-08-05,0.0
2020-08-06,0.0
2020-08-07,0.0
2020-08-08,0.0
2020-08-09,0.0
2020-08-10,0.0
2020-08-11,0.0
2020-08-12,0.0
2020-08-13,0.0
2020-08-14,0.0
2020-08-15,0.0
2020-08-16,0.0
2020-08-17,0.0
2020-08-18,0.0
2020-08-19,0.0
2020-08-20,0.0
2020-08-21,0.0
2020-08-22,0.0
2020-08-23,0.00024414062
2020-08-24,0.0
2020-08-25,0.0
2020-08-26,0.0
2020-08-27,0.0
2020-08-28,0.0
2020-08-29,0.0010986328
2020-08-30,0.30407715
2020-08-31,0.14904785
2020-09-01,0.0087890625
2020-09-02,0.103759766
2020-09-03,0.00061035156
2020-09-04,0.0
2020-09-05,0.0
2020-09-06,0.0
2020-09-07,0.0
2020-09-08,0.0
2020-09-09,0.0
2020-09-10,0.0
2020-09-11,0.0
2020-09-12,0.0
2020-09-13,0.0
2020-09-14,0.0
2020-09-15,0.0
2020-09-16,0.0
2020-09-17,0.0026245117
2020-09-18,0.05987549
2020-09-19,0.00018310547
2020-09-20,0.0
2020-09-21,0.0
2020-09-22,0.00061035156
2020-09-23,0.0
2020-09-24,0.0
2020-09-25,0.0
2020-09-26,0.0
2020-09-27,0.0
2020-09-28,0.0037841797
2020-09-29,0.0037231445
2020-09-30,0.05670166
2020-10-01,0.113464355
2020-10-02,0.39935303
2020-10-03,0.23529053
2020-10-04,0.020629883
2020-10-05,0.00024414062
2020-10-06,0.0026855469
2020-10-07,0.012756348
2020-10-08,0.00012207031
2020-10-09,0.0
2020-10-10,0.0
2020-10-11,0.0
2020-10-12,0.00012207031
2020-10-13,0.07232666
2020-10-14,0.17468262
2020-10-15,0.80145264
2020-10-16,0.47851562
2020-10-17,0.0032958984
2020-10-18,0.00079345703
2020-10-19,0.0
2020-10-20,0.0
2020-10-21,0.0024414062
2020-10-22,0.048706055
2020-10-23,0.0031738281
2020-10-24,0.0
2020-10-25,6.1035156e-05
2020-10-26,0.0015869141
2020-10-27,0.009094238
2020-10-28,0.38684082
2020-10-29,0.30114746
2020-10-30,0.8456421
2020-10-31,0.5125122
2020-11-01,0.037109375
2020-11-02,0.24639893
2020-11-03,0.5053711
2020-11-04,0.08880615
2020-11-05,0.0871582
2020-11-06,0.008117676
2020-11-07,0.037597656
2020-11-08,0.3225708
2020-11-09,0.12884521
2020-11-10,0.22991943
2020-11-11,0.7418823
2020-11-12,2.6576538
2020-11-13,2.130005
2020-11-14,3.7972412
2020-11-15,1.5515747
2020-11-16,2.2468872
2020-11-17,1.9604492
2020-11-18,1.5058594
2020-11-19,2.192749
2020-11-20,2.6072998
2020-11-21,2.6419678
2020-11-22,1.4359741
2020-11-23,1.888916
2020-11-24,0.94000244
2020-11-25,0.24377441
2020-11-26,1.4638062
2020-11-27,0.8358154
2020-11-28,2.4192505
2020-11-29,2.8094482
2020-11-30,2.1281128
2020-12-01,0.4973755
2020-12-02,0.1786499
2020-12-03,0.26135254
2020-12-04,0.42797852
2020-12-05,0.17382812
2020-12-06,0.18164062
2020-12-07,0.25738525
2020-12-08,0.06842041
2020-12-09,0.447937
2020-12-10,0.31365967
2020-12-11,0.06878662
2020-12-12,0.12176514
2020-12-13,0.37219238
2020-12-14,0.32348633
2020-12-15,0.53338623
2020-12-16,0.19396973
2020-12-17,0.18981934
2020-12-18,0.20794678
2020-12-19,0.1484375
2020-12-20,1.7243652
2020-12-21,0.56481934
2020-12-22,0.12762451
2020-12-23,1.645813
2020-12-24,2.3138428
2020-12-25,1.0111694
2020-12-26,2.9330444
2020-12-27,2.2460327
2020-12-28,3.4707642
2020-12-29,2.0336914
2020-12-30,4.463867
2020-12-31,4.5527954
2021-01-01,2.9196777
2021-01-02,1.3534546
2021-01-03,1.3873901
2021-01-04,0.5606079
2021-01-05,0.3894043
2021-01-06,0.20227051
2021-01-07,2.3309326
2021-01-08,2.5838013
2021-01-09,1.5390625
2021-01-10,1.321167
2021-01-11,1.2871094
2021-01-12,0.90545654
2021-01-13,1.2853394
2021-01-14,0.74139404
2021-01-15,0.23925781
2021-01-16,0.04711914
2021-01-17,0.6814575
2021-01-18,0.53692627
2021-01-19,0.802063
2021-01-20,1.5317993
2021-01-21,1.0453491
2021-01-22,0.4890747
2021-01-23,0.49676514
2021-01-24,1.5127563
2021-01-25,1.3673096
2021-01-26,1.7434692
2021-01-27,3.3687744
2021-01-28,3.8828125
2021-01-29,3.9178467
2021-01-30,0.7214966
2021-01-31,3.5217285
2021-02-01,3.0093994
2021-02-02,0.66729736
2021-02-03,0.43579102
2021-02-04,0.051452637
2021-02-05,0.19537354
2021-02-06,1.4267578
2021-02-07,1.9258423
2021-02-08,1.769043
2021-02-09,1.71698
2021-02-10,1.9281006
2021-02-11,1.2744141
2021-02-12,0.2562256
2021-02-13,0.03894043
2021-02-14,0.00036621094
2021-02-15,0.050964355
2021-02-16,0.02722168
2021-02-17,0.1237793
2021-02-18,0.2738037
2021-02-19,1.9677124
2021-02-20,6.838745
2021-02-21,4.647705
2021-02-22,0.4086914
2021-02-23,0.13366699
2021-02-24,2.0670166
2021-02-25,4.164795
2021-02-26,3.723755
2021-02-27,0.25500488
2021-02-28,0.21765137
2021-03-01,0.09094238
2021-03-02,0.07312012
2021-03-03,0.16607666
2021-03-04,0.20324707
2021-03-05,0.34899902
2021-03-06,0.120788574
2021-03-07,0.020751953
2021-03-08,0.035949707
2021-03-09,0.10266113
2021-03-10,0.16760254
2021-03-11,0.40130615
2021-03-12,0.17230225
2021-03-13,0.67578125
2021-03-14,0.7441406
2021-03-15,2.0150146
2021-03-16,2.7497559
2021-03-17,2.2295532
2021-03-18,2.2108154
2021-03-19,2.6367188
2021-03-20,2.303711
2021-03-21,2.496338
2021-03-22,2.1210327
2021-03-23,0.8101196
2021-03-24,2.9127808
2021-03-25,2.4820557
2021-03-26,3.0557861
2021-03-27,2.4176025
2021-03-28,1.2977905
2021-03-29,1.1676025
2021-03-30,2.2852783
2021-03-31,1.3619995
2021-04-01,1.6333618
2021-04-02,0.9660034
2021-04-03,0.044189453
2021-04-04,0.0
2021-04-05,0.00024414062
2021-04-06,0.0064086914
2021-04-07,0.0063476562
2021-04-08,0.015808105
2021-04-09,0.0004272461
2021-04-10,0.0075683594
2021-04-11,0.011474609
2021-04-12,0.00048828125
2021-04-13,0.004211426
2021-04-14,0.030395508
2021-04-15,0.25628662
2021-04-16,0.009887695
2021-04-17,0.012023926
2021-04-18,0.036132812
2021-04-19,0.00024414062
2021-04-20,0.0026855469
2021-04-21,0.0
2021-04-22,0.018737793
2021-04-23,0.00012207031
2021-04-24,0.0
2021-04-25,0.0044555664
2021-04-26,0.00018310547
2021-04-27,0.0067749023
2021-04-28,0.007446289
2021-04-29,0.05206299
2021-04-30,0.76031494
2021-05-01,0.63220215
2021-05-02,1.2799683
2021-05-03,0.53125
2021-05-04,0.047180176
2021-05-05,0.09765625
2021-05-06,0.48718262
2021-05-07,0.12084961
2021-05-08,0.013977051
2021-05-09,0.0
2021-05-10,0.0
2021-05-11,0.0
2021-05-12,0.0
2021-05-13,0.0
2021-05-14,0.0
2021-05-15,0.0
2021-05-16,0.0
2021-05-17,0.0
2021-05-18,0.0
2021-05-19,0.0
2021-05-20,0.0
2021-05-21,0.0
2021-05-22,0.0
2021-05-23,0.0
2021-05-24,0.0
2021-05-25,0.0
2021-05-26,0.0
