water_level,volume_mcm
1.78,0.001981263
1.79,0.059259216
1.80,0.116598169
1.81,0.173998123
1.82,0.231459078
1.83,0.288981034
1.84,0.346563991
1.85,0.404207948
1.86,0.461912906
1.87,0.519678865
1.88,0.577505825
1.89,0.635393786
1.90,0.693342747
1.91,0.751352709
1.92,0.809423672
1.93,0.867555636
1.94,0.9257486
1.95,0.984002565
1.96,1.042317531
1.97,1.100693498
1.98,1.159130466
1.99,1.217628434
2.00,1.276187403
2.01,1.334807373
2.02,1.393488344
2.03,1.452230316
2.04,1.511033288
2.05,1.569897261
2.06,1.628822235
2.07,1.687808209
2.08,1.746855185
2.09,1.805963161
2.10,1.865132138
2.11,1.924362116
2.12,1.983653094
2.13,2.043005074
2.14,2.102418054
2.15,2.161892035
2.16,2.221427017
2.17,2.281022999
2.18,2.340679982
2.19,2.400397966
2.20,2.460176951
2.21,2.520016937
2.22,2.579917923
2.23,2.639879911
2.24,2.699902899
2.25,2.759986887
2.26,2.820131877
2.27,2.880337867
2.28,2.940604858
2.29,3.00093285
2.30,3.061321843
2.31,3.121771837
2.32,3.182282831
2.33,3.242854826
2.34,3.303487822
2.35,3.364181818
2.36,3.424936816
2.37,3.485752814
2.38,3.546629813
2.39,3.607567813
2.40,3.668566813
2.41,3.729626815
2.42,3.790747817
2.43,3.85192982
2.44,3.913172823
2.45,3.974476828
2.46,4.035841833
2.47,4.097267839
2.48,4.158754846
2.49,4.220302853
2.50,4.281911862
2.51,4.343581871
2.52,4.405312881
2.53,4.467104892
2.54,4.528957903
2.55,4.590871916
2.56,4.652846929
2.57,4.714882943
2.58,4.776979957
2.59,4.839137973
2.60,4.901356989
2.61,4.963637006
2.62,5.025978024
2.63,5.088380042
2.64,5.150843062
2.65,5.213367082
2.66,5.275952103
2.67,5.338598125
2.68,5.401305147
2.69,5.46407317
2.70,5.526902194
2.71,5.589792219
2.72,5.652743245
2.73,5.715755271
2.74,5.778828299
2.75,5.841962327
2.76,5.905157355
2.77,5.968413385
2.78,6.031730415
2.79,6.095108447
2.80,6.158547478
2.81,6.222047511
2.82,6.285608545
2.83,6.349230579
2.84,6.412913614
2.85,6.47665765
2.86,6.540462687
2.87,6.604328724
2.88,6.668255762
2.89,6.732243801
2.90,6.796292841
2.91,6.860402881
2.92,6.924573923
2.93,6.988805965
2.94,7.053099008
2.95,7.117453052
2.96,7.181868096
2.97,7.246344141
2.98,7.310881187
2.99,7.375479234
3.00,7.440138282
3.01,7.50485833
3.02,7.569639379
3.03,7.634481429
3.04,7.69938448
3.05,7.764348532
3.06,7.829373584
3.07,7.894459637
3.08,7.959606691
3.09,8.024814746
3.10,8.090083801
3.11,8.155413857
3.12,8.220804915
3.13,8.286256972
3.14,8.351770031
3.15,8.41734409
3.16,8.482979151
3.17,8.548675211
3.18,8.614432273
3.19,8.680250336
3.20,8.746129399
3.21,8.812069463
3.22,8.878070528
3.23,8.944132594
3.24,9.01025566
3.25,9.076439727
3.26,9.142684795
3.27,9.208990864
3.28,9.275357934
3.29,9.341786004
3.30,9.408275075
3.31,9.474825147
3.32,9.54143622
3.33,9.608108294
3.34,9.674841368
3.35,9.741635443
3.36,9.808490519
3.37,9.875406595
3.38,9.942383673
3.39,10.00942175
3.40,10.07652083
3.41,10.14368091
3.42,10.21090199
3.43,10.27818407
3.44,10.34552715
3.45,10.41293124
3.46,10.48039632
3.47,10.54792241
3.48,10.61550949
3.49,10.68315758
3.50,10.75086666
3.51,10.81863675
3.52,10.88646784
3.53,10.95435993
3.54,11.02231302
3.55,11.09032711
3.56,11.1584022
3.57,11.22653829
3.58,11.29473539
3.59,11.36299348
3.60,11.43131258
3.61,11.49969267
3.62,11.56813377
3.63,11.63663586
3.64,11.70519896
3.65,11.77382306
3.66,11.84250816
3.67,11.91125426
3.68,11.98006136
3.69,12.04892946
3.70,12.11785857
3.71,12.18684867
3.72,12.25589977
3.73,12.32501188
3.74,12.39418498
3.75,12.46341909
3.76,12.5327142
3.77,12.6020703
3.78,12.67148741
3.79,12.74096552
3.80,12.81050463
3.81,12.88010474
3.82,12.94976586
3.83,13.01948797
3.84,13.08927108
3.85,13.1591152
3.86,13.22902031
3.87,13.29898643
3.88,13.36901355
3.89,13.43910166
3.90,13.50925078
3.91,13.5794609
3.92,13.64973202
3.93,13.72006414
3.94,13.79045726
3.95,13.86091138
3.96,13.93142651
3.97,14.00200263
3.98,14.07263975
3.99,14.14333788
4.00,14.21409701
4.01,14.28491713
4.02,14.35579826
4.03,14.42674039
4.04,14.49774352
4.05,14.56880765
4.06,14.63993278
4.07,14.71111891
4.08,14.78236604
4.09,14.85367418
4.10,14.92504331
4.11,14.99647345
4.12,15.06796458
4.13,15.13951672
4.14,15.21112985
4.15,15.28280399
4.16,15.35453913
4.17,15.42633527
4.18,15.49819241
4.19,15.57011055
4.20,15.64208969
4.21,15.71412984
4.22,15.78623098
4.23,15.85839312
4.24,15.93061627
4.25,16.00290041
4.26,16.07524556
4.27,16.14765171
4.28,16.22011886
4.29,16.292647
4.30,16.36523615
4.31,16.4378863
4.32,16.51059746
4.33,16.58336961
4.34,16.65620276
4.35,16.72909691
4.36,16.80205207
4.37,16.87506822
4.38,16.94814538
4.39,17.02128354
4.40,17.09448269
4.41,17.16774285
4.42,17.24106401
4.43,17.31444617
4.44,17.38788933
4.45,17.46139349
4.46,17.53495865
4.47,17.60858482
4.48,17.68227198
4.49,17.75602015
4.50,17.82982931
4.51,17.90369948
4.52,17.97763064
4.53,18.05162281
4.54,18.12567598
4.55,18.19979015
4.56,18.27396532
4.57,18.34820149
4.58,18.42249866
4.59,18.49685683
4.60,18.57127601
4.61,18.64575618
4.62,18.72029736
4.63,18.79489953
4.64,18.86956271
4.65,18.94428688
4.66,19.01907206
4.67,19.09391824
4.68,19.16882542
4.69,19.2437936
4.70,19.31882278
4.71,19.39391296
4.72,19.46906415
4.73,19.54427633
4.74,19.61954951
4.75,19.6948837
4.76,19.77027888
4.77,19.84573507
4.78,19.92125226
4.79,19.99683045
4.80,20.07246964
4.81,20.14816982
4.82,20.22393102
4.83,20.29975321
4.84,20.3756364
4.85,20.45158059
4.86,20.52758578
4.87,20.60365198
4.88,20.67977917
4.89,20.75596737
4.90,20.83221657
4.91,20.90852676
4.92,20.98489796
4.93,21.06133016
4.94,21.13782336
4.95,21.21437756
4.96,21.29099276
4.97,21.36766897
4.98,21.44440617
4.99,21.52120437
5.00,21.59806358
5.01,21.67498378
5.02,21.75196499
5.03,21.8290072
5.04,21.9061104
5.05,21.98327461
5.06,22.06049982
5.07,22.13778603
5.08,22.21513324
5.09,22.29254145
5.10,22.37001067
5.11,22.44754088
5.12,22.52513209
5.13,22.60278431
5.14,22.68049752
5.15,22.75827174
5.16,22.83610696
5.17,22.91400317
5.18,22.99196039
5.19,23.06997861
5.20,23.14805783
5.21,23.22619805
5.22,23.30439928
5.23,23.3826615
5.24,23.46098472
5.25,23.53936895
5.26,23.61781417
5.27,23.6963204
5.28,23.77488762
5.29,23.85351585
5.30,23.93220508
5.31,24.01095531
5.32,24.08976654
5.33,24.16863877
5.34,24.247572
5.35,24.32656623
5.36,24.40562146
5.37,24.4847377
5.38,24.56391493
5.39,24.64315317
5.40,24.7224524
5.41,24.80181264
5.42,24.88123388
5.43,24.96071611
5.44,25.04025935
5.45,25.11986359
5.46,25.19952883
5.47,25.27925508
5.48,25.35904232
5.49,25.43889056
5.50,25.5187998
5.51,25.59877005
5.52,25.67880129
5.53,25.75889354
5.54,25.83904679
5.55,25.91926103
5.56,25.99953628
5.57,26.07987253
5.58,26.16026978
5.59,26.24072803
5.60,26.32124729
5.61,26.40182754
5.62,26.48246879
5.63,26.56317104
5.64,26.6439343
5.65,26.72475856
5.66,26.80564381
5.67,26.88659007
5.68,26.96759733
5.69,27.04866559
5.70,27.12979484
5.71,27.2109851
5.72,27.29223637
5.73,27.37354863
5.74,27.45492189
5.75,27.53635615
5.76,27.61785142
5.77,27.69940768
5.78,27.78102495
5.79,27.86270321
5.80,27.94444248
5.81,28.02624275
5.82,28.10810402
5.83,28.19002629
5.84,28.27200956
5.85,28.35405383
5.86,28.4361591
5.87,28.51832538
5.88,28.60055265
5.89,28.68284092
5.90,28.7651902
5.91,28.84760047
5.92,28.93007175
5.93,29.01260403
5.94,29.09519731
5.95,29.17785159
5.96,29.26056687
5.97,29.34334315
5.98,29.42618043
5.99,29.50907871
6.00,29.59203799
6.01,29.67505828
6.02,29.75813956
6.03,29.84128185
6.04,29.92448513
6.05,30.00774942
6.06,30.09107471
6.07,30.174461
6.08,30.25790829
6.09,30.34141658
6.10,30.42498587
6.11,30.50861616
6.12,30.59230745
6.13,30.67605974
6.14,30.75987304
6.15,30.84374733
6.16,30.92768263
6.17,31.01167892
6.18,31.09573622
6.19,31.17985452
6.20,31.26403382
6.21,31.34827412
6.22,31.43257542
6.23,31.51693772
6.24,31.60136102
6.25,31.68584532
6.26,31.77039063
6.27,31.85499693
6.28,31.93966424
6.29,32.02439254
6.30,32.10918185
6.31,32.19403216
6.32,32.27894346
6.33,32.36391577
6.34,32.44894908
6.35,32.53404339
6.36,32.6191987
6.37,32.70441502
6.38,32.78969233
6.39,32.87503064
6.40,32.96042996
6.41,33.04589027
6.42,33.13141159
6.43,33.2169939
6.44,33.30263722
6.45,33.38834154
6.46,33.47410686
6.47,33.55993318
6.48,33.6458205
6.49,33.73176882
6.50,33.81777814
6.51,33.90384847
6.52,33.98997979
6.53,34.07617212
6.54,34.16242544
6.55,34.24873977
6.56,34.33511509
6.57,34.42155142
6.58,34.50804875
6.59,34.59460708
6.60,34.68122641
6.61,34.76790674
6.62,34.85464807
6.63,34.9414504
6.64,35.02831374
6.65,35.11523807
6.66,35.20222341
6.67,35.28926974
6.68,35.37637708
6.69,35.46354542
6.70,35.55077475
6.71,35.63806509
6.72,35.72541643
6.73,35.81282877
6.74,35.90030211
6.75,35.98783645
6.76,36.0754318
6.77,36.16308814
6.78,36.25080548
6.79,36.33858383
6.80,36.42642318
6.81,36.51432352
6.82,36.60228487
6.83,36.69030722
6.84,36.77839057
6.85,36.86653492
6.86,36.95474027
6.87,37.04300662
6.88,37.13133397
6.89,37.21972232
6.90,37.30817168
6.91,37.39668203
6.92,37.48525339
6.93,37.57388574
6.94,37.6625791
6.95,37.75133346
6.96,37.84014881
6.97,37.92902517
6.98,38.01796253
6.99,38.10696089
7.00,38.19602026
7.01,38.28514062
7.02,38.37432198
7.03,38.46356434
7.04,38.55286771
7.05,38.64223207
7.06,38.73165744
7.07,38.82114381
7.08,38.91069118
7.09,39.00029954
7.10,39.08996891
7.11,39.17969928
7.12,39.26949065
7.13,39.35934303
7.14,39.4492564
7.15,39.53923077
7.16,39.62926615
7.17,39.71936252
7.18,39.8095199
7.19,39.89973827
7.20,39.99001765
7.21,40.08035803
7.22,40.17075941
7.23,40.26122179
7.24,40.35174517
7.25,40.44232955
7.26,40.53297493
7.27,40.62368131
7.28,40.7144487
7.29,40.80527708
7.30,40.89616646
7.31,40.98711685
7.32,41.07812824
7.33,41.16920062
7.34,41.26033401
7.35,41.3515284
7.36,41.44278379
7.37,41.53410018
7.38,41.62547757
7.39,41.71691596
7.40,41.80841536
7.41,41.89997575
7.42,41.99159715
7.43,42.08327954
7.44,42.17502294
7.45,42.26682733
7.46,42.35869273
7.47,42.45061913
7.48,42.54260653
7.49,42.63465493
7.50,42.72676433
7.51,42.81893473
7.52,42.91116613
7.53,43.00345854
7.54,43.09581194
7.55,43.18822634
7.56,43.28070175
7.57,43.37323816
7.58,43.46583556
7.59,43.55849397
7.60,43.65121338
7.61,43.74399379
7.62,43.8368352
7.63,43.92973761
7.64,44.02270102
7.65,44.11572543
7.66,44.20881085
7.67,44.30195726
7.68,44.39516468
7.69,44.48843309
7.70,44.58176251
7.71,44.67515292
7.72,44.76860434
7.73,44.86211676
7.74,44.95569018
7.75,45.0493246
7.76,45.14302002
7.77,45.23677644
7.78,45.33059387
7.79,45.42447229
7.80,45.51841171
7.81,45.61241214
7.82,45.70647357
7.83,45.80059599
7.84,45.89477942
7.85,45.98902385
7.86,46.08332928
7.87,46.17769571
7.88,46.27212314
7.89,46.36661157
7.90,46.461161
7.91,46.55577143
7.92,46.65044287
7.93,46.7451753
7.94,46.83996874
7.95,46.93482317
7.96,47.02973861
7.97,47.12471505
7.98,47.21975249
7.99,47.31485092
8.00,47.41001036
8.01,47.5052308
8.02,47.60051225
8.03,47.69585469
8.04,47.79125813
8.05,47.88672258
8.06,47.98224802
8.07,48.07783447
8.08,48.17348191
8.09,48.26919036
8.10,48.36495981
8.11,48.46079026
8.12,48.5566817
8.13,48.65263415
8.14,48.74864761
8.15,48.84472206
8.16,48.94085751
8.17,49.03705396
8.18,49.13331142
8.19,49.22962987
8.20,49.32600933
8.21,49.42244978
8.22,49.51895124
8.23,49.6155137
8.24,49.71213716
8.25,49.80882162
8.26,49.90556708
8.27,50.00237354
8.28,50.099241
8.29,50.19616946
8.30,50.29315893
8.31,50.39020939
8.32,50.48732086
8.33,50.58449332
8.34,50.68172679
8.35,50.77902126
8.36,50.87637672
8.37,50.97379319
8.38,51.07127066
8.39,51.16880913
8.40,51.2664086
8.41,51.36406908
8.42,51.46179055
8.43,51.55957302
8.44,51.6574165
8.45,51.75532097
8.46,51.85328645
8.47,51.95131293
8.48,52.0494004
8.49,52.14754888
8.50,52.24575836
8.51,52.34402884
8.52,52.44236032
8.53,52.5407528
8.54,52.63920629
8.55,52.73772077
8.56,52.83629625
8.57,52.93493274
8.58,53.03363022
8.59,53.13238871
8.60,53.2312082
8.61,53.33008868
8.62,53.42903017
8.63,53.52803266
8.64,53.62709615
8.65,53.72622064
8.66,53.82540613
8.67,53.92465263
8.68,54.02396012
8.69,54.12332861
8.70,54.22275811
8.71,54.3222486
8.72,54.4218001
8.73,54.5214126
8.74,54.6210861
8.75,54.72082059
8.76,54.82061609
8.77,54.92047259
8.78,55.0203901
8.79,55.1203686
8.80,55.2204081
8.81,55.3205086
8.82,55.42067011
8.83,55.52089261
8.84,55.62117612
8.85,55.72152063
8.86,55.82192613
8.87,55.92239264
8.88,56.02292015
8.89,56.12350866
8.90,56.22415817
8.91,56.32486868
8.92,56.42564019
8.93,56.52647271
8.94,56.62736622
8.95,56.72832073
8.96,56.82933625
8.97,56.93041277
8.98,57.03155028
8.99,57.1327488
9.00,57.23400832
9.01,57.33532884
9.02,57.43671036
9.03,57.53815288
9.04,57.6396564
9.05,57.74122092
9.06,57.84284645
9.07,57.94453297
9.08,58.04628049
9.09,58.14808902
9.10,58.24995855
9.11,58.35188907
9.12,58.4538806
9.13,58.55593313
9.14,58.65804666
9.15,58.76022119
9.16,58.86245672
9.17,58.96475325
9.18,59.06711078
9.19,59.16952932
9.20,59.27200885
9.21,59.37454939
9.22,59.47715092
9.23,59.57981346
9.24,59.682537
9.25,59.78532153
9.26,59.88816707
9.27,59.99107361
9.28,60.09404115
9.29,60.19706969
9.30,60.30015923
9.31,60.40330978
9.32,60.50652132
9.33,60.60979387
9.34,60.71312741
9.35,60.81652196
9.36,60.9199775
9.37,61.02349405
9.38,61.1270716
9.39,61.23071015
9.40,61.3344097
9.41,61.43817025
9.42,61.5419918
9.43,61.64587435
9.44,61.7498179
9.45,61.85382246
9.46,61.95788801
9.47,62.06201457
9.48,62.16620212
9.49,62.27045068
9.50,62.37476024
9.51,62.4791308
9.52,62.58356236
9.53,62.68805492
9.54,62.79260848
9.55,62.89722304
9.56,63.0018986
9.57,63.10663516
9.58,63.21143273
9.59,63.31629129
9.60,63.42121086
9.61,63.52619142
9.62,63.63123299
9.63,63.73633556
9.64,63.84149913
9.65,63.9467237
9.66,64.05200927
9.67,64.15735584
9.68,64.26276341
9.69,64.36823198
9.70,64.47376155
9.71,64.57935213
9.72,64.6850037
9.73,64.79071628
9.74,64.89648986
9.75,65.00232443
9.76,65.10822001
9.77,65.21417659
9.78,65.32019417
9.79,65.42627275
9.80,65.53241233
9.81,65.63861291
9.82,65.7448745
9.83,65.85119708
9.84,65.95758066
9.85,66.06402525
9.86,66.17053083
9.87,66.27709742
9.88,66.38372501
9.89,66.4904136
9.90,66.59716319
9.91,66.70397378
9.92,66.81084537
9.93,66.91777796
9.94,67.02477155
9.95,67.13182614
9.96,67.23894174
9.97,67.34611833
9.98,67.45335593
9.99,67.56065452
10.00,67.66801412
10.01,67.77543472
10.02,67.88291631
10.03,67.99045891
10.04,68.09806251
10.05,68.20572711
10.06,68.31345272
10.07,68.42123932
10.08,68.52908692
10.09,68.63699553
10.10,68.74496513
10.11,68.85299574
10.12,68.96108734
10.13,69.06923995
10.14,69.17745356
10.15,69.28572817
10.16,69.39406378
10.17,69.50246039
10.18,69.610918
10.19,69.71943661
10.20,69.82801622
10.21,69.93665683
10.22,70.04535845
10.23,70.15412106
10.24,70.26294468
10.25,70.37182929
10.26,70.48077491
10.27,70.58978153
10.28,70.69884915
10.29,70.80797777
10.30,70.91716739
10.31,71.02641801
10.32,71.13572963
10.33,71.24510225
10.34,71.35453588
10.35,71.4640305
10.36,71.57358613
10.37,71.68320275
10.38,71.79288038
10.39,71.90261901
10.40,72.01241864
10.41,72.12227926
10.42,72.23220089
10.43,72.34218353
10.44,72.45222716
10.45,72.56233179
10.46,72.67249742
10.47,72.78272406
10.48,72.89301169
10.49,73.00336033
10.50,73.11376996
10.51,73.2242406
10.52,73.33477224
10.53,73.44536487
10.54,73.55601851
10.55,73.66673315
10.56,73.77750879
10.57,73.88834544
10.58,73.99924308
10.59,74.11020172
10.60,74.22122137
10.61,74.33230201
10.62,74.44344366
10.63,74.5546463
10.64,74.66590995
10.65,74.7772346
10.66,74.88862025
10.67,75.00006689
10.68,75.11157454
10.69,75.2231432
10.70,75.33477285
10.71,75.4464635
10.72,75.55821515
10.73,75.67002781
10.74,75.78190146
10.75,75.89383612
10.76,76.00583177
10.77,76.11788843
10.78,76.23000609
10.79,76.34218475
10.80,76.45442441
10.81,76.56672507
10.82,76.67908673
10.83,76.79150939
10.84,76.90399305
10.85,77.01653772
10.86,77.12914338
10.87,77.24181005
10.88,77.35453771
10.89,77.46732638
10.90,77.58017605
10.91,77.69308672
10.92,77.80605838
10.93,77.91909105
10.94,78.03218473
10.95,78.1453394
10.96,78.25855507
10.97,78.37183174
10.98,78.48516942
10.99,78.59856809
11.00,78.71202777
11.01,78.82554844
11.02,78.93913012
11.03,79.0527728
11.04,79.16647647
11.05,79.28024115
11.06,79.39406683
11.07,79.50795351
11.08,79.6219012
11.09,79.73590988
11.10,79.84997956
11.11,79.96411025
11.12,80.07830193
11.13,80.19255462
11.14,80.3068683
11.15,80.42124299
11.16,80.53567868
11.17,80.65017537
11.18,80.76473305
11.19,80.87935175
11.20,80.99403144
11.21,81.10877213
11.22,81.22357382
11.23,81.33843651
11.24,81.45336021
11.25,81.5683449
11.26,81.6833906
11.27,81.79849729
11.28,81.91366499
11.29,82.02889369
11.30,82.14418339
11.31,82.25953409
11.32,82.37494579
11.33,82.49041849
11.34,82.60595219
11.35,82.7215469
11.36,82.8372026
11.37,82.9529193
11.38,83.06869701
11.39,83.18453571
11.40,83.30043542
11.41,83.41639613
11.42,83.53241784
11.43,83.64850055
11.44,83.76464426
11.45,83.88084897
11.46,83.99711468
11.47,84.11344139
11.48,84.2298291
11.49,84.34627782
11.50,84.46278753
11.51,84.57935825
11.52,84.69598996
11.53,84.81268268
11.54,84.9294364
11.55,85.04625112
11.56,85.16312683
11.57,85.28006355
11.58,85.39706128
11.59,85.51412
11.60,85.63123972
11.61,85.74842044
11.62,85.86566217
11.63,85.98296489
11.64,86.10032862
11.65,86.21775334
11.66,86.33523907
11.67,86.4527858
11.68,86.57039353
11.69,86.68806226
11.70,86.80579199
11.71,86.92358272
11.72,87.04143445
11.73,87.15934718
11.74,87.27732091
11.75,87.39535565
11.76,87.51345138
11.77,87.63160812
11.78,87.74982586
11.79,87.86810459
11.80,87.98644433
11.81,88.10484507
11.82,88.22330681
11.83,88.34182955
11.84,88.46041329
11.85,88.57905803
11.86,88.69776378
11.87,88.81653052
11.88,88.93535826
11.89,89.05424701
11.90,89.17319676
11.91,89.2922075
11.92,89.41127925
11.93,89.530412
11.94,89.64960575
11.95,89.7688605
11.96,89.88817625
11.97,90.007553
11.98,90.12699075
11.99,90.2464895
12.00,90.36604926
12.01,90.48567001
12.02,90.60535177
12.03,90.72509452
12.04,90.84489828
12.05,90.96476304
12.06,91.0846888
12.07,91.20467556
12.08,91.32472332
12.09,91.44483208
12.10,91.56500184
12.11,91.6852326
12.12,91.80552436
12.13,91.92587713
12.14,92.04629089
12.15,92.16676566
12.16,92.28730142
12.17,92.40789819
12.18,92.52855596
12.19,92.64927473
12.20,92.7700545
12.21,92.89089527
12.22,93.01179704
12.23,93.13275981
12.24,93.25378358
12.25,93.37486836
12.26,93.49601413
12.27,93.61722091
12.28,93.73848868
12.29,93.85981746
12.30,93.98120724
12.31,94.10265801
12.32,94.22416979
12.33,94.34574257
12.34,94.46737635
12.35,94.58907113
12.36,94.71082692
12.37,94.8326437
12.38,94.95452148
12.39,95.07646027
12.40,95.19846005
12.41,95.32052084
12.42,95.44264262
12.43,95.56482541
12.44,95.6870692
12.45,95.80937399
12.46,95.93173978
12.47,96.05416657
12.48,96.17665436
12.49,96.29920315
12.50,96.42181295
12.51,96.54448374
12.52,96.66721553
12.53,96.79000833
12.54,96.91286213
12.55,97.03577692
12.56,97.15875272
12.57,97.28178952
12.58,97.40488732
12.59,97.52804612
12.60,97.65126592
12.61,97.77454672
12.62,97.89788852
12.63,98.02129133
12.64,98.14475513
12.65,98.26827994
12.66,98.39186574
12.67,98.51551255
12.68,98.63922035
12.69,98.76298916
12.70,98.88681897
12.71,99.01070978
12.72,99.13466159
12.73,99.2586744
12.74,99.38274821
12.75,99.50688303
12.76,99.63107884
12.77,99.75533565
12.78,99.87965347
12.79,100.0040323
12.80,100.1284721
12.81,100.2529729
12.82,100.3775347
12.83,100.5021576
12.84,100.6268414
12.85,100.7515862
12.86,100.876392
12.87,101.0012588
12.88,101.1261867
12.89,101.2511755
12.90,101.3762253
12.91,101.5013361
12.92,101.626508
12.93,101.7517408
12.94,101.8770346
12.95,102.0023894
12.96,102.1278053
12.97,102.2532821
12.98,102.3788199
12.99,102.5044188
13.00,102.6300786
13.01,102.7557994
13.02,102.8815813
13.03,103.0074241
13.04,103.1333279
13.05,103.2592928
13.06,103.3853186
13.07,103.5114054
13.08,103.6375533
13.09,103.7637621
13.10,103.890032
13.11,104.0163628
13.12,104.1427546
13.13,104.2692075
13.14,104.3957213
13.15,104.5222962
13.16,104.648932
13.17,104.7756289
13.18,104.9023867
13.19,105.0292056
13.20,105.1560854
13.21,105.2830263
13.22,105.4100281
13.23,105.537091
13.24,105.6642148
13.25,105.7913997
13.26,105.9186455
13.27,106.0459524
13.28,106.1733202
13.29,106.3007491
13.30,106.4282389
13.31,106.5557898
13.32,106.6834016
13.33,106.8110745
13.34,106.9388084
13.35,107.0666032
13.36,107.1944591
13.37,107.3223759
13.38,107.4503538
13.39,107.5783927
13.40,107.7064925
13.41,107.8346534
13.42,107.9628753
13.43,108.0911581
13.44,108.219502
13.45,108.3479069
13.46,108.4763727
13.47,108.6048996
13.48,108.7334875
13.49,108.8621363
13.50,108.9908462
13.51,109.1196171
13.52,109.248449
13.53,109.3773418
13.54,109.5062957
13.55,109.6353106
13.56,109.7643865
13.57,109.8935233
13.58,110.0227212
13.59,110.1519801
13.60,110.2813
13.61,110.4106808
13.62,110.5401227
13.63,110.6696256
13.64,110.7991895
13.65,110.9288144
13.66,111.0585003
13.67,111.1882471
13.68,111.318055
13.69,111.4479239
13.70,111.5778538
13.71,111.7078447
13.72,111.8378966
13.73,111.9680095
13.74,112.0981834
13.75,112.2284182
13.76,112.3587141
13.77,112.489071
13.78,112.6194889
13.79,112.7499678
13.80,112.8805077
13.81,113.0111086
13.82,113.1417705
13.83,113.2724934
13.84,113.4032773
13.85,113.5341222
13.86,113.6650281
13.87,113.795995
13.88,113.9270229
13.89,114.0581118
13.90,114.1892617
13.91,114.3204726
13.92,114.4517445
13.93,114.5830774
13.94,114.7144713
13.95,114.8459262
13.96,114.9774421
13.97,115.1090191
13.98,115.240657
13.99,115.3723559
14.00,115.5041158
14.01,115.6359367
14.02,115.7678186
14.03,115.8997615
14.04,116.0317654
14.05,116.1638303
14.06,116.2959563
14.07,116.4281432
14.08,116.5603911
14.09,116.6927
14.10,116.8250699
14.11,116.9575008
14.12,117.0899928
14.13,117.2225457
14.14,117.3551596
14.15,117.4878345
14.16,117.6205705
14.17,117.7533674
14.18,117.8862253
14.19,118.0191442
14.20,118.1521242
14.21,118.2851651
14.22,118.418267
14.23,118.5514299
14.24,118.6846539
14.25,118.8179388
14.26,118.9512847
14.27,119.0846917
14.28,119.2181596
14.29,119.3516885
14.30,119.4852785
14.31,119.6189294
14.32,119.7526413
14.33,119.8864143
14.34,120.0202482
14.35,120.1541431
14.36,120.2880991
14.37,120.422116
14.38,120.556194
14.39,120.6903329
14.40,120.8245329
14.41,120.9587938
14.42,121.0931157
14.43,121.2274987
14.44,121.3619426
14.45,121.4964476
14.46,121.6310135
14.47,121.7656405
14.48,121.9003284
14.49,122.0350774
14.50,122.1698873
14.51,122.3047583
14.52,122.4396902
14.53,122.5746832
14.54,122.7097371
14.55,122.8448521
14.56,122.980028
14.57,123.115265
14.58,123.2505629
14.59,123.3859219
14.60,123.5213419
14.61,123.6568228
14.62,123.7923648
14.63,123.9279677
14.64,124.0636317
14.65,124.1993567
14.66,124.3351426
14.67,124.4709896
14.68,124.6068975
14.69,124.7428665
14.70,124.8788965
14.71,125.0149874
14.72,125.1511394
14.73,125.2873524
14.74,125.4236263
14.75,125.5599613
14.76,125.6963573
14.77,125.8328143
14.78,125.9693322
14.79,126.1059112
14.80,126.2425512
14.81,126.3792522
14.82,126.5160141
14.83,126.6528371
14.84,126.7897211
14.85,126.9266661
14.86,127.063672
14.87,127.200739
14.88,127.337867
14.89,127.475056
14.90,127.612306
14.91,127.7496169
14.92,127.8869889
14.93,128.0244219
14.94,128.1619159
14.95,128.2994709
14.96,128.4370869
14.97,128.5747638
14.98,128.7125018
14.99,128.8503008
15.00,128.9881608
15.01,129.1260818
15.02,129.2640638
15.03,129.4021068
15.04,129.5402108
15.05,129.6783758
15.06,129.8166018
15.07,129.9548888
15.08,130.0932368
15.09,130.2316457
15.10,130.3701157
15.11,130.5086467
15.12,130.6472387
15.13,130.7858917
15.14,130.9246057
15.15,131.0633807
15.16,131.2022167
15.17,131.3411137
15.18,131.4800717
15.19,131.6190908
15.20,131.7581708
15.21,131.8973118
15.22,132.0365138
15.23,132.1757768
15.24,132.3151008
15.25,132.4544858
15.26,132.5939318
15.27,132.7334388
15.28,132.8730068
15.29,133.0126358
15.30,133.1523258
15.31,133.2920769
15.32,133.4318889
15.33,133.5717619
15.34,133.7116959
15.35,133.8516909
15.36,133.9917469
15.37,134.131864
15.38,134.272042
15.39,134.412281
15.40,134.552581
15.41,134.692942
15.42,134.8333641
15.43,134.9738471
15.44,135.1143911
15.45,135.2549961
15.46,135.3956622
15.47,135.5363892
15.48,135.6771772
15.49,135.8180262
15.50,135.9589363
15.51,136.0999073
15.52,136.2409393
15.53,136.3820324
15.54,136.5231864
15.55,136.6644014
15.56,136.8056775
15.57,136.9470145
15.58,137.0884125
15.59,137.2298716
15.60,137.3713916
15.61,137.5129726
15.62,137.6546147
15.63,137.7963177
15.64,137.9380817
15.65,138.0799068
15.66,138.2217928
15.67,138.3637399
15.68,138.5057479
15.69,138.647817
15.70,138.789947
15.71,138.932138
15.72,139.0743901
15.73,139.2167031
15.74,139.3590772
15.75,139.5015122
15.76,139.6440083
15.77,139.7865653
15.78,139.9291834
15.79,140.0718624
15.80,140.2146025
15.81,140.3574035
15.82,140.5002656
15.83,140.6431886
15.84,140.7861727
15.85,140.9292178
15.86,141.0723238
15.87,141.2154909
15.88,141.3587189
15.89,141.502008
15.90,141.645358
15.91,141.7887691
15.92,141.9322412
15.93,142.0757742
15.94,142.2193683
15.95,142.3630234
15.96,142.5067394
15.97,142.6505165
15.98,142.7943546
15.99,142.9382536
16.00,143.0822137
16.01,143.2262348
16.02,143.3703168
16.03,143.5144599
16.04,143.658664
16.05,143.802929
16.06,143.9472551
16.07,144.0916422
16.08,144.2360903
16.09,144.3805993
16.10,144.5251694
16.11,144.6698005
16.12,144.8144926
16.13,144.9592456
16.14,145.1040597
16.15,145.2489348
16.16,145.3938709
16.17,145.538868
16.18,145.683926
16.19,145.8290451
16.20,145.9742252
16.21,146.1194663
16.22,146.2647684
16.23,146.4101315
16.24,146.5555555
16.25,146.7010406
16.26,146.8465867
16.27,146.9921938
16.28,147.1378619
16.29,147.283591
16.30,147.4293811
16.31,147.5752322
16.32,147.7211443
16.33,147.8671174
16.34,148.0131515
16.35,148.1592465
16.36,148.3054026
16.37,148.4516197
16.38,148.5978978
16.39,148.7442369
16.40,148.890637
16.41,149.0370981
16.42,149.1836202
16.43,149.3302033
16.44,149.4768474
16.45,149.6235525
16.46,149.7703186
16.47,149.9171457
16.48,150.0640339
16.49,150.210983
16.50,150.3579931
16.51,150.5050642
16.52,150.6521963
16.53,150.7993894
16.54,150.9466435
16.55,151.0939586
16.56,151.2413347
16.57,151.3887718
16.58,151.5362699
16.59,151.6838291
16.60,151.8314492
16.61,151.9791303
16.62,152.1268724
16.63,152.2746755
16.64,152.4225396
16.65,152.5704648
16.66,152.7184509
16.67,152.866498
16.68,153.0146061
16.69,153.1627752
16.70,153.3110054
16.71,153.4592965
16.72,153.6076486
16.73,153.7560617
16.74,153.9045359
16.75,154.053071
16.76,154.2016671
16.77,154.3503242
16.78,154.4990424
16.79,154.6478215
16.80,154.7966616
16.81,154.9455628
16.82,155.0945249
16.83,155.243548
16.84,155.3926322
16.85,155.5417773
16.86,155.6909834
16.87,155.8402506
16.88,155.9895787
16.89,156.1389678
16.90,156.288418
16.91,156.4379291
16.92,156.5875013
16.93,156.7371344
16.94,156.8868285
16.95,157.0365837
16.96,157.1863998
16.97,157.336277
16.98,157.4862151
16.99,157.6362143
17.00,157.7862744
17.01,157.9363956
17.02,158.0865777
17.03,158.2368209
17.04,158.387125
17.05,158.5374902
17.06,158.6879163
17.07,158.8384035
17.08,158.9889516
17.09,159.1395608
17.10,159.2902309
17.11,159.4409621
17.12,159.5917542
17.13,159.7426074
17.14,159.8935215
17.15,160.0444967
17.16,160.1955329
17.17,160.34663
17.18,160.4977882
17.19,160.6490073
17.20,160.8002875
17.21,160.9516287
17.22,161.1030308
17.23,161.254494
17.24,161.4060181
17.25,161.5576033
17.26,161.7092495
17.27,161.8609566
17.28,162.0127248
17.29,162.164554
17.30,162.3164442
17.31,162.4683953
17.32,162.6204075
17.33,162.7724807
17.34,162.9246148
17.35,163.07681
17.36,163.2290662
17.37,163.3813834
17.38,163.5337615
17.39,163.6862007
17.40,163.8387009
17.41,163.9912621
17.42,164.1438843
17.43,164.2965674
17.44,164.4493116
17.45,164.6021168
17.46,164.754983
17.47,164.9079102
17.48,165.0608983
17.49,165.2139475
17.50,165.3670577
17.51,165.5202289
17.52,165.6734611
17.53,165.8267543
17.54,165.9801085
17.55,166.1335237
17.56,166.2869998
17.57,166.440537
17.58,166.5941352
17.59,166.7477944
17.60,166.9015146
17.61,167.0552958
17.62,167.209138
17.63,167.3630412
17.64,167.5170054
17.65,167.6710306
17.66,167.8251168
17.67,167.979264
17.68,168.1334722
17.69,168.2877414
17.70,168.4420716
17.71,168.5964628
17.72,168.750915
17.73,168.9054282
17.74,169.0600024
17.75,169.2146376
17.76,169.3693338
17.77,169.524091
17.78,169.6789092
17.79,169.8337884
17.80,169.9887286
17.81,170.1437298
17.82,170.2987921
17.83,170.4539153
17.84,170.6090995
17.85,170.7643447
17.86,170.9196509
17.87,171.0750181
17.88,171.2304463
17.89,171.3859356
17.90,171.5414858
17.91,171.697097
17.92,171.8527692
17.93,172.0085024
17.94,172.1642966
17.95,172.3201519
17.96,172.4760681
17.97,172.6320453
17.98,172.7880835
17.99,172.9441828
18.00,173.100343
18.01,173.2565642
18.02,173.4128464
18.03,173.5691897
18.04,173.7255939
18.05,173.8820591
18.06,174.0385853
18.07,174.1951726
18.08,174.3518208
18.09,174.50853
18.10,174.6653003
18.11,174.8221315
18.12,174.9790237
18.13,175.135977
18.14,175.2929912
18.15,175.4500664
18.16,175.6072027
18.17,175.7643999
18.18,175.9216582
18.19,176.0789774
18.20,176.2363576
18.21,176.3937989
18.22,176.5513011
18.23,176.7088644
18.24,176.8664886
18.25,177.0241738
18.26,177.1819201
18.27,177.3397273
18.28,177.4975956
18.29,177.6555248
18.30,177.8135151
18.31,177.9715663
18.32,178.1296786
18.33,178.2878518
18.34,178.4460861
18.35,178.6043813
18.36,178.7627376
18.37,178.9211548
18.38,179.0796331
18.39,179.2381723
18.40,179.3967726
18.41,179.5554339
18.42,179.7141561
18.43,179.8729394
18.44,180.0317836
18.45,180.1906889
18.46,180.3496552
18.47,180.5086824
18.48,180.6677707
18.49,180.8269199
18.50,180.9861302
18.51,181.1454015
18.52,181.3047337
18.53,181.464127
18.54,181.6235813
18.55,181.7830965
18.56,181.9426728
18.57,182.1023101
18.58,182.2620083
18.59,182.4217676
18.60,182.5815879
18.61,182.7414692
18.62,182.9014114
18.63,183.0614147
18.64,183.221479
18.65,183.3816043
18.66,183.5417905
18.67,183.7020378
18.68,183.8623461
18.69,184.0227154
18.70,184.1831456
18.71,184.3436369
18.72,184.5041892
18.73,184.6648025
18.74,184.8254768
18.75,184.9862121
18.76,185.1470083
18.77,185.3078656
18.78,185.4687839
18.79,185.6297632
18.80,185.7908035
18.81,185.9519048
18.82,186.1130671
18.83,186.2742903
18.84,186.4355746
18.85,186.5969199
18.86,186.7583262
18.87,186.9197935
18.88,187.0813218
18.89,187.2429111
18.90,187.4045614
18.91,187.5662727
18.92,187.728045
18.93,187.8898783
18.94,188.0517726
18.95,188.2137279
18.96,188.3757442
18.97,188.5378215
18.98,188.6999598
18.99,188.8621591
19.00,189.0244194
19.01,189.1867407
19.02,189.349123
19.03,189.5115663
19.04,189.6740706
19.05,189.8366359
19.06,189.9992622
19.07,190.1619495
19.08,190.3246978
19.09,190.4875072
19.10,190.6503775
19.11,190.8133088
19.12,190.9763011
19.13,191.1393544
19.14,191.3024687
19.15,191.465644
19.16,191.6288803
19.17,191.7921777
19.18,191.955536
19.19,192.1189553
19.20,192.2824356
19.21,192.4459769
19.22,192.6095793
19.23,192.7732426
19.24,192.9369669
19.25,193.1007522
19.26,193.2645985
19.27,193.4285059
19.28,193.5924742
19.29,193.7565035
19.30,193.9205938
19.31,194.0847452
19.32,194.2489575
19.33,194.4132308
19.34,194.5775652
19.35,194.7419605
19.36,194.9064168
19.37,195.0709342
19.38,195.2355125
19.39,195.4001518
19.40,195.5648522
19.41,195.7296135
19.42,195.8944358
19.43,196.0593192
19.44,196.2242635
19.45,196.3892688
19.46,196.5543352
19.47,196.7194625
19.48,196.8846509
19.49,197.0499002
19.50,197.2152105
19.51,197.3805819
19.52,197.5460142
19.53,197.7115076
19.54,197.8770619
19.55,198.0426773
19.56,198.2083536
19.57,198.374091
19.58,198.5398893
19.59,198.7057487
19.60,198.871669
19.61,199.0376504
19.62,199.2036927
19.63,199.3697961
19.64,199.5359604
19.65,199.7021858
19.66,199.8684721
19.67,200.0348195
19.68,200.2012278
19.69,200.3676972
19.70,200.5342275
19.71,200.7008189
19.72,200.8674713
19.73,201.0341846
19.74,201.200959
19.75,201.3677944
19.76,201.5346907
19.77,201.7016481
19.78,201.8686664
19.79,202.0357458
19.80,202.2028862
19.81,202.3700875
19.82,202.5373499
19.83,202.7046733
19.84,202.8720576
19.85,203.039503
19.86,203.2070094
19.87,203.3745768
19.88,203.5422051
19.89,203.7098945
19.90,203.8776449
19.91,204.0454562
19.92,204.2133286
19.93,204.381262
19.94,204.5492564
19.95,204.7173118
19.96,204.8854281
19.97,205.0536055
19.98,205.2218439
19.99,205.3901433
20.00,205.5585037
20.01,205.726925
20.02,205.8954074
20.03,206.0639508
20.04,206.2325552
20.05,206.4012206
20.06,206.569947
20.07,206.7387343
20.08,206.9075827
20.09,207.0764921
20.10,207.2454625
20.11,207.4144939
20.12,207.5835863
20.13,207.7527397
20.14,207.9219541
20.15,208.0912295
20.16,208.2605659
20.17,208.4299633
20.18,208.5994217
20.19,208.768941
20.20,208.9385214
20.21,209.1081628
20.22,209.2778652
20.23,209.4476286
20.24,209.617453
20.25,209.7873384
20.26,209.9572848
20.27,210.1272922
20.28,210.2973607
20.29,210.4674901
20.30,210.6376805
20.31,210.8079319
20.32,210.9782443
20.33,211.1486177
20.34,211.3190521
20.35,211.4895475
20.36,211.6601039
20.37,211.8307213
20.38,212.0013997
20.39,212.1721391
20.40,212.3429396
20.41,212.513801
20.42,212.6847234
20.43,212.8557068
20.44,213.0267512
20.45,213.1978566
20.46,213.369023
20.47,213.5402505
20.48,213.7115389
20.49,213.8828883
20.50,214.0542987
20.51,214.2257701
20.52,214.3973026
20.53,214.568896
20.54,214.7405504
20.55,214.9122658
20.56,215.0840423
20.57,215.2558797
20.58,215.4277781
20.59,215.5997375
20.60,215.771758
20.61,215.9438394
20.62,216.1159818
20.63,216.2881853
20.64,216.4604497
20.65,216.6327751
20.66,216.8051616
20.67,216.977609
20.68,217.1501174
20.69,217.3226869
20.70,217.4953173
20.71,217.6680087
20.72,217.8407612
20.73,218.0135746
20.74,218.1864491
20.75,218.3593845
20.76,218.5323809
20.77,218.7054384
20.78,218.8785568
20.79,219.0517363
20.80,219.2249767
20.81,219.3982782
20.82,219.5716406
20.83,219.745064
20.84,219.9185485
20.85,220.0920939
20.86,220.2657004
20.87,220.4393678
20.88,220.6130963
20.89,220.7868857
20.90,220.9607362
20.91,221.1346476
20.92,221.3086201
20.93,221.4826536
20.94,221.656748
20.95,221.8309035
20.96,222.0051199
20.97,222.1793974
20.98,222.3537358
20.99,222.5281353
21.00,222.7025958
21.01,222.8771172
21.02,223.0516997
21.03,223.2263431
21.04,223.4010476
21.05,223.5758131
21.06,223.7506395
21.07,223.925527
21.08,224.1004755
21.09,224.2754849
21.10,224.4505554
21.11,224.6256869
21.12,224.8008793
21.13,224.9761328
21.14,225.1514473
21.15,225.3268228
21.16,225.5022592
21.17,225.6777567
21.18,225.8533152
21.19,226.0289346
21.20,226.2046151
21.21,226.3803566
21.22,226.5561591
21.23,226.7320226
21.24,226.907947
21.25,227.0839325
21.26,227.259979
21.27,227.4360865
21.28,227.612255
21.29,227.7884844
21.30,227.9647749
21.31,228.1411264
21.32,228.3175389
21.33,228.4940124
21.34,228.6705469
21.35,228.8471423
21.36,229.0237988
21.37,229.2005163
21.38,229.3772948
21.39,229.5541343
21.40,229.7310348
21.41,229.9079963
21.42,230.0850188
21.43,230.2621023
21.44,230.4392468
21.45,230.6164523
21.46,230.7937188
21.47,230.9710463
21.48,231.1484348
21.49,231.3258843
21.50,231.5033948
21.51,231.6809663
21.52,231.8585988
21.53,232.0362923
21.54,232.2140468
21.55,232.3918623
21.56,232.5697388
21.57,232.7476763
21.58,232.9256748
21.59,233.1037343
21.60,233.2818548
21.61,233.4600363
21.62,233.6382788
21.63,233.8165823
21.64,233.9949468
21.65,234.1733723
21.66,234.3518588
21.67,234.5304064
21.68,234.7090149
21.69,234.8876844
21.70,235.0664149
21.71,235.2452064
21.72,235.4240589
21.73,235.6029724
21.74,235.781947
21.75,235.9609825
21.76,236.140079
21.77,236.3192365
21.78,236.498455
21.79,236.6777346
21.80,236.8570751
21.81,237.0364766
21.82,237.2159391
21.83,237.3954627
21.84,237.5750472
21.85,237.7546927
21.86,237.9343992
21.87,238.1141668
21.88,238.2939953
21.89,238.4738848
21.90,238.6538354
21.91,238.8338469
21.92,239.0139194
21.93,239.194053
21.94,239.3742475
21.95,239.554503
21.96,239.7348196
21.97,239.9151971
21.98,240.0956356
21.99,240.2761352
22.00,240.4566957
22.01,240.6373172
22.02,240.8179998
22.03,240.9987433
22.04,241.1795479
22.05,241.3604134
22.06,241.54134
22.07,241.7223275
22.08,241.903376
22.09,242.0844856
22.10,242.2656561
22.11,242.4468877
22.12,242.6281802
22.13,242.8095338
22.14,242.9909483
22.15,243.1724239
22.16,243.3539604
22.17,243.535558
22.18,243.7172165
22.19,243.8989361
22.20,244.0807166
22.21,244.2625582
22.22,244.4444608
22.23,244.6264243
22.24,244.8084489
22.25,244.9905344
22.26,245.172681
22.27,245.3548885
22.28,245.5371571
22.29,245.7194867
22.30,245.9018772
22.31,246.0843288
22.32,246.2668414
22.33,246.4494149
22.34,246.6320495
22.35,246.814745
22.36,246.9975016
22.37,247.1803192
22.38,247.3631977
22.39,247.5461373
22.40,247.7291379
22.41,247.9121995
22.42,248.095322
22.43,248.2785056
22.44,248.4617502
22.45,248.6450557
22.46,248.8284223
22.47,249.0118499
22.48,249.1953385
22.49,249.3788881
22.50,249.5624986
22.51,249.7461702
22.52,249.9299028
22.53,250.1136964
22.54,250.2975509
22.55,250.4814665
22.56,250.6654431
22.57,250.8494807
22.58,251.0335793
22.59,251.2177389
22.60,251.4019594
22.61,251.586241
22.62,251.7705836
22.63,251.9549872
22.64,252.1394518
22.65,252.3239774
22.66,252.508564
22.67,252.6932116
22.68,252.8779202
22.69,253.0626898
22.70,253.2475203
22.71,253.4324119
22.72,253.6173645
22.73,253.8023781
22.74,253.9874527
22.75,254.1725883
22.76,254.3577849
22.77,254.5430425
22.78,254.7283611
22.79,254.9137407
22.80,255.0991813
22.81,255.2846829
22.82,255.4702455
22.83,255.6558691
22.84,255.8415537
22.85,256.0272993
22.86,256.2131059
22.87,256.3989736
22.88,256.5849022
22.89,256.7708918
22.90,256.9569424
22.91,257.143054
22.92,257.3292266
22.93,257.5154602
22.94,257.7017548
22.95,257.8881104
22.96,258.074527
22.97,258.2610047
22.98,258.4475433
22.99,258.6341429
23.00,258.8208035
23.01,259.0075251
23.02,259.1943077
23.03,259.3811514
23.04,259.568056
23.05,259.7550216
23.06,259.9420482
23.07,260.1291358
23.08,260.3162845
23.09,260.5034941
23.10,260.6907647
23.11,260.8780963
23.12,261.065489
23.13,261.2529426
23.14,261.4404572
23.15,261.6280329
23.16,261.8156695
23.17,262.0033671
23.18,262.1911257
23.19,262.3789454
23.20,262.566826
23.21,262.7547676
23.22,262.9427703
23.23,263.1308339
23.24,263.3189585
23.25,263.5071442
23.26,263.6953908
23.27,263.8836985
23.28,264.0720671
23.29,264.2604967
23.30,264.4489874
23.31,264.637539
23.32,264.8261517
23.33,265.0148253
23.34,265.2035599
23.35,265.3923556
23.36,265.5812122
23.37,265.7701299
23.38,265.9591085
23.39,266.1481482
23.40,266.3372488
23.41,266.5264105
23.42,266.7156331
23.43,266.9049168
23.44,267.0942614
23.45,267.2836671
23.46,267.4731337
23.47,267.6626614
23.48,267.85225
23.49,268.0418997
23.50,268.2316103
23.51,268.421382
23.52,268.6112147
23.53,268.8011083
23.54,268.991063
23.55,269.1810786
23.56,269.3711553
23.57,269.561293
23.58,269.7514916
23.59,269.9417513
23.60,270.132072
23.61,270.3224536
23.62,270.5128963
23.63,270.7033999
23.64,270.8939646
23.65,271.0845903
23.66,271.275277
23.67,271.4660246
23.68,271.6568333
23.69,271.847703
23.70,272.0386336
23.71,272.2296253
23.72,272.420678
23.73,272.6117917
23.74,272.8029663
23.75,272.994202
23.76,273.1854987
23.77,273.3768564
23.78,273.568275
23.79,273.7597547
23.80,273.9512954
23.81,274.1428971
23.82,274.3345598
23.83,274.5262834
23.84,274.7180681
23.85,274.9099138
23.86,275.1018205
23.87,275.2937882
23.88,275.4858169
23.89,275.6779065
23.90,275.8700572
23.91,276.0622689
23.92,276.2545416
23.93,276.4468753
23.94,276.63927
23.95,276.8317257
23.96,277.0242424
23.97,277.2168201
23.98,277.4094588
23.99,277.6021585
24.00,277.7949192
24.01,277.9877408
24.02,278.1806235
24.03,278.3735672
24.04,278.5665719
24.05,278.7596376
24.06,278.9527643
24.07,279.145952
24.08,279.3392007
24.09,279.5325104
24.10,279.7258811
24.11,279.9193129
24.12,280.1128056
24.13,280.3063593
24.14,280.499974
24.15,280.6936497
24.16,280.8873864
24.17,281.0811841
24.18,281.2750428
24.19,281.4689625
24.20,281.6629432
24.21,281.8569849
24.22,282.0510876
24.23,282.2452514
24.24,282.4394761
24.25,282.6337618
24.26,282.8281085
24.27,283.0225162
24.28,283.2169849
24.29,283.4115147
24.30,283.6061054
24.31,283.8007571
24.32,283.9954698
24.33,284.1902435
24.34,284.3850783
24.35,284.579974
24.36,284.7749307
24.37,284.9699484
24.38,285.1650272
24.39,285.3601669
24.40,285.5553676
24.41,285.7506293
24.42,285.9459521
24.43,286.1413358
24.44,286.3367805
24.45,286.5322863
24.46,286.727853
24.47,286.9234807
24.48,287.1191694
24.49,287.3149192
24.50,287.5107299
24.51,287.7066017
24.52,287.9025344
24.53,288.0985281
24.54,288.2945829
24.55,288.4906986
24.56,288.6868753
24.57,288.8831131
24.58,289.0794118
24.59,289.2757716
24.60,289.4721923
24.61,289.668674
24.62,289.8652168
24.63,290.0618205
24.64,290.2584853
24.65,290.455211
24.66,290.6519978
24.67,290.8488455
24.68,291.0457543
24.69,291.242724
24.70,291.4397548
24.71,291.6368465
24.72,291.8339993
24.73,292.031213
24.74,292.2284878
24.75,292.4258235
24.76,292.6232203
24.77,292.820678
24.78,293.0181968
24.79,293.2157766
24.80,293.4134173
24.81,293.6111191
24.82,293.8088818
24.83,294.0067056
24.84,294.2045904
24.85,294.4025361
24.86,294.6005429
24.87,294.7986106
24.88,294.9967394
24.89,295.1949292
24.90,295.3931799
24.91,295.5914917
24.92,295.7898645
24.93,295.9882982
24.94,296.186793
24.95,296.3853488
24.96,296.5839656
24.97,296.7826433
24.98,296.9813821
24.99,297.1801819
25.00,297.3790426
25.01,297.5779644
25.02,297.7769472
25.03,297.975991
25.04,298.1750957
25.05,298.3742615
25.06,298.5734883
25.07,298.7727761
25.08,298.9721249
25.09,299.1715346
25.10,299.3710054
25.11,299.5705372
25.12,299.77013
25.13,299.9697838
25.14,300.1694986
25.15,300.3692743
25.16,300.5691111
25.17,300.7690089
25.18,300.9689677
25.19,301.1689875
25.20,301.3690683
25.21,301.5692101
25.22,301.7694129
25.23,301.9696767
25.24,302.1700014
25.25,302.3703872
25.26,302.570834
25.27,302.7713418
25.28,302.9719106
25.29,303.1725404
25.30,303.3732312
25.31,303.573983
25.32,303.7747958
25.33,303.9756696
25.34,304.1766044
25.35,304.3776002
25.36,304.578657
25.37,304.7797748
25.38,304.9809536
25.39,305.1821934
25.40,305.3834942
25.41,305.584856
25.42,305.7862788
25.43,305.9877627
25.44,306.1893075
25.45,306.3909133
25.46,306.5925801
25.47,306.7943079
25.48,306.9960967
25.49,307.1979465
25.50,307.3998573
25.51,307.6018291
25.52,307.803862
25.53,308.0059558
25.54,308.2081106
25.55,308.4103264
25.56,308.6126032
25.57,308.814941
25.58,309.0173399
25.59,309.2197997
25.60,309.4223205
25.61,309.6249023
25.62,309.8275451
25.63,310.030249
25.64,310.2330138
25.65,310.4358396
25.66,310.6387264
25.67,310.8416743
25.68,311.0446831
25.69,311.2477529
25.70,311.4508838
25.71,311.6540756
25.72,311.8573284
25.73,312.0606422
25.74,312.2640171
25.75,312.4674529
25.76,312.6709497
25.77,312.8745076
25.78,313.0781264
25.79,313.2818062
25.80,313.4855471
25.81,313.6893489
25.82,313.8932118
25.83,314.0971356
25.84,314.3011204
25.85,314.5051663
25.86,314.7092731
25.87,314.913441
25.88,315.1176698
25.89,315.3219596
25.90,315.5263105
25.91,315.7307223
25.92,315.9351952
25.93,316.139729
25.94,316.3443239
25.95,316.5489797
25.96,316.7536966
25.97,316.9584744
25.98,317.1633133
25.99,317.3682131
26.00,317.573174
26.01,317.7781958
26.02,317.9832787
26.03,318.1884225
26.04,318.3936274
26.05,318.5988933
26.06,318.8042201
26.07,319.009608
26.08,319.2150568
26.09,319.4205667
26.10,319.6261375
26.11,319.8317694
26.12,320.0374623
26.13,320.2432161
26.14,320.449031
26.15,320.6549069
26.16,320.8608437
26.17,321.0668416
26.18,321.2729005
26.19,321.4790203
26.20,321.6852012
26.21,321.8914431
26.22,322.0977459
26.23,322.3041098
26.24,322.5105347
26.25,322.7170205
26.26,322.9235674
26.27,323.1301753
26.28,323.3368442
26.29,323.543574
26.30,323.7503649
26.31,323.9572168
26.32,324.1641297
26.33,324.3711035
26.34,324.5781384
26.35,324.7852343
26.36,324.9923912
26.37,325.1996091
26.38,325.4068879
26.39,325.6142278
26.40,325.8216287
26.41,326.0290906
26.42,326.2366135
26.43,326.4441974
26.44,326.6518423
26.45,326.8595481
26.46,327.067315
26.47,327.2751429
26.48,327.4830318
26.49,327.6909817
26.50,327.8989926
26.51,328.1070645
26.52,328.3151974
26.53,328.5233913
26.54,328.7316462
26.55,328.9399621
26.56,329.148339
26.57,329.3567769
26.58,329.5652757
26.59,329.7738356
26.60,329.9824565
26.61,330.1911384
26.62,330.3998813
26.63,330.6086852
26.64,330.8175502
26.65,331.0264761
26.66,331.235463
26.67,331.4445109
26.68,331.6536198
26.69,331.8627897
26.70,332.0720206
26.71,332.2813125
26.72,332.4906654
26.73,332.7000793
26.74,332.9095542
26.75,333.1190901
26.76,333.328687
26.77,333.538345
26.78,333.7480639
26.79,333.9578438
26.80,334.1676847
26.81,334.3775866
26.82,334.5875495
26.83,334.7975734
26.84,335.0076584
26.85,335.2178043
26.86,335.4280112
26.87,335.6382791
26.88,335.848608
26.89,336.058998
26.90,336.2694489
26.91,336.4799608
26.92,336.6905337
26.93,336.9011677
26.94,337.1118626
26.95,337.3226185
26.96,337.5334354
26.97,337.7443134
26.98,337.9552523
26.99,338.1662522
27.00,338.3773132
27.01,338.5884351
27.02,338.799618
27.03,339.010862
27.04,339.2221669
27.05,339.4335328
27.06,339.6449598
27.07,339.8564477
27.08,340.0679966
27.09,340.2796066
27.10,340.4912775
27.11,340.7030094
27.12,340.9148024
27.13,341.1266563
27.14,341.3385713
27.15,341.5505472
27.16,341.7625842
27.17,341.9746821
27.18,342.186841
27.19,342.399061
27.20,342.6113419
27.21,342.8236839
27.22,343.0360868
27.23,343.2485508
27.24,343.4610757
27.25,343.6736617
27.26,343.8863086
27.27,344.0990166
27.28,344.3117855
27.29,344.5246155
27.30,344.7375064
27.31,344.9504584
27.32,345.1634714
27.33,345.3765453
27.34,345.5896803
27.35,345.8028762
27.36,346.0161332
27.37,346.2294511
27.38,346.4428301
27.39,346.6562701
27.40,346.869771
27.41,347.083333
27.42,347.296956
27.43,347.5106399
27.44,347.7243849
27.45,347.9381909
27.46,348.1520578
27.47,348.3659858
27.48,348.5799748
27.49,348.7940247
27.50,349.0081357
27.51,349.2223077
27.52,349.4365406
27.53,349.6508346
27.54,349.8651896
27.55,350.0796056
27.56,350.2940825
27.57,350.5086205
27.58,350.7232195
27.59,350.9378795
27.60,351.1526004
27.61,351.3673824
27.62,351.5822254
27.63,351.7971294
27.64,352.0120944
27.65,352.2271203
27.66,352.4422073
27.67,352.6573553
27.68,352.8725643
27.69,353.0878343
27.70,353.3031653
27.71,353.5185572
27.72,353.7340102
27.73,353.9495242
27.74,354.1650992
27.75,354.3807352
27.76,354.5964322
27.77,354.8121902
27.78,355.0280092
27.79,355.2438892
27.80,355.4598302
27.81,355.6758321
27.82,355.8918951
27.83,356.1080191
27.84,356.3242041
27.85,356.5404501
27.86,356.7567571
27.87,356.9731251
27.88,357.1895541
27.89,357.4060441
27.90,357.6225951
27.91,357.8392071
27.92,358.0558801
27.93,358.2726141
27.94,358.4894091
27.95,358.7062652
27.96,358.9231822
27.97,359.1401602
27.98,359.3571992
27.99,359.5742992
28.00,359.7914602
28.01,360.0086822
28.02,360.2259652
28.03,360.4433092
28.04,360.6607142
28.05,360.8781802
28.06,361.0957073
28.07,361.3132953
28.08,361.5309443
28.09,361.7486543
28.10,361.9664253
28.11,362.1842573
28.12,362.4021504
28.13,362.6201044
28.14,362.8381194
28.15,363.0561954
28.16,363.2743324
28.17,363.4925305
28.18,363.7107895
28.19,363.9291095
28.20,364.1474905
28.21,364.3659326
28.22,364.5844356
28.23,364.8029996
28.24,365.0216246
28.25,365.2403107
28.26,365.4590577
28.27,365.6778657
28.28,365.8967348
28.29,366.1156648
28.30,366.3346558
28.31,366.5537079
28.32,366.7728209
28.33,366.9919949
28.34,367.21123
28.35,367.430526
28.36,367.649883
28.37,367.8693011
28.38,368.0887801
28.39,368.3083202
28.40,368.5279212
28.41,368.7475832
28.42,368.9673063
28.43,369.1870903
28.44,369.4069354
28.45,369.6268414
28.46,369.8468085
28.47,370.0668365
28.48,370.2869255
28.49,370.5070756
28.50,370.7272866
28.51,370.9475587
28.52,371.1678917
28.53,371.3882858
28.54,371.6087408
28.55,371.8292569
28.56,372.049834
28.57,372.270472
28.58,372.4911711
28.59,372.7119311
28.60,372.9327522
28.61,373.1536342
28.62,373.3745773
28.63,373.5955813
28.64,373.8166464
28.65,374.0377725
28.66,374.2589595
28.67,374.4802076
28.68,374.7015166
28.69,374.9228867
28.70,375.1443178
28.71,375.3658098
28.72,375.5873629
28.73,375.808977
28.74,376.030652
28.75,376.2523881
28.76,376.4741852
28.77,376.6960432
28.78,376.9179623
28.79,377.1399424
28.80,377.3619835
28.81,377.5840855
28.82,377.8062486
28.83,378.0284727
28.84,378.2507578
28.85,378.4731038
28.86,378.6955109
28.87,378.917979
28.88,379.1405081
28.89,379.3630981
28.90,379.5857492
28.91,379.8084613
28.92,380.0312344
28.93,380.2540685
28.94,380.4769635
28.95,380.6999196
28.96,380.9229367
28.97,381.1460148
28.98,381.3691539
28.99,381.592354
29.00,381.8156151
29.01,382.0389372
29.02,382.2623202
29.03,382.4857643
29.04,382.7092694
29.05,382.9328355
29.06,383.1564626
29.07,383.3801507
29.08,383.6038998
29.09,383.8277099
29.10,384.051581
29.11,384.2755131
29.12,384.4995062
29.13,384.7235603
29.14,384.9476754
29.15,385.1718515
29.16,385.3960886
29.17,385.6203867
29.18,385.8447458
29.19,386.0691659
29.20,386.293647
29.21,386.5181891
29.22,386.7427922
29.23,386.9674563
29.24,387.1921814
29.25,387.4169675
29.26,387.6418146
29.27,387.8667227
29.28,388.0916918
29.29,388.3167219
29.30,388.5418131
29.31,388.7669652
29.32,388.9921783
29.33,389.2174524
29.34,389.4427875
29.35,389.6681836
29.36,389.8936407
29.37,390.1191589
29.38,390.344738
29.39,390.5703781
29.40,390.7960792
29.41,391.0218413
29.42,391.2476644
29.43,391.4735486
29.44,391.6994937
29.45,391.9254998
29.46,392.1515669
29.47,392.3776951
29.48,392.6038842
29.49,392.8301343
29.50,393.0564454
29.51,393.2828176
29.52,393.5092507
29.53,393.7357448
29.54,393.9623
29.55,394.1889161
29.56,394.4155932
29.57,394.6423313
29.58,394.8691305
29.59,395.0959906
29.60,395.3229118
29.61,395.5498939
29.62,395.776937
29.63,396.0040412
29.64,396.2312063
29.65,396.4584324
29.66,396.6857196
29.67,396.9130677
29.68,397.1404769
29.69,397.367947
29.70,397.5954781
29.71,397.8230703
29.72,398.0507234
29.73,398.2784376
29.74,398.5062127
29.75,398.7340489
29.76,398.961946
29.77,399.1899042
29.78,399.4179233
29.79,399.6460035
29.80,399.8741446
29.81,400.1023468
29.82,400.3306099
29.83,400.5589341
29.84,400.7873192
29.85,401.0157654
29.86,401.2442725
29.87,401.4728407
29.88,401.7014698
29.89,401.93016
29.90,402.1589112
29.91,402.3877233
29.92,402.6165965
29.93,402.8455306
29.94,403.0745258
29.95,403.303582
29.96,403.5326991
29.97,403.7618773
29.98,403.9911164
29.99,404.2204166
30.00,404.4497778
30.01,404.6791999