,Class,red_ls8,nir_ls8,NDVI_ls8,red_ls7,nir_ls7,NDVI_ls7
0,1.0,0.07643000781536102,0.3167800307273865,0.6112509369850159,0.08223249018192291,0.29068249464035034,0.5589746236801147
1,0.0,0.09713749587535858,0.36608749628067017,0.5806033611297607,0.06287248432636261,0.22836749255657196,0.5682427883148193
2,0.0,0.32563501596450806,0.43159252405166626,0.13992822170257568,0.3454350233078003,0.4282100200653076,0.10699350386857986
3,0.0,0.07021500170230865,0.35170501470565796,0.6671644449234009,0.07854749262332916,0.3239850401878357,0.6097334623336792
4,0.0,0.05420999228954315,0.33971500396728516,0.7247698903083801,0.10786248743534088,0.43698251247406006,0.6040617823600769
5,0.0,0.03518000245094299,0.39647501707077026,0.8369994759559631,0.03372250497341156,0.35464751720428467,0.8263381719589233
6,0.0,0.406374990940094,0.4946775436401367,0.09799934178590775,0.37992000579833984,0.4554625153541565,0.09042864292860031
7,0.0,0.09688998758792877,0.2917274832725525,0.5013606548309326,0.08393751084804535,0.23218999803066254,0.46896421909332275
8,0.0,0.06311999261379242,0.2978324890136719,0.6502586603164673,0.07136999070644379,0.29805248975753784,0.6136131286621094
9,0.0,0.049947500228881836,0.3352600336074829,0.74067223072052,0.06710751354694366,0.33834004402160645,0.6689707636833191
10,0.0,0.041999995708465576,0.4134424924850464,0.815563976764679,0.05044250190258026,0.42342501878738403,0.7871028780937195
11,1.0,0.1433650106191635,0.3814600110054016,0.45366546511650085,0.14762748777866364,0.3562150001525879,0.4139935076236725
12,1.0,0.07010500133037567,0.27608001232147217,0.59498530626297,0.07676000893115997,0.29277247190475464,0.5845561027526855
13,0.0,0.06237749755382538,0.3108674883842468,0.6657556891441345,0.08710001409053802,0.36350250244140625,0.6134064197540283
14,1.0,0.0729924887418747,0.29249751567840576,0.6005773544311523,0.06215749680995941,0.26043248176574707,0.61463463306427
15,0.0,0.34961503744125366,0.42799001932144165,0.10079021751880646,0.37255001068115234,0.4413825273513794,0.0845678374171257
16,0.0,0.19619248807430267,0.35638004541397095,0.289894163608551,0.213407501578331,0.36792999505996704,0.26580512523651123
17,1.0,0.2094474881887436,0.35110002756118774,0.25270387530326843,0.22176750004291534,0.3690025210380554,0.24922561645507812
18,0.0,0.04210999608039856,0.37387001514434814,0.7975383400917053,0.01689249277114868,0.3644375205039978,0.9114022254943848
19,0.0,0.09078501164913177,0.37931501865386963,0.6137629747390747,0.10090498626232147,0.3911125063896179,0.5898316502571106
20,0.0,0.4103900194168091,0.483210027217865,0.08149060606956482,0.4829624891281128,0.5768750309944153,0.08861031383275986
21,1.0,0.059572502970695496,0.3573700189590454,0.714241087436676,0.05379749834537506,0.32340753078460693,0.7147573232650757
22,0.0,0.3234900236129761,0.39611750841140747,0.10092651844024658,0.31898003816604614,0.37568503618240356,0.08162926137447357
23,0.0,0.2583425045013428,0.3606700301170349,0.1653076857328415,0.28193747997283936,0.3647950291633606,0.12811718881130219
24,1.0,0.12793751060962677,0.27511751651763916,0.36516109108924866,0.14553751051425934,0.2814425230026245,0.31829360127449036
25,1.0,0.045272499322891235,0.21981500089168549,0.6584335565567017,0.05877499282360077,0.2739899754524231,0.6467477083206177
26,0.0,0.4148175120353699,0.5013050436973572,0.09440606832504272,0.5202249884605408,0.6364400386810303,0.10047424584627151
27,1.0,0.07315750420093536,0.4836224913597107,0.7372122406959534,0.03308999538421631,0.49583250284194946,0.8748776912689209
28,0.0,0.043540000915527344,0.18376250565052032,0.6168981790542603,0.03383250534534454,0.18835501372814178,0.6954599022865295
29,1.0,0.08655001223087311,0.29170000553131104,0.5423661470413208,0.07244248688220978,0.3053399920463562,0.6164857745170593
30,0.0,0.053577497601509094,0.3197774887084961,0.712994396686554,0.049617499113082886,0.2679675221443176,0.6875324845314026
31,1.0,0.03878249228000641,0.2801774740219116,0.7568190693855286,0.036334991455078125,0.25677502155303955,0.7520726919174194
32,0.0,0.06108500063419342,0.2917274832725525,0.6537254452705383,0.04144999384880066,0.25383251905441284,0.7192519307136536
33,1.0,0.033282503485679626,0.5272650122642517,0.8812499642372131,0.03220999240875244,0.4758400321006775,0.8732014894485474
34,1.0,0.12510500848293304,0.3738425374031067,0.49852439761161804,0.15802250802516937,0.42804503440856934,0.46073615550994873
35,0.0,0.09254498779773712,0.3245350122451782,0.5562242865562439,0.10662500560283661,0.3054500222206116,0.48249709606170654
36,0.0,0.061277493834495544,0.25479501485824585,0.6122567057609558,0.05074499547481537,0.22891749441623688,0.6370983123779297
37,0.0,0.46143001317977905,0.561145007610321,0.09751362353563309,0.4962725043296814,0.5828975439071655,0.08027005940675735
38,0.0,0.0444750040769577,0.30525749921798706,0.7456626892089844,0.05033250153064728,0.28284502029418945,0.6978638172149658
39,0.0,0.04516249895095825,0.3668299913406372,0.7807605862617493,0.03941500186920166,0.3118300437927246,0.7755697965621948
40,0.0,0.31490999460220337,0.41325002908706665,0.13505278527736664,0.32797253131866455,0.41239750385284424,0.11403077840805054
41,0.0,0.07480750977993011,0.3516775369644165,0.6491904258728027,0.06006748974323273,0.2893350124359131,0.6561702489852905
42,0.0,0.2096400111913681,0.3079800009727478,0.18998490273952484,0.19341500103473663,0.27442997694015503,0.17316628992557526
43,0.0,0.1408899873495102,0.34150248765945435,0.4158698618412018,0.14476750791072845,0.31887000799179077,0.3755142390727997
44,1.0,0.03611500561237335,0.3731825351715088,0.8235269784927368,0.027562499046325684,0.40964752435684204,0.8739164471626282
45,1.0,0.06479750573635101,0.3318225145339966,0.6732513904571533,0.07750250399112701,0.3477725386619568,0.6355182528495789
46,0.0,0.04565750062465668,0.23532499372959137,0.6750153303146362,0.06548498570919037,0.25836998224258423,0.5955906510353088
47,1.0,0.06405501067638397,0.2861725091934204,0.6342090964317322,0.06026001274585724,0.27613502740859985,0.6417307257652283
48,1.0,0.043925002217292786,0.43373751640319824,0.8160836100578308,0.038507506251335144,0.419575035572052,0.831875205039978
49,0.0,0.04642750322818756,0.371642529964447,0.7778961062431335,0.029597505927085876,0.33427000045776367,0.8373170495033264
50,0.0,0.04939749836921692,0.2516325116157532,0.6718101501464844,0.051954999566078186,0.2343900054693222,0.6371160745620728
51,1.0,0.055062487721443176,0.4145424962043762,0.7654945254325867,0.04571250081062317,0.4643175005912781,0.8207457661628723
52,0.0,0.06746499240398407,0.3254700303077698,0.6566098928451538,0.03394250571727753,0.3267900347709656,0.8118133544921875
53,1.0,0.11476500332355499,0.17754749953746796,0.21477869153022766,0.12276749312877655,0.18893249332904816,0.21227142214775085
54,1.0,0.2101074904203415,0.28097498416900635,0.14430873095989227,0.22338999807834625,0.2846599817276001,0.12059834599494934
55,1.0,0.03801250457763672,0.44556254148483276,0.8427854776382446,0.04700499773025513,0.45884501934051514,0.8141543865203857
56,0.0,0.04480500519275665,0.35008251667022705,0.7730746865272522,0.04114750027656555,0.31777000427246094,0.7707133293151855
57,0.0,0.05781249701976776,0.285705029964447,0.6634086966514587,0.0798950046300888,0.28361499309539795,0.5604246854782104
58,1.0,0.3030025362968445,0.4202899932861328,0.16215769946575165,0.3128200173377991,0.4010125398635864,0.12354791164398193
59,0.0,0.4053025245666504,0.475647509098053,0.07985127717256546,0.4198225140571594,0.47484999895095825,0.06150572746992111
60,1.0,0.07621000707149506,0.4631350040435791,0.7173978686332703,0.0996675044298172,0.5456900000572205,0.6911247372627258
61,0.0,0.3463975191116333,0.41066503524780273,0.08489062637090683,0.38693249225616455,0.4274125099182129,0.04970868304371834
62,0.0,0.0825899988412857,0.2552899718284607,0.5111281871795654,0.10816501080989838,0.3634750247001648,0.5413238406181335
63,1.0,0.15837998688220978,0.2591400146484375,0.2413298338651657,0.1689399927854538,0.26425498723983765,0.22002792358398438
64,0.0,0.530180037021637,0.6257150173187256,0.08265022188425064,0.5373575091362,0.6118000149726868,0.06478007137775421
65,1.0,0.06034250557422638,0.33770751953125,0.6968095302581787,0.07656748592853546,0.39130502939224243,0.6726993918418884
66,0.0,0.31548750400543213,0.3768399953842163,0.0886177271604538,0.3200250267982483,0.3707900047302246,0.07348562777042389
67,0.0,0.034987494349479675,0.4364050030708313,0.8515567779541016,0.020659998059272766,0.5070800185203552,0.9217039346694946
68,0.0,0.3624575138092041,0.449055016040802,0.10671123117208481,0.34694749116897583,0.42518502473831177,0.10132656246423721
69,1.0,0.18940000236034393,0.38566750288009644,0.34129470586776733,0.19418500363826752,0.3701850175857544,0.3118521571159363
70,0.0,0.466902494430542,0.5655175447463989,0.09551834315061569,0.41484498977661133,0.5090050101280212,0.10192132741212845
71,1.0,0.05852748453617096,0.30745750665664673,0.6801645755767822,0.06903250515460968,0.33143752813339233,0.6552426815032959
72,0.0,0.12315250933170319,0.22627748548984528,0.295123428106308,0.13957001268863678,0.25130248069763184,0.2858540117740631
73,1.0,0.24717749655246735,0.4640974998474121,0.3049734830856323,0.2614225149154663,0.47196251153945923,0.28707975149154663
74,0.0,0.1638524979352951,0.3024800419807434,0.29727184772491455,0.14974500238895416,0.27025002241134644,0.28692013025283813
75,1.0,0.043209999799728394,0.37956249713897705,0.7955874800682068,0.05869249999523163,0.43516749143600464,0.7623111009597778
76,0.0,0.07307501137256622,0.29667752981185913,0.6047356128692627,0.07687000930309296,0.3197774887084961,0.6124013662338257
77,0.0,0.036939993500709534,0.2710750102996826,0.7601416110992432,0.022337496280670166,0.13638000190258026,0.7185251116752625
78,0.0,0.3221150040626526,0.40420252084732056,0.11301877349615097,0.3449125289916992,0.4347274899482727,0.11520054936408997
79,1.0,0.025417491793632507,0.40060001611709595,0.880673885345459,0.02753499150276184,0.4325824975967407,0.8803132176399231
80,0.0,0.05756498873233795,0.2710474729537964,0.6496481895446777,0.042934998869895935,0.2278449982404709,0.6828790903091431
81,0.0,0.18502749502658844,0.20240749418735504,0.0448591373860836,0.1815900057554245,0.20342500507831573,0.0567120723426342
82,0.0,0.0431549996137619,0.28056252002716064,0.7333786487579346,0.05605249106884003,0.3143875002861023,0.6973733901977539
83,0.0,0.03814999759197235,0.38269752264022827,0.8186991214752197,0.027480006217956543,0.4456174969673157,0.8838294148445129
84,0.0,0.3371025323867798,0.4035699963569641,0.08973933756351471,0.3506050109863281,0.41055500507354736,0.07876135408878326
85,1.0,0.08000500500202179,0.3339950442314148,0.6135025024414062,0.08935500681400299,0.3162025213241577,0.5593473315238953
86,1.0,0.0758800059556961,0.34331750869750977,0.6379749774932861,0.07764001190662384,0.35907500982284546,0.6444362998008728
87,1.0,0.06039749085903168,0.5105175375938416,0.7884185910224915,0.042934998869895935,0.49187248945236206,0.8394374847412109
88,0.0,0.39688754081726074,0.47707754373550415,0.0917542427778244,0.4132224917411804,0.49553000926971436,0.09057198464870453
89,0.0,0.08646748960018158,0.3828350305557251,0.6315063238143921,0.03339250385761261,0.3013800382614136,0.8005064129829407
90,0.0,0.2968975305557251,0.4015899896621704,0.14988450706005096,0.2591400146484375,0.34499502182006836,0.14211228489875793
91,0.0,0.3763999938964844,0.47982752323150635,0.12079444527626038,0.39328503608703613,0.47047752141952515,0.08936771750450134
92,0.0,0.17394499480724335,0.1938825100660324,0.05420343950390816,0.16742749512195587,0.19377250969409943,0.07293747365474701
93,0.0,0.04906749725341797,0.3560500144958496,0.7577616572380066,0.049892500042915344,0.3422999978065491,0.7455714344978333
94,0.0,0.048022493720054626,0.42911750078201294,0.7987068295478821,0.06611751019954681,0.4175950288772583,0.7266247272491455
95,0.0,0.02879999577999115,0.3261849880218506,0.8377395868301392,0.02580249309539795,0.12120001018047333,0.6489516496658325
96,1.0,0.09848500788211823,0.2772349715232849,0.47575315833091736,0.11825750768184662,0.25419002771377563,0.3649708926677704
97,1.0,0.09477250277996063,0.47361254692077637,0.6665199995040894,0.11102499067783356,0.5088950395584106,0.6418086886405945
98,1.0,0.06807000935077667,0.4850800037384033,0.7538823485374451,0.08008749783039093,0.4520525336265564,0.6989984512329102
99,0.0,0.46533501148223877,0.5633450150489807,0.09527743607759476,0.4557650089263916,0.5351850390434265,0.08014534413814545
100,0.0,0.475427508354187,0.6153200268745422,0.1282537877559662,0.49811500310897827,0.6197200417518616,0.1087862104177475
101,0.0,0.4930275082588196,0.5918624997138977,0.09110139310359955,0.49954503774642944,0.5839975476264954,0.07794110476970673
102,1.0,0.06763000786304474,0.3008025288581848,0.6328771114349365,0.36086249351501465,0.5145600438117981,0.1755695641040802
103,0.0,0.1066799908876419,0.4296950101852417,0.6022186875343323,0.1150125116109848,0.38555753231048584,0.5404738187789917
104,0.0,0.2906550168991089,0.42672502994537354,0.18967632949352264,0.2947250008583069,0.42697250843048096,0.18324506282806396
105,0.0,0.427715003490448,0.5090875029563904,0.08686196058988571,0.4318125247955322,0.4890674948692322,0.06217418983578682
106,0.0,0.021292492747306824,0.28509998321533203,0.8610115647315979,0.0210999995470047,0.27965497970581055,0.859686553478241
107,0.0,0.2472599893808365,0.30759501457214355,0.10874016582965851,0.2543550133705139,0.3238750100135803,0.12022896111011505
108,0.0,0.09042750298976898,0.23004500567913055,0.4356614053249359,0.06540249288082123,0.15208248794078827,0.3985562324523926
109,1.0,0.05962748825550079,0.3849525451660156,0.731758177280426,0.07296501100063324,0.3727700114250183,0.6726080775260925
110,1.0,0.024729996919631958,0.5755550265312195,0.9176056981086731,0.025609999895095825,0.5293000340461731,0.9076966643333435
111,1.0,0.1164424866437912,0.2582324743270874,0.3784346282482147,0.11468251049518585,0.23221750557422638,0.33881518244743347
112,0.0,0.3098224997520447,0.3996925354003906,0.12666402757167816,0.34031999111175537,0.417044997215271,0.10130519419908524
113,0.0,0.34480249881744385,0.4163300395011902,0.09397514164447784,0.33647000789642334,0.4020025134086609,0.08874061703681946
114,0.0,0.1223825067281723,0.30465251207351685,0.4268268048763275,0.1320350021123886,0.2787474989891052,0.3571537137031555
115,0.0,0.15356750786304474,0.2612299919128418,0.25955432653427124,0.1571974903345108,0.24676500260829926,0.22172234952449799
116,0.0,0.4588175415992737,0.5716500282287598,0.10949640721082687,0.48480498790740967,0.5726400017738342,0.08306343108415604
117,0.0,0.155877485871315,0.23023749887943268,0.19258515536785126,0.14674751460552216,0.2052675038576126,0.16624288260936737
118,0.0,0.17169000208377838,0.3426024913787842,0.33232545852661133,0.17988498508930206,0.3130950331687927,0.27021390199661255
119,1.0,0.04766499996185303,0.2962375283241272,0.7227993607521057,0.04838000237941742,0.3095475435256958,0.7296658754348755
120,0.0,0.09257249534130096,0.20325998961925507,0.3741559684276581,0.09554250538349152,0.21709249913692474,0.3887920081615448
121,0.0,0.12257499992847443,0.43368250131607056,0.559286892414093,0.15728001296520233,0.41061002016067505,0.44608986377716064
122,1.0,0.06350500881671906,0.39317500591278076,0.7218840718269348,0.049892500042915344,0.32827502489089966,0.7361355423927307
123,1.0,0.06471501290798187,0.3731275200843811,0.7043913006782532,0.051130011677742004,0.31933748722076416,0.7239704132080078
124,0.0,0.4505675435066223,0.5523450374603271,0.10148192197084427,0.4561775326728821,0.5261375308036804,0.07121951133012772
125,0.0,0.07574249804019928,0.2140675038099289,0.47729548811912537,0.0799499899148941,0.20331500470638275,0.4355109632015228
126,0.0,0.05157001316547394,0.3067700266838074,0.71217280626297,0.0762924998998642,0.33451753854751587,0.6285752058029175
127,1.0,0.04398000240325928,0.4266425371170044,0.8130986094474792,0.07458750903606415,0.40288251638412476,0.6875719428062439
128,0.0,0.07467000186443329,0.18444998562335968,0.4236646592617035,0.06611751019954681,0.15398000180721283,0.3991980254650116
129,0.0,0.05225749313831329,0.3135074973106384,0.7142565250396729,0.05478750169277191,0.32351750135421753,0.7103526592254639
130,0.0,0.36944252252578735,0.441272497177124,0.0886007696390152,0.3781050443649292,0.4337925314903259,0.06858929991722107
131,0.0,0.3536025285720825,0.4804050326347351,0.15203998982906342,0.3119950294494629,0.41976749897003174,0.14727792143821716
132,0.0,0.3808550238609314,0.45746999979019165,0.09139054268598557,0.3913875222206116,0.4526575207710266,0.0725909098982811
133,0.0,0.49701499938964844,0.60544753074646,0.09835484623908997,0.487060010433197,0.5723650455474854,0.08052011579275131
134,0.0,0.09141750633716583,0.3024800419807434,0.535831093788147,0.11366499960422516,0.28070002794265747,0.423554390668869
135,0.0,0.0495074987411499,0.30423998832702637,0.7200969457626343,0.04840749502182007,0.271542489528656,0.6974058747291565
136,1.0,0.05993001163005829,0.29170000553131104,0.6591302752494812,0.07546751201152802,0.3664725422859192,0.6584716439247131
137,0.0,0.017085000872612,0.3122425079345703,0.8962430357933044,0.021320000290870667,0.327037513256073,0.8775970935821533
138,0.0,0.42111504077911377,0.516017496585846,0.10126897692680359,0.39045250415802,0.48948001861572266,0.11253989487886429
139,0.0,0.3357275128364563,0.43536001443862915,0.12921036779880524,0.33583754301071167,0.421500027179718,0.11311004310846329
140,0.0,0.03996500372886658,0.6430400013923645,0.8829731345176697,0.038589999079704285,0.5699450373649597,0.873170793056488
141,0.0,0.4012874960899353,0.4814774990081787,0.09083957970142365,0.4075300097465515,0.4892600178718567,0.09113617241382599
142,1.0,0.05640999972820282,0.5127450227737427,0.8017762899398804,0.04378749430179596,0.46189749240875244,0.826819121837616
143,1.0,0.048875004053115845,0.34972500801086426,0.7547666430473328,0.049205005168914795,0.2926350235939026,0.7121167778968811
144,1.0,0.04832500219345093,0.48862749338150024,0.8200026750564575,0.013345003128051758,0.24057750403881073,0.8948891162872314
145,0.0,0.2839999794960022,0.37189000844955444,0.13400118052959442,0.2976124882698059,0.3690575361251831,0.10716703534126282
146,1.0,0.286887526512146,0.5118100047111511,0.2816115915775299,0.30825501680374146,0.51579749584198,0.25185588002204895
147,0.0,0.14861749112606049,0.37142252922058105,0.4284382462501526,0.17699749767780304,0.3617424964904785,0.34292054176330566
148,0.0,0.05176250636577606,0.22622250020503998,0.6275877952575684,0.05729000270366669,0.22206999361515045,0.5898482203483582
149,1.0,0.021870002150535583,0.48282504081726074,0.9133337140083313,0.026875004172325134,0.4962725043296814,0.8972564339637756
150,0.0,0.10615749657154083,0.28518247604370117,0.45746666193008423,0.10475499927997589,0.2525399923324585,0.41362181305885315
151,0.0,0.04422749578952789,0.27888500690460205,0.7262409329414368,0.06287248432636261,0.35481250286102295,0.6989479064941406
152,1.0,0.13739751279354095,0.3311625123023987,0.41353291273117065,0.14848001301288605,0.3382300138473511,0.3898625373840332
153,0.0,0.3833025097846985,0.4815325140953064,0.11358235776424408,0.38861000537872314,0.4626399874687195,0.08696620911359787
154,0.0,0.36152249574661255,0.4841175079345703,0.1449730545282364,0.24701251089572906,0.3182375431060791,0.12600624561309814
155,0.0,0.2668675184249878,0.3449125289916992,0.12757037580013275,0.3084750175476074,0.3709825277328491,0.0919962003827095
156,0.0,0.1692975014448166,0.3253050446510315,0.315420001745224,0.1846425086259842,0.34763503074645996,0.3062171936035156
157,0.0,0.13420750200748444,0.26708751916885376,0.33112800121307373,0.1063225120306015,0.2193474918603897,0.3470537066459656
158,0.0,0.030670002102851868,0.32371002435684204,0.826909065246582,0.025334998965263367,0.2283400148153305,0.8002562522888184
159,0.0,0.40390002727508545,0.49918752908706665,0.10551302880048752,0.4141849875450134,0.4994075298309326,0.09328287839889526
160,0.0,0.06589750945568085,0.31251752376556396,0.6517183184623718,0.07296501100063324,0.30963003635406494,0.6185783743858337
161,1.0,0.06705249845981598,0.2896925210952759,0.6240872740745544,0.04073500633239746,0.2733575105667114,0.7406178116798401
162,0.0,0.14548249542713165,0.23243750631809235,0.23008841276168823,0.13516999781131744,0.2110699862241745,0.21921208500862122
163,0.0,0.09579001367092133,0.26989251375198364,0.4761028587818146,0.09617500007152557,0.24387751519680023,0.4343520700931549
164,0.0,0.2370300143957138,0.26629000902175903,0.05813397467136383,0.22913749516010284,0.2628524899482727,0.06852781027555466
165,0.0,0.04939749836921692,0.3350675106048584,0.7430325150489807,0.014225006103515625,0.11479251086711884,0.7794871926307678
166,1.0,0.06320248544216156,0.3152400255203247,0.6659862399101257,0.0859449952840805,0.4297500252723694,0.666682779788971
167,0.0,0.09171999990940094,0.270579993724823,0.4936792850494385,0.08558748662471771,0.2604600191116333,0.5053425431251526
168,0.0,0.0642475038766861,0.2837250232696533,0.6307323575019836,0.07153500616550446,0.27233999967575073,0.5839476585388184
169,0.0,0.02572000026702881,0.34026503562927246,0.8594477772712708,0.022337496280670166,0.2889224886894226,0.8564704656600952
170,1.0,0.06408248841762543,0.2833399772644043,0.6310976147651672,0.07901500165462494,0.28619998693466187,0.5672959089279175
171,0.0,0.4080800414085388,0.49888503551483154,0.10011961311101913,0.40365248918533325,0.4770500063896179,0.08333974331617355
172,0.0,0.4854925274848938,0.5861150026321411,0.09389862418174744,0.5089225172996521,0.5868850350379944,0.0711461752653122
173,1.0,0.06083749234676361,0.332455039024353,0.6906246542930603,0.051542505621910095,0.33402252197265625,0.7326390147209167
174,0.0,0.03053249418735504,0.36182498931884766,0.8443639874458313,0.028634995222091675,0.3695250153541565,0.8561633825302124
175,0.0,0.2632099986076355,0.397272527217865,0.20297664403915405,0.18568749725818634,0.36146754026412964,0.32126185297966003
176,0.0,0.14116500318050385,0.2547674775123596,0.2869238555431366,0.1441350132226944,0.2411550134420395,0.25181031227111816
177,0.0,0.2040025144815445,0.35236501693725586,0.2666627764701843,0.2087874859571457,0.3395500183105469,0.2384708821773529
178,0.0,0.034657493233680725,0.36974501609802246,0.8285990953445435,0.02981749176979065,0.332455039024353,0.8353863954544067
179,1.0,0.05283500254154205,0.22314248979091644,0.6171064376831055,0.04499749839305878,0.2641174793243408,0.7088623642921448
180,0.0,0.034932494163513184,0.4095650315284729,0.8428225517272949,0.0281125009059906,0.3557475209236145,0.853527307510376
181,0.0,0.23287750780582428,0.3430975079536438,0.19136247038841248,0.2583425045013428,0.34815752506256104,0.14808741211891174
182,0.0,0.4427574872970581,0.5211875438690186,0.08136361837387085,0.4384400248527527,0.5066674947738647,0.07219016551971436
183,0.0,0.3227199912071228,0.4031575322151184,0.11081420630216599,0.3577825427055359,0.4533725380897522,0.11784429103136063
184,0.0,0.039002493023872375,0.28509998321533203,0.7593200206756592,0.05074499547481537,0.35368502140045166,0.7490541934967041
185,0.0,0.04409000277519226,0.48678499460220337,0.8338968753814697,0.036967501044273376,0.47581249475479126,0.8558152914047241
186,1.0,0.03311750292778015,0.4102250337600708,0.8506008386611938,0.024537503719329834,0.3862450122833252,0.8805328607559204
187,1.0,0.0411749929189682,0.4237825274467468,0.8228870034217834,0.04538249969482422,0.4410250186920166,0.813397228717804
188,1.0,0.04824249446392059,0.3780224919319153,0.7736501693725586,0.04122999310493469,0.34799253940582275,0.7881417870521545
189,0.0,0.36171501874923706,0.4361025094985962,0.0932387262582779,0.3468925356864929,0.4047800302505493,0.0770115852355957
190,0.0,0.03138500452041626,0.28757500648498535,0.8032041192054749,0.038672491908073425,0.2964025139808655,0.7691710591316223
191,1.0,0.04480500519275665,0.4023600220680237,0.7996042370796204,0.060562506318092346,0.4034600257873535,0.7389674186706543
192,0.0,0.03938749432563782,0.33347249031066895,0.7887277007102966,0.04455749690532684,0.3089975118637085,0.7479457855224609
193,0.0,0.3405125141143799,0.44745999574661255,0.13572488725185394,0.34582000970840454,0.45441752672195435,0.1357066035270691
194,0.0,0.35470253229141235,0.4431149959564209,0.11081790179014206,0.3391374945640564,0.42254501581192017,0.10950431227684021
195,1.0,0.0578949898481369,0.39537501335144043,0.7445451617240906,0.042494997382164,0.2916725277900696,0.7456664443016052
196,0.0,0.198667511343956,0.39785003662109375,0.33390891551971436,0.1832674890756607,0.3845674991607666,0.35450443625450134
197,0.0,0.2354074865579605,0.3041574954986572,0.12741747498512268,0.2604600191116333,0.3199700117111206,0.10252741724252701
198,0.0,0.375932514667511,0.4583500027656555,0.09878846257925034,0.3837699890136719,0.442097544670105,0.07062579691410065
199,0.0,0.43046504259109497,0.5347450375556946,0.10803864896297455,0.4301075339317322,0.5256699919700623,0.09998399764299393
200,0.0,0.11267499625682831,0.20281998813152313,0.28572559356689453,0.13673751056194305,0.2137099951505661,0.2196405529975891
201,0.0,0.03075249493122101,0.2756674885749817,0.7992788553237915,0.02580249309539795,0.2421724945306778,0.8074261546134949
202,0.0,0.04510749876499176,0.41014254093170166,0.801834225654602,0.040460005402565,0.34694749116897583,0.7911243438720703
203,0.0,0.036582499742507935,0.19162748754024506,0.6793961524963379,0.06644751131534576,0.2721474766731262,0.6075103878974915
204,0.0,0.051624998450279236,0.3594599962234497,0.7488353252410889,0.04843500256538391,0.331107497215271,0.7447716593742371
205,0.0,0.09070248901844025,0.29656749963760376,0.5315800905227661,0.11825750768184662,0.33828502893447876,0.4819430708885193
206,0.0,0.04384249448776245,0.0652099996805191,0.19593779742717743,0.053247496485710144,0.07684250175952911,0.1813744753599167
207,1.0,0.06265251338481903,0.34637004137039185,0.693647563457489,0.06446750462055206,0.31221503019332886,0.6577091217041016
208,1.0,0.051212504506111145,0.37865501642227173,0.7617289423942566,0.08578000962734222,0.40893250703811646,0.6532126665115356
209,1.0,0.04365000128746033,0.3463975191116333,0.7761811017990112,0.04865500330924988,0.33911001682281494,0.7490490078926086
210,1.0,0.031192496418952942,0.5271275043487549,0.8882630467414856,0.0438150018453598,0.5803675055503845,0.8596082925796509
211,0.0,0.11784501373767853,0.17749251425266266,0.20196384191513062,0.14121998846530914,0.19610999524593353,0.1627190262079239
212,1.0,0.05275250971317291,0.4094000458717346,0.7717096209526062,0.045932501554489136,0.3359200358390808,0.7594228386878967
213,1.0,0.03336499631404877,0.47388750314712524,0.8684481382369995,0.03267750144004822,0.4702025055885315,0.870038628578186
214,0.0,0.07354249060153961,0.28529250621795654,0.5901041626930237,0.07637499272823334,0.2889224886894226,0.5818476676940918
215,0.0,0.12942250072956085,0.17845501005649567,0.15925979614257812,0.06600750982761383,0.09650500118732452,0.18766242265701294
216,0.0,0.2491850107908249,0.2886199951171875,0.07332580536603928,0.2525950074195862,0.2913975119590759,0.07132911682128906
217,1.0,0.1726524978876114,0.3532450199127197,0.34339872002601624,0.15117500722408295,0.4237000346183777,0.4740595519542694
218,0.0,0.027287498116493225,0.28672248125076294,0.8261998891830444,0.037242501974105835,0.33352750539779663,0.7991072535514832
219,0.0,0.08080248534679413,0.399197518825531,0.663322925567627,0.05712498724460602,0.2406875044107437,0.6163694262504578
220,0.0,0.17413748800754547,0.2869424819946289,0.2446538656949997,0.1669599860906601,0.255840003490448,0.2102176398038864
221,0.0,0.036609992384910583,0.28644752502441406,0.7733530402183533,0.04370500147342682,0.2997574806213379,0.7455035448074341
222,0.0,0.45268499851226807,0.545882523059845,0.0933312177658081,0.45477503538131714,0.5252025127410889,0.07186642289161682
223,0.0,0.1846974939107895,0.2226475030183792,0.09316429495811462,0.17375250160694122,0.2087874859571457,0.09158515930175781
224,0.0,0.33743250370025635,0.4433075189590454,0.13560853898525238,0.30118751525878906,0.40736502408981323,0.14985129237174988
225,1.0,0.05368749797344208,0.47484999895095825,0.796845018863678,0.04543749988079071,0.4494125247001648,0.8163584470748901
226,0.0,0.4809275269508362,0.5856200456619263,0.09816019237041473,0.4861525297164917,0.567965030670166,0.07761231064796448
227,0.0,0.28380751609802246,0.43354499340057373,0.20873625576496124,0.37304502725601196,0.5377700328826904,0.18085449934005737
228,1.0,0.10747750103473663,0.3545650243759155,0.5347722768783569,0.10272000730037689,0.344307541847229,0.5404309630393982
229,0.0,0.11924751102924347,0.23725001513957977,0.33100512623786926,0.11415998637676239,0.22427000105381012,0.3253553807735443
230,1.0,0.14826001226902008,0.48032253980636597,0.5282719731330872,0.04909500479698181,0.4238924980163574,0.7924046516418457
231,0.0,0.08003251254558563,0.23458249866962433,0.49123525619506836,0.09337000548839569,0.22965998947620392,0.42191123962402344
232,0.0,0.30932754278182983,0.3695800304412842,0.08874917775392532,0.31832003593444824,0.3667200207710266,0.0706527829170227
233,0.0,0.042192503809928894,0.39399999380111694,0.8065417408943176,0.04029500484466553,0.36537253856658936,0.8013397455215454
234,0.0,0.024729996919631958,0.2949175238609314,0.8452670574188232,0.02973499894142151,0.3159550428390503,0.8279672861099243
235,1.0,0.04177999496459961,0.29164499044418335,0.7493889331817627,0.043292492628097534,0.2587825059890747,0.713365912437439
236,0.0,0.023079991340637207,0.32274752855300903,0.8665230870246887,0.023244991898536682,0.3345450162887573,0.8700635433197021
237,0.0,0.5091975331306458,0.6231850385665894,0.10066165030002594,0.479140043258667,0.5776450037956238,0.09321191161870956
238,0.0,0.2596074938774109,0.37884753942489624,0.18676342070102692,0.26912248134613037,0.3870975375175476,0.17977972328662872
239,0.0,0.029322504997253418,0.30454254150390625,0.8243451714515686,0.0448324978351593,0.3774450421333313,0.7876633405685425
240,0.0,0.2253975123167038,0.2861449718475342,0.11875349283218384,0.305477499961853,0.41234248876571655,0.14887435734272003
241,0.0,0.13505999743938446,0.4808725118637085,0.561445415019989,0.04409000277519226,0.5336999893188477,0.8473839163780212
242,0.0,0.16566748917102814,0.2989324927330017,0.286838173866272,0.1765574961900711,0.3043774962425232,0.2657739818096161
243,1.0,0.14350248873233795,0.2750625014305115,0.31431204080581665,0.1407250016927719,0.2500374913215637,0.279741495847702
244,1.0,0.07334999740123749,0.3389725089073181,0.6442105174064636,0.10794501006603241,0.3449125289916992,0.5232716202735901
245,0.0,0.11259250342845917,0.1545575112104416,0.15708406269550323,0.13055001199245453,0.16844500601291656,0.1267412155866623
246,0.0,0.11787249147891998,0.30591750144958496,0.4437221586704254,0.13038499653339386,0.2951924800872803,0.3872561454772949
247,0.0,0.31603753566741943,0.3936700224876404,0.10938658565282822,0.3020949959754944,0.38910502195358276,0.12588255107402802
248,0.0,0.0631750077009201,0.29626500606536865,0.6484808921813965,0.06289999186992645,0.27970999479293823,0.6328186392784119
249,0.0,0.3593500256538391,0.43129003047943115,0.09098957479000092,0.23837749660015106,0.27786749601364136,0.07649468630552292
250,0.0,0.030009999871253967,0.27872002124786377,0.8055906891822815,0.03149500489234924,0.2883175015449524,0.8030408024787903
251,1.0,0.07692499458789825,0.4263949990272522,0.6943297386169434,0.06333999335765839,0.406017541885376,0.7300991415977478
252,0.0,0.3321250081062317,0.4234524965286255,0.12087110430002213,0.29038000106811523,0.3848150372505188,0.13986334204673767
253,0.0,0.050964996218681335,0.37040501832962036,0.7580985426902771,0.04816000163555145,0.35577499866485596,0.761545717716217
254,0.0,0.5378525257110596,0.6607775092124939,0.1025545597076416,0.5109575390815735,0.6084725260734558,0.08711127936840057
255,0.0,0.37202751636505127,0.441272497177124,0.08514075726270676,0.3767300248146057,0.430822491645813,0.06698321551084518
256,0.0,0.03600500524044037,0.3453800082206726,0.8111881017684937,0.0371599942445755,0.3621000051498413,0.8138557076454163
257,0.0,0.07469750940799713,0.3773900270462036,0.6695441007614136,0.05244998633861542,0.2965124845504761,0.6993946433067322
258,1.0,0.038617491722106934,0.3838525414466858,0.8171823620796204,0.0368025004863739,0.39251500368118286,0.8285534381866455
259,0.0,0.45411503314971924,0.5484400391578674,0.09408460557460785,0.4373674988746643,0.49781250953674316,0.06463462859392166
260,1.0,0.062102511525154114,0.35715001821517944,0.7037465572357178,0.06273500621318817,0.33306002616882324,0.6829923987388611
261,1.0,0.19588999450206757,0.32497501373291016,0.2478281557559967,0.2226475030183792,0.33899998664855957,0.20716284215450287
262,0.0,0.09502001106739044,0.3846225142478943,0.6037882566452026,0.08066500723361969,0.3587999939918518,0.6328945755958557
263,1.0,0.2199525088071823,0.30723750591278076,0.16556647419929504,0.22124500572681427,0.29667752981185913,0.145644411444664
264,0.0,0.4180900454521179,0.5269350409507751,0.11517683416604996,0.4392099976539612,0.5285025238990784,0.09227174520492554
265,1.0,0.05971001088619232,0.2863374948501587,0.6549027562141418,0.054319992661476135,0.2542725205421448,0.6479500532150269
266,0.0,0.09218750894069672,0.18681500852108002,0.339163601398468,0.19410251080989838,0.3167800307273865,0.24012860655784607
267,0.0,0.05341251194477081,0.12722249329090118,0.4086139500141144,0.06661249697208405,0.1465275138616562,0.3749414086341858
268,0.0,0.391414999961853,0.46475750207901,0.08566322922706604,0.40450501441955566,0.4488900303840637,0.05200992897152901
269,1.0,0.07736499607563019,0.2264149934053421,0.49065113067626953,0.029184997081756592,0.5088675022125244,0.8915161490440369
270,0.0,0.10016249120235443,0.19462500512599945,0.32044273614883423,0.10395748913288116,0.17430250346660614,0.2528032064437866
271,0.0,0.03452000021934509,0.5638675093650818,0.8846233487129211,0.012382492423057556,0.18940000236034393,0.87726891040802
272,1.0,0.29937249422073364,0.4362674951553345,0.1860896646976471,0.31512999534606934,0.4210600256919861,0.14388951659202576
273,0.0,0.0776674896478653,0.3453800082206726,0.6328191161155701,0.07733748853206635,0.2713775038719177,0.5564429759979248
274,1.0,0.15051500499248505,0.45843249559402466,0.5056551694869995,0.16344000399112701,0.4497700333595276,0.4669363498687744
275,0.0,0.4516950249671936,0.54899001121521,0.09722838550806046,0.4702575206756592,0.5574875473976135,0.08487516641616821
276,0.0,0.06078250706195831,0.2487175017595291,0.6072213053703308,0.06960998475551605,0.2341424971818924,0.5416663885116577
277,0.0,0.4488900303840637,0.5683774948120117,0.117459237575531,0.43525004386901855,0.5159075260162354,0.08479928225278854
278,0.0,0.3430975079536438,0.4160275459289551,0.09607117623090744,0.3500000238418579,0.4071725010871887,0.07550785690546036
279,1.0,0.048600003123283386,0.44292253255844116,0.8022470474243164,0.047637492418289185,0.41503751277923584,0.7940779328346252
280,0.0,0.12551750242710114,0.37463998794555664,0.4980880916118622,0.11825750768184662,0.29805248975753784,0.43187764286994934
281,0.0,0.054072484374046326,0.39333999156951904,0.7582879066467285,0.0558599978685379,0.39699751138687134,0.7532999515533447
282,1.0,0.057180002331733704,0.3903149962425232,0.7444441318511963,0.054072484374046326,0.32183998823165894,0.7123133540153503
283,1.0,0.0612499862909317,0.35882753133773804,0.7083872556686401,0.10610251128673553,0.36765503883361816,0.5520809292793274
284,0.0,0.16305498778820038,0.37255001068115234,0.39113715291023254,0.16311000287532806,0.35451000928878784,0.3697693347930908
285,1.0,0.03836999833583832,0.4010125398635864,0.8253457546234131,0.05049748718738556,0.4164125323295593,0.7836950421333313
286,0.0,0.03542749583721161,0.27283501625061035,0.7701472043991089,0.02772749960422516,0.2320524901151657,0.7865309119224548
287,1.0,0.33702003955841064,0.4400625228881836,0.13260172307491302,0.3360300064086914,0.418392539024353,0.10917294770479202
288,0.0,0.46066004037857056,0.5600175261497498,0.09734463691711426,0.5358999967575073,0.6491725444793701,0.09558279812335968
289,0.0,0.08984999358654022,0.39210253953933716,0.6271416544914246,0.10893501341342926,0.40365248918533325,0.5749603509902954
290,1.0,0.2247375100851059,0.3294849991798401,0.1889989823102951,0.270579993724823,0.3547850251197815,0.13464941084384918
291,0.0,0.1648149937391281,0.2563899755477905,0.21741192042827606,0.1564825028181076,0.22226248681545258,0.17367883026599884
292,0.0,0.02753499150276184,0.30820000171661377,0.8359718918800354,0.03537249565124512,0.3084750175476074,0.7942547798156738
293,0.0,0.10423250496387482,0.18769501149654388,0.2859014570713043,0.1752374917268753,0.2505599856376648,0.17689746618270874
294,0.0,0.07189248502254486,0.34403252601623535,0.6543006896972656,0.053165003657341,0.23615001142024994,0.6324766874313354
295,0.0,0.47474002838134766,0.5862525105476379,0.1051020473241806,0.3739525079727173,0.4406675100326538,0.0818970799446106
296,0.0,0.40791499614715576,0.5313900113105774,0.13145358860492706,0.4356074929237366,0.5289700031280518,0.0967910960316658
297,0.0,0.36512500047683716,0.46533501148223877,0.12066807597875595,0.38830751180648804,0.46060502529144287,0.08516485244035721
298,1.0,0.14094500243663788,0.3065224885940552,0.3700324296951294,0.1471325010061264,0.29038000106811523,0.32741349935531616
299,0.0,0.38382500410079956,0.47119253873825073,0.10218215733766556,0.39922499656677246,0.465719997882843,0.07687772065401077
300,0.0,0.07057251036167145,0.2414575070142746,0.5476556420326233,0.07070998847484589,0.2150299996137619,0.5050746202468872
301,0.0,0.3847600221633911,0.44902753829956055,0.07707900553941727,0.4005725383758545,0.44968754053115845,0.057764679193496704
302,0.0,0.4829624891281128,0.5864725112915039,0.09678944945335388,0.4826875329017639,0.5870500206947327,0.09755896776914597
303,0.0,0.03677499294281006,0.23675499856472015,0.7311081290245056,0.05467750132083893,0.28345000743865967,0.6765865087509155
304,1.0,0.05830751359462738,0.38500750064849854,0.7369476556777954,0.06702499091625214,0.3460950255393982,0.6755179762840271
305,0.0,0.2828724980354309,0.43354499340057373,0.2103138118982315,0.2613674998283386,0.40797001123428345,0.21902628242969513
306,0.0,0.2126374989748001,0.25292497873306274,0.08653506636619568,0.2053224891424179,0.24090750515460968,0.07974591106176376
307,0.0,0.30987751483917236,0.39974749088287354,0.1266443133354187,0.2891700267791748,0.37219250202178955,0.12553247809410095
308,0.0,0.060150012373924255,0.40208500623703003,0.7397426962852478,0.03638999164104462,0.3311350345611572,0.8019726276397705
309,0.0,0.21214251220226288,0.3400450348854065,0.23162876069545746,0.21046499907970428,0.300445020198822,0.1761171519756317
310,1.0,0.06421999633312225,0.2171200066804886,0.543470561504364,0.0782725065946579,0.23031999170780182,0.4927128255367279
311,1.0,0.13291500508785248,0.17911501228809357,0.14806270599365234,0.12262998521327972,0.1621750146150589,0.13884949684143066
312,1.0,0.058334991335868835,0.3677375316619873,0.7261733412742615,0.04683999717235565,0.3050650358200073,0.7337917685508728
313,0.0,0.35893750190734863,0.4353874921798706,0.09624522924423218,0.3821200132369995,0.44806504249572754,0.07943413406610489
314,0.0,0.038672491908073425,0.22952251136302948,0.7116091251373291,0.03903000056743622,0.27132248878479004,0.7484794855117798
315,0.0,0.4490000009536743,0.5508875250816345,0.10189898312091827,0.47361254692077637,0.5457450151443481,0.07076267898082733
316,1.0,0.05338500440120697,0.2606250047683716,0.6599789261817932,0.058334991335868835,0.2844949960708618,0.6596855521202087
317,0.0,0.26246750354766846,0.31694501638412476,0.0940219834446907,0.2807825207710266,0.33072251081466675,0.08166734129190445
318,0.0,0.10802750289440155,0.28961002826690674,0.456653356552124,0.07678748667240143,0.2816625237464905,0.5715582370758057
319,0.0,0.10511250793933868,0.23920251429080963,0.3894398808479309,0.11020000278949738,0.2220975011587143,0.3367389142513275
320,1.0,0.08041749894618988,0.3792325258255005,0.6500924229621887,0.0729375034570694,0.4161375164985657,0.7017329335212708
321,0.0,0.3986474871635437,0.47138500213623047,0.08360321819782257,0.4054949879646301,0.47047752141952515,0.07418330013751984
322,0.0,0.5103800296783447,0.611222505569458,0.08990927785634995,0.49247753620147705,0.5896075367927551,0.089761883020401
323,0.0,0.1320350021123886,0.20521248877048492,0.21698452532291412,0.1407250016927719,0.20152749121189117,0.17765389382839203
324,0.0,0.052009984850883484,0.31136250495910645,0.7137373089790344,0.07087500393390656,0.3239850401878357,0.6410120725631714
325,0.0,0.04926000535488129,0.11380250751972198,0.3958144783973694,0.056932494044303894,0.1320899873971939,0.3976114094257355
326,0.0,0.058252498507499695,0.27816998958587646,0.6536943316459656,0.06933499872684479,0.28691500425338745,0.6107509136199951
327,1.0,0.24932248890399933,0.3510175347328186,0.16939574480056763,0.2679949998855591,0.37147754430770874,0.16182483732700348
328,0.0,0.3720549941062927,0.4708900451660156,0.11724969744682312,0.37651002407073975,0.4626675248146057,0.10266897827386856
329,0.0,0.3170825242996216,0.38371503353118896,0.09508096426725388,0.393559992313385,0.4890674948692322,0.10820816457271576
330,0.0,0.10018999874591827,0.2596625089645386,0.4431607723236084,0.11641500890254974,0.2540249824523926,0.3714770972728729
331,1.0,0.028992503881454468,0.4810374975204468,0.8863105177879333,0.029542505741119385,0.4519975185394287,0.8772999048233032
332,0.0,0.030835002660751343,0.2759150266647339,0.7989568114280701,0.03704999387264252,0.2978324890136719,0.7787283062934875
333,0.0,0.13962499797344208,0.4296950101852417,0.5095025300979614,0.14999251067638397,0.42829251289367676,0.4812505543231964
334,0.0,0.04873749613761902,0.27415502071380615,0.6981194019317627,0.03669250011444092,0.22382999956607819,0.7183161377906799
335,0.0,0.07274501025676727,0.30459749698638916,0.614435076713562,0.0749724954366684,0.2730274796485901,0.5691235065460205
336,0.0,0.03399750590324402,0.31018000841140747,0.8024420142173767,0.03160500526428223,0.2945050001144409,0.8061696887016296
337,0.0,0.4599175453186035,0.556332528591156,0.09487327933311462,0.43555253744125366,0.5327374935150146,0.10036761313676834
338,0.0,0.06804250180721283,0.2674174904823303,0.5943331122398376,0.09897999465465546,0.2509174942970276,0.43423429131507874
339,1.0,0.051872506737709045,0.3613849878311157,0.7489579916000366,0.062185004353523254,0.38566750288009644,0.7222970128059387
340,0.0,0.33396750688552856,0.37915003299713135,0.06335915625095367,0.3380100131034851,0.3740900158882141,0.05066704377532005
341,1.0,0.23513250052928925,0.3604224920272827,0.21037517488002777,0.2515774965286255,0.35145753622055054,0.16562891006469727
342,1.0,0.03688499331474304,0.45730501413345337,0.8507254719734192,0.031275004148483276,0.5198400020599365,0.886502742767334
343,0.0,0.1117674857378006,0.2050199955701828,0.29436931014060974,0.04139499366283417,0.08402000367641449,0.33987170457839966
344,0.0,0.07621000707149506,0.30129754543304443,0.5962464213371277,0.08473499119281769,0.29351502656936646,0.5519630908966064
345,0.0,0.3738425374031067,0.4487525224685669,0.09106544405221939,0.3575350046157837,0.4427025318145752,0.10642781108617783
346,0.0,0.0792899876832962,0.2859799861907959,0.5658554434776306,0.08082999289035797,0.2747049927711487,0.5453050136566162
347,0.0,0.051707491278648376,0.25006502866744995,0.6573081016540527,0.06350500881671906,0.23975248634815216,0.5811809301376343
348,0.0,0.24041248857975006,0.2990425229072571,0.10868383198976517,0.2692875266075134,0.3343524932861328,0.10778769850730896
349,0.0,0.07802499830722809,0.250202476978302,0.5245675444602966,0.08877749741077423,0.25089001655578613,0.4772682785987854
350,0.0,0.3877575397491455,0.4589275121688843,0.08405719697475433,0.39765751361846924,0.47765499353408813,0.09139305353164673
351,0.0,0.17597998678684235,0.3224450349807739,0.2938557267189026,0.1843399852514267,0.31617504358291626,0.26339879631996155
352,0.0,0.03636249899864197,0.2669224739074707,0.7602090239524841,0.03575749695301056,0.2569674849510193,0.7556922435760498
353,0.0,0.22008998692035675,0.3861350417137146,0.27390003204345703,0.2566649913787842,0.41275501251220703,0.23317202925682068
354,0.0,0.027150005102157593,0.28746497631073,0.8274080753326416,0.016920000314712524,0.23009999096393585,0.8630070090293884
355,1.0,0.10863249003887177,0.4699000120162964,0.6244549751281738,0.09710998833179474,0.42768752574920654,0.6299145221710205
356,0.0,0.09039999544620514,0.23023749887943268,0.4361233711242676,0.11154748499393463,0.23362000286579132,0.3536616861820221
357,0.0,0.05102001130580902,0.3525850176811218,0.7471784353256226,0.05069001019001007,0.2758600115776062,0.6895421743392944
358,1.0,0.08181999623775482,0.4153125286102295,0.6708322167396545,0.05541999638080597,0.3696625232696533,0.7392507195472717
359,1.0,0.10060249269008636,0.3236275315284729,0.5257171988487244,0.11336250603199005,0.2673349976539612,0.40444839000701904
360,1.0,0.1973475068807602,0.33839499950408936,0.26327478885650635,0.2125825136899948,0.33006250858306885,0.2164951115846634
361,1.0,0.09669749438762665,0.31430500745773315,0.5294554233551025,0.09224249422550201,0.27954500913619995,0.5037891864776611
362,0.0,0.40945500135421753,0.5250375270843506,0.12368480116128922,0.3732374906539917,0.4640974998474121,0.10851094126701355
363,0.0,0.08616499602794647,0.37895750999450684,0.6294954419136047,0.036637499928474426,0.16300000250339508,0.6329597234725952
364,0.0,0.04502500593662262,0.4225724935531616,0.8074198961257935,0.031880006194114685,0.3237375020980835,0.8207061290740967
365,0.0,0.21956749260425568,0.36608749628067017,0.2501814365386963,0.20089499652385712,0.33438003063201904,0.24937653541564941
366,0.0,0.17053501307964325,0.45507752895355225,0.45482224225997925,0.03713250160217285,0.3760150074958801,0.8202458024024963
367,1.0,0.02904750406742096,0.40029752254486084,0.864689290523529,0.030175000429153442,0.4118199944496155,0.8634600043296814
368,0.0,0.025004997849464417,0.25616997480392456,0.8221392631530762,0.026600003242492676,0.2438500076532364,0.803290843963623
369,1.0,0.03407999873161316,0.5379075407981873,0.8808366656303406,0.027232497930526733,0.5871325135231018,0.9113475680351257
370,0.0,0.0435124933719635,0.39886748790740967,0.8032799959182739,0.040322497487068176,0.357479989528656,0.7972738742828369
371,1.0,0.06837250292301178,0.36842501163482666,0.6869373917579651,0.044612497091293335,0.33641499280929565,0.7658305764198303
372,1.0,0.20678000152111053,0.31424999237060547,0.20626449584960938,0.23931251466274261,0.32274752855300903,0.1484450101852417
373,1.0,0.126397505402565,0.3176324963569641,0.43068036437034607,0.10865999758243561,0.2886199951171875,0.45298027992248535
374,0.0,0.3054500222206116,0.46819502115249634,0.2103613317012787,0.358085036277771,0.49822503328323364,0.16365566849708557
375,0.0,0.044337496161460876,0.4710000157356262,0.8279282450675964,0.03443749248981476,0.41391003131866455,0.8463804125785828
376,0.0,0.4585975408554077,0.569367527961731,0.10775656998157501,0.4638500213623047,0.5540775060653687,0.08863841742277145
377,0.0,0.06163500249385834,0.2945324778556824,0.6538987159729004,0.04931500554084778,0.2590849995613098,0.6801880598068237
378,1.0,0.0986499935388565,0.30267250537872314,0.5083754658699036,0.07813499867916107,0.25377750396728516,0.5291831493377686
379,0.0,0.1227950006723404,0.25892001390457153,0.35661426186561584,0.1367649883031845,0.24599500000476837,0.2853747010231018
380,0.0,0.3290725350379944,0.4435275197029114,0.14814260601997375,0.3190075159072876,0.40918004512786865,0.12383145838975906
381,0.0,0.32263749837875366,0.3664175271987915,0.06353633105754852,0.32107001543045044,0.34793752431869507,0.040160249918699265
382,0.0,0.02910250425338745,0.12788249552249908,0.6292320489883423,0.11924751102924347,0.19798000156879425,0.24818934500217438
383,0.0,0.4262850284576416,0.5086475014686584,0.088094562292099,0.43962252140045166,0.5140650272369385,0.07805754244327545
384,0.0,0.025499999523162842,0.3120500445365906,0.8489112854003906,0.01909250020980835,0.25743502378463745,0.8619124889373779
385,0.0,0.023684993386268616,0.27995747327804565,0.8439942598342896,0.030945003032684326,0.25850749015808105,0.7861825227737427
386,1.0,0.03006500005722046,0.5803124904632568,0.9014871716499329,0.033309996128082275,0.5364775061607361,0.8830792307853699
387,0.0,0.0478300005197525,0.2216850072145462,0.6450661420822144,0.0438150018453598,0.19715501368045807,0.6363447904586792
388,0.0,0.03743499517440796,0.24316249787807465,0.7331765294075012,0.04991999268531799,0.2505050301551819,0.6676708459854126
389,1.0,0.21313248574733734,0.29494500160217285,0.16102369129657745,0.23224501311779022,0.30099499225616455,0.1289287656545639
390,1.0,0.06342248618602753,0.3480750322341919,0.6917478442192078,0.07607249915599823,0.3690299987792969,0.6581798195838928
391,0.0,0.43780750036239624,0.5400525331497192,0.104559987783432,0.4506224989891052,0.5373024940490723,0.08773945271968842
392,0.0,0.10021750628948212,0.3181000351905823,0.5208543539047241,0.09122501313686371,0.2713775038719177,0.49683186411857605
393,1.0,0.2753099799156189,0.5688725113868713,0.34774771332740784,0.05696000158786774,0.4441875219345093,0.7726817727088928
394,0.0,0.4346725344657898,0.5429400205612183,0.1107468232512474,0.4456999897956848,0.5339750051498413,0.09010642766952515
395,0.0,0.3595700263977051,0.47251254320144653,0.13573475182056427,0.40268999338150024,0.5085375308990479,0.11615928262472153
396,1.0,0.11880750954151154,0.1799675077199936,0.20470251142978668,0.13052250444889069,0.18104000389575958,0.16214242577552795
397,0.0,0.059160009026527405,0.29475247859954834,0.6656800508499146,0.06361500918865204,0.2756950259208679,0.6250331401824951
398,1.0,0.0956525057554245,0.33102500438690186,0.5516402721405029,0.0672449916601181,0.3185400366783142,0.6513861417770386
399,0.0,0.15840749442577362,0.3203825354576111,0.33830076456069946,0.1544475108385086,0.29098498821258545,0.30652788281440735
400,1.0,0.08841998875141144,0.37466752529144287,0.6181284189224243,0.07937251031398773,0.3399900197982788,0.6214610934257507
401,1.0,0.05277998745441437,0.3891324996948242,0.7611293196678162,0.04384249448776245,0.3406500220298767,0.7719461917877197
402,1.0,0.05041499435901642,0.34216248989105225,0.7431590557098389,0.047279998660087585,0.3481299877166748,0.7608557343482971
403,1.0,0.3688099980354309,0.4629974961280823,0.1132323294878006,0.36795753240585327,0.44314253330230713,0.09269510209560394
404,0.0,0.10131751000881195,0.2599650025367737,0.4391230642795563,0.0789874941110611,0.22201500833034515,0.4751705229282379
405,0.0,0.08501000702381134,0.313260018825531,0.573103666305542,0.08129750192165375,0.2773450016975403,0.5466376543045044
406,0.0,0.37686753273010254,0.46442753076553345,0.10407762974500656,0.3775550127029419,0.4714674949645996,0.11061247438192368
407,0.0,0.36375004053115845,0.4317300319671631,0.08545781672000885,0.3780224919319153,0.47856253385543823,0.11737310141324997
408,1.0,0.10241751372814178,0.4291725158691406,0.6146747469902039,0.10568998754024506,0.41421252489089966,0.5934237837791443
409,0.0,0.07142500579357147,0.30759501457214355,0.6231068968772888,0.07403750717639923,0.29038000106811523,0.5936666131019592
410,0.0,0.37752753496170044,0.4853000044822693,0.12490615248680115,0.3796725273132324,0.4995725154876709,0.13636697828769684
411,0.0,0.08170999586582184,0.2720925211906433,0.5381039381027222,0.09243498742580414,0.27935248613357544,0.5027536153793335
412,0.0,0.11558999121189117,0.2586175203323364,0.3822144865989685,0.11314250528812408,0.24010999500751495,0.3594241738319397
413,0.0,0.12114499509334564,0.28474247455596924,0.4030611515045166,0.09372751414775848,0.24352000653743744,0.44416189193725586
414,0.0,0.2735775113105774,0.3485425114631653,0.12049925327301025,0.27671247720718384,0.35536253452301025,0.12443152815103531
415,1.0,0.06870250403881073,0.40868502855300903,0.7121729850769043,0.05082748830318451,0.34089750051498413,0.7404939532279968
416,0.0,0.4218299984931946,0.5200050473213196,0.10423804819583893,0.41000503301620483,0.5136800408363342,0.11224064230918884
417,0.0,0.24995501339435577,0.3093550205230713,0.10620229691267014,0.2250949889421463,0.2860350012779236,0.11922606080770493
418,0.0,0.08556000888347626,0.24297000467777252,0.47913429141044617,0.10189498960971832,0.24767251312732697,0.4170225262641907
419,0.0,0.05764751136302948,0.28169000148773193,0.6602349281311035,0.06779499351978302,0.25297999382019043,0.577305018901825
420,1.0,0.10684500634670258,0.3974100351333618,0.5762262940406799,0.11652500927448273,0.4007375240325928,0.5494551062583923
421,0.0,0.06105749309062958,0.43450748920440674,0.7535842657089233,0.05599750578403473,0.34097999334335327,0.7178807854652405
422,1.0,0.29494500160217285,0.43876999616622925,0.19602297246456146,0.2931849956512451,0.3873175382614136,0.13832798600196838
423,0.0,0.3372125029563904,0.4368175268173218,0.1286836713552475,0.35027503967285156,0.42488253116607666,0.09624816477298737
424,0.0,0.05343998968601227,0.2733849883079529,0.6729748845100403,0.040460005402565,0.25234752893447876,0.7236409783363342
425,1.0,0.05338500440120697,0.28853750228881836,0.6877362132072449,0.05151499807834625,0.2545199990272522,0.6633391976356506
426,0.0,0.3551425337791443,0.41589003801345825,0.07878720760345459,0.36696749925613403,0.41198503971099854,0.057792406529188156
427,0.0,0.17705251276493073,0.19886000454425812,0.05801214650273323,0.20463500916957855,0.23059500753879547,0.059646617621183395
428,1.0,0.05115748941898346,0.32714754343032837,0.7295437455177307,0.05244998633861542,0.31826502084732056,0.717033326625824
429,1.0,0.20768751204013824,0.3310525417327881,0.22898805141448975,0.19036249816417694,0.30872249603271484,0.23715397715568542
430,0.0,0.0649624913930893,0.21255500614643097,0.5318313837051392,0.06311999261379242,0.18978498876094818,0.5008402466773987
431,0.0,0.2820199728012085,0.33427000045776367,0.08478156477212906,0.2902424931526184,0.344307541847229,0.0852021872997284
432,1.0,0.03768250346183777,0.5871325135231018,0.8793804049491882,0.04365000128746033,0.5100775361061096,0.8423413038253784
433,1.0,0.04642750322818756,0.3000600337982178,0.7320106029510498,0.055475011467933655,0.32593750953674316,0.7091076374053955
434,1.0,0.1036825031042099,0.37651002407073975,0.568162739276886,0.1190275102853775,0.36542749404907227,0.5086127519607544
435,0.0,0.26689499616622925,0.33636003732681274,0.11515036970376968,0.29739248752593994,0.3638325333595276,0.10048023611307144
436,0.0,0.18318499624729156,0.3146350383758545,0.2640513479709625,0.1639624983072281,0.26868247985839844,0.24204599857330322
437,0.0,0.17094750702381134,0.4935225248336792,0.48546212911605835,0.1785924881696701,0.4740524888038635,0.45271164178848267
438,0.0,0.19828249514102936,0.2457749992609024,0.10695125162601471,0.200702503323555,0.2404399961233139,0.09007858484983444
439,1.0,0.1956699937582016,0.43618500232696533,0.38064906001091003,0.2113174945116043,0.4062650203704834,0.31566232442855835
440,0.0,0.0749724954366684,0.3077325224876404,0.6081969141960144,0.09801749885082245,0.3094649910926819,0.5189118385314941
441,0.0,0.054237499833106995,0.18862999975681305,0.5533573031425476,0.05036000907421112,0.17677749693393707,0.5565680861473083
442,0.0,0.04873749613761902,0.3162575364112854,0.7329415678977966,0.05099250376224518,0.29505497217178345,0.7052860856056213
443,0.0,0.1137474924325943,0.3034425377845764,0.45469698309898376,0.08751250803470612,0.32137250900268555,0.5719456672668457
444,1.0,0.02706749737262726,0.31334251165390015,0.8409712910652161,0.026985004544258118,0.29901498556137085,0.8344479203224182
445,1.0,0.2139575034379959,0.38844501972198486,0.2896527051925659,0.21343500912189484,0.376675009727478,0.2766263782978058
446,1.0,0.15376000106334686,0.20829249918460846,0.15062041580677032,0.16101999580860138,0.2086225003004074,0.1287798434495926
447,0.0,0.08181999623775482,0.3237375020980835,0.5965060591697693,0.07736499607563019,0.3160099983215332,0.6066603660583496
448,0.0,0.05019499361515045,0.4579375386238098,0.8024334907531738,0.039277493953704834,0.42433249950408936,0.8305580615997314
449,1.0,0.2913699746131897,0.4054400324821472,0.16370324790477753,0.3060550093650818,0.3946325182914734,0.12641513347625732
450,1.0,0.08314000070095062,0.34469252824783325,0.6113432049751282,0.10288499295711517,0.36660999059677124,0.5617205500602722
451,0.0,0.05993001163005829,0.36699503660202026,0.7192480564117432,0.08490000665187836,0.4904150366783142,0.7048572897911072
452,0.0,0.3079250454902649,0.4077500104904175,0.13948364555835724,0.29164499044418335,0.3671875,0.11466117948293686
453,1.0,0.1459224969148636,0.18964751064777374,0.13030071556568146,0.16511748731136322,0.22726748883724213,0.1583903729915619
454,0.0,0.03485000133514404,0.3915800452232361,0.8365499973297119,0.04675750434398651,0.36457502841949463,0.7726534605026245
455,0.0,0.07601751387119293,0.28823500871658325,0.5826109647750854,0.08363498747348785,0.29332250356674194,0.5562630295753479
456,0.0,0.03168749809265137,0.3876200318336487,0.8488579392433167,0.057592496275901794,0.2648324966430664,0.6427541375160217
457,0.0,0.22228999435901642,0.4188600182533264,0.3065897524356842,0.16434751451015472,0.3272300362586975,0.3313465416431427
458,0.0,0.19990499317646027,0.2816625237464905,0.16977377235889435,0.20455248653888702,0.27588748931884766,0.14847849309444427
459,1.0,0.30459749698638916,0.43277502059936523,0.1738300770521164,0.315185010433197,0.4193274974822998,0.14178450405597687
460,0.0,0.4394025206565857,0.5416200160980225,0.10419484972953796,0.45532500743865967,0.5232500433921814,0.06941218674182892
461,0.0,0.06914250552654266,0.23859749734401703,0.5506433844566345,0.07678748667240143,0.2497350126504898,0.529664933681488
462,0.0,0.31238001585006714,0.3755199909210205,0.09178656339645386,0.4368175268173218,0.5431874990463257,0.10854022949934006
463,1.0,0.15263248980045319,0.22325249016284943,0.1878766268491745,0.17790500819683075,0.24431748688220978,0.15729260444641113
464,0.0,0.3873724937438965,0.4802400469779968,0.10703805088996887,0.3891875147819519,0.47738003730773926,0.101772241294384
465,1.0,0.2708824872970581,0.372825026512146,0.1583677977323532,0.2838349938392639,0.37326502799987793,0.13609805703163147
466,1.0,0.029707491397857666,0.3663625121116638,0.8499886989593506,0.021017491817474365,0.2896375060081482,0.8646891713142395
467,0.0,0.05756498873233795,0.4496600031852722,0.7730199694633484,0.0702425092458725,0.4642075300216675,0.7371408939361572
468,0.0,0.31700003147125244,0.3724125027656555,0.08037636429071426,0.31339752674102783,0.3679025173187256,0.08000145107507706
469,1.0,0.09546001255512238,0.39845502376556396,0.6134557723999023,0.08451499044895172,0.3376525044441223,0.5996139645576477
470,0.0,0.45045751333236694,0.5602375268936157,0.1086183413863182,0.46382254362106323,0.5421425104141235,0.07785555720329285
471,0.0,0.022887498140335083,0.3056425452232361,0.8606672286987305,0.028744995594024658,0.3781599998474121,0.8587139844894409
472,0.0,0.019724994897842407,0.2411550134420395,0.848781168460846,0.020632505416870117,0.25977247953414917,0.8528378009796143
473,1.0,0.054567500948905945,0.5638400316238403,0.8235224485397339,0.032044991850852966,0.5895799994468689,0.8968992233276367
474,0.0,0.035317495465278625,0.3674899935722351,0.8246433734893799,0.030175000429153442,0.35013753175735474,0.8413147330284119
475,0.0,0.02605000138282776,0.23485751450061798,0.800312340259552,0.024592503905296326,0.16366000473499298,0.7387285232543945
476,0.0,0.017277494072914124,0.36416250467300415,0.9094091653823853,0.022997498512268066,0.358085036277771,0.8793043494224548
477,0.0,0.037929996848106384,0.5061725378036499,0.8605777025222778,0.026407495141029358,0.41858500242233276,0.8813126683235168
478,0.0,0.2591950297355652,0.32742249965667725,0.11630656570196152,0.291920006275177,0.354592502117157,0.0969393402338028
479,0.0,0.12293250858783722,0.15870998799800873,0.12703153491020203,0.13497750461101532,0.1621199995279312,0.09135887771844864
480,1.0,0.16748251020908356,0.3901500105857849,0.3993086814880371,0.16775749623775482,0.3677924871444702,0.37351319193840027
481,0.0,0.39801502227783203,0.5093899965286255,0.12274008989334106,0.40010499954223633,0.48461252450942993,0.09551921486854553
482,1.0,0.037847504019737244,0.3806625008583069,0.8191320896148682,0.039525002241134644,0.3427950143814087,0.7932360172271729
483,0.0,0.318292498588562,0.4083000421524048,0.12387622892856598,0.30094003677368164,0.38022249937057495,0.11639287322759628
484,0.0,0.18918000161647797,0.2276800125837326,0.09235716611146927,0.19908000528812408,0.23433499038219452,0.08134233206510544
485,0.0,0.061359986662864685,0.30643999576568604,0.6663404107093811,0.0739549845457077,0.31029003858566284,0.6150633692741394
486,0.0,0.24901999533176422,0.32910001277923584,0.13851799070835114,0.25688499212265015,0.3381749987602234,0.1366080790758133
487,0.0,0.04672999680042267,0.3088325262069702,0.7371490001678467,0.06237749755382538,0.30789750814437866,0.6630747318267822
488,0.0,0.041917502880096436,0.21434248983860016,0.6728518009185791,0.03903000056743622,0.19080249965190887,0.6603613495826721
489,0.0,0.25177001953125,0.3164225220680237,0.1137862578034401,0.27223002910614014,0.33647000789642334,0.10553634911775589
490,0.0,0.37070751190185547,0.4534274935722351,0.10037188231945038,0.3478550314903259,0.4323350191116333,0.10828129202127457
491,1.0,0.037599995732307434,0.357699990272522,0.8097648024559021,0.05025000870227814,0.37890249490737915,0.7658175230026245
492,0.0,0.03905749320983887,0.32041001319885254,0.7826924920082092,0.04524499177932739,0.34133750200271606,0.7659232020378113
493,0.0,0.22735001146793365,0.2749524712562561,0.09476851671934128,0.25221002101898193,0.3025349974632263,0.09071730822324753
494,0.0,0.04733499884605408,0.340815007686615,0.7560994625091553,0.04675750434398651,0.23675499856472015,0.6701555848121643
495,1.0,0.04007500410079956,0.43200498819351196,0.8302194476127625,0.05412749946117401,0.43439751863479614,0.7784043550491333
496,0.0,0.4864550232887268,0.5742350220680237,0.08275744318962097,0.4485875368118286,0.5457175374031067,0.09768632054328918
497,0.0,0.07244248688220978,0.31562501192092896,0.6266500949859619,0.03570249676704407,0.1659425050020218,0.6458876132965088
498,0.0,0.06845499575138092,0.2392299920320511,0.555031955242157,0.07645748555660248,0.2657949924468994,0.5532100200653076
499,0.0,0.14963500201702118,0.3331425189971924,0.3801078200340271,0.179252490401268,0.31867754459381104,0.28000932931900024
500,1.0,0.10651500523090363,0.43973249197006226,0.6100119948387146,0.05077250301837921,0.32401251792907715,0.7290580868721008
501,1.0,0.18571500480175018,0.28600752353668213,0.21260912716388702,0.21475501358509064,0.31119751930236816,0.18336732685565948
502,1.0,0.056354984641075134,0.4223250150680542,0.7645400166511536,0.07505498826503754,0.4693775177001953,0.7242817282676697
503,0.0,0.4874175190925598,0.5765175223350525,0.08374571800231934,0.506475031375885,0.5918624997138977,0.07774246484041214
504,1.0,0.051130011677742004,0.47138500213623047,0.8042927384376526,0.044915005564689636,0.42364501953125,0.8082848787307739
505,0.0,0.3748599886894226,0.45315253734588623,0.09455478936433792,0.38503503799438477,0.46093499660491943,0.08971944451332092
506,0.0,0.14198999106884003,0.36435502767562866,0.4391571283340454,0.13324500620365143,0.30765002965927124,0.39557039737701416
507,0.0,0.10896249115467072,0.2852100133895874,0.44713297486305237,0.11454500257968903,0.2937074899673462,0.4388521611690521
508,0.0,0.06727249920368195,0.24910248816013336,0.574729323387146,0.07106749713420868,0.2636774778366089,0.5753931403160095
509,0.0,0.034657493233680725,0.3184025287628174,0.8036737442016602,0.0311100035905838,0.280287504196167,0.8001911044120789
510,1.0,0.04672999680042267,0.5458000302314758,0.8422696590423584,0.05346749722957611,0.5623825192451477,0.826361894607544
511,1.0,0.05327500402927399,0.2234724909067154,0.6149919629096985,0.07623748481273651,0.3017925024032593,0.5966590642929077
512,1.0,0.13990001380443573,0.3803325295448303,0.4621635377407074,0.12317998707294464,0.35555499792099,0.48539385199546814
513,0.0,0.14919500052928925,0.22531498968601227,0.20325222611427307,0.15392498672008514,0.20449750125408173,0.14109748601913452
514,0.0,0.12895499169826508,0.26582252979278564,0.3466953635215759,0.11473749577999115,0.24423499405384064,0.3607449233531952
515,1.0,0.09375499188899994,0.33702003955841064,0.564714789390564,0.0665849894285202,0.24970750510692596,0.5789657235145569
516,0.0,0.1440250128507614,0.3779125213623047,0.44811397790908813,0.06507249176502228,0.30712753534317017,0.6503359079360962
517,0.0,0.07937251031398773,0.14553751051425934,0.2941843271255493,0.0993099957704544,0.1836249977350235,0.29800131916999817
518,0.0,0.379782497882843,0.4524649977684021,0.08733279258012772,0.35739749670028687,0.41198503971099854,0.07094980776309967
519,0.0,0.0698850005865097,0.2278449982404709,0.5305477976799011,0.06941749155521393,0.24195249378681183,0.5541157126426697
520,0.0,0.06966499984264374,0.250587522983551,0.5649370551109314,0.07555000483989716,0.22831250727176666,0.5027356147766113
521,0.0,0.03394250571727753,0.3623200058937073,0.8286867141723633,0.03743499517440796,0.35715001821517944,0.8102563619613647
522,0.0,0.24462001025676727,0.3326200246810913,0.1524495929479599,0.25779247283935547,0.3224174976348877,0.1113821342587471
523,0.0,0.08327750861644745,0.3155425190925598,0.582380473613739,0.07764001190662384,0.25677502155303955,0.5356667637825012
524,0.0,0.275997519493103,0.4305475354194641,0.21874049305915833,0.27517247200012207,0.4289799928665161,0.21842928230762482
525,0.0,0.0719199925661087,0.19630248844623566,0.46372881531715393,0.0786299854516983,0.20386500656604767,0.4433176815509796
526,0.0,0.03608749806880951,0.24758999049663544,0.7455737590789795,0.042577505111694336,0.2907649874687195,0.7445420026779175
527,0.0,0.029789999127388,0.3785175085067749,0.8540806174278259,0.014609992504119873,0.27278000116348267,0.8983263373374939
528,1.0,0.054237499833106995,0.3465900421142578,0.7293724417686462,0.0739549845457077,0.38346749544143677,0.6766446828842163
529,1.0,0.16016750037670135,0.2211350053548813,0.1598927527666092,0.1547500044107437,0.20854000747203827,0.1480635404586792
530,0.0,0.27030497789382935,0.320217490196228,0.08452262729406357,0.275997519493103,0.3336924910545349,0.09463001042604446
531,0.0,0.12007249891757965,0.18172751367092133,0.2042909562587738,0.13055001199245453,0.17724500596523285,0.15170809626579285
532,1.0,0.2233624905347824,0.43398499488830566,0.3204127252101898,0.2298250049352646,0.4249650239944458,0.2980192303657532
533,1.0,0.07665000855922699,0.25682997703552246,0.5403021574020386,0.0770074874162674,0.2843024730682373,0.5737317204475403
534,1.0,0.03551000356674194,0.41732001304626465,0.8431640863418579,0.05508999526500702,0.432390034198761,0.773980438709259
535,0.0,0.2855125069618225,0.328220009803772,0.06958650797605515,0.310152530670166,0.32604753971099854,0.024984292685985565
536,0.0,0.05888499319553375,0.4783700108528137,0.7807931900024414,0.03284250199794769,0.38454002141952515,0.8426262736320496
537,1.0,0.04345749318599701,0.4036800265312195,0.8056190609931946,0.06793250143527985,0.4316750168800354,0.7280566096305847
538,1.0,0.06900499761104584,0.3031400442123413,0.6291499733924866,0.10714749991893768,0.36710500717163086,0.5481414794921875
539,0.0,0.06708000600337982,0.30932754278182983,0.6435777544975281,0.07134251296520233,0.2748425006866455,0.5878359079360962
540,0.0,0.21161998808383942,0.2480574995279312,0.07926755398511887,0.22028250992298126,0.26719748973846436,0.09623980522155762
541,0.0,0.034107506275177,0.2507249712944031,0.7605082988739014,0.06691499054431915,0.3265700340270996,0.6598855257034302
542,0.0,0.04664750397205353,0.3414199948310852,0.7595908641815186,0.04309999942779541,0.29005002975463867,0.7412577271461487
543,0.0,0.09028999507427216,0.3714500069618225,0.6089140772819519,0.0712599903345108,0.31292998790740967,0.6290377974510193
544,0.0,0.2998949885368347,0.38143253326416016,0.11967451870441437,0.330145001411438,0.4028550386428833,0.09919513761997223
545,1.0,0.0217600017786026,0.33275753259658813,0.8772416710853577,0.03828750550746918,0.45323503017425537,0.8442084789276123
546,0.0,0.03911249339580536,0.27608001232147217,0.7518183588981628,0.04807749390602112,0.3012700080871582,0.7247583270072937
547,0.0,0.3225550055503845,0.3619624972343445,0.05756973475217819,0.33869749307632446,0.38764750957489014,0.06739223748445511
548,0.0,0.09628500044345856,0.2315024882555008,0.41251569986343384,0.08124248683452606,0.21109749376773834,0.44419175386428833
549,0.0,0.24071501195430756,0.45675504207611084,0.309748113155365,0.26774752140045166,0.4533725380897522,0.2574120759963989
550,0.0,0.03520749509334564,0.2753649950027466,0.7732735276222229,0.030037492513656616,0.2420624941587448,0.7792173027992249
551,1.0,0.09908999502658844,0.3402925133705139,0.5489579439163208,0.09249000251293182,0.34290504455566406,0.5751444101333618
552,0.0,0.07051749527454376,0.3329775333404541,0.6504666805267334,0.07015998661518097,0.33127254247665405,0.6504519581794739
553,1.0,0.17790500819683075,0.2464899867773056,0.16160647571086884,0.17699749767780304,0.23854251205921173,0.14810851216316223
554,1.0,0.04287999868392944,0.33773499727249146,0.7746804356575012,0.04136750102043152,0.364080011844635,0.7959415316581726
555,0.0,0.3801950216293335,0.46123749017715454,0.09631487727165222,0.37818753719329834,0.45964252948760986,0.09722137451171875
556,0.0,0.10115249454975128,0.24783749878406525,0.42031291127204895,0.0883374959230423,0.19935499131679535,0.3858894407749176
557,0.0,0.0969725102186203,0.3376525044441223,0.5537647008895874,0.0852849930524826,0.25616997480392456,0.500461220741272
558,1.0,0.13833250105381012,0.347195029258728,0.4301764965057373,0.16819749772548676,0.3634750247001648,0.36728909611701965
559,1.0,0.03768250346183777,0.4194375276565552,0.8351308107376099,0.042852506041526794,0.4257625341415405,0.8171099424362183
560,0.0,0.04582250118255615,0.2591400146484375,0.6994876265525818,0.03809499740600586,0.24297000467777252,0.7289239764213562
561,1.0,0.045272499322891235,0.33220750093460083,0.7601329684257507,0.0518449991941452,0.2923325300216675,0.698731005191803
562,1.0,0.0876225084066391,0.5328750014305115,0.717573344707489,0.051047489047050476,0.2859799861907959,0.6970722079277039
563,0.0,0.07321248948574066,0.1280200034379959,0.272359162569046,0.04265999794006348,0.08022500574588776,0.3056923747062683
564,1.0,0.037929996848106384,0.4238924980163574,0.8357377052307129,0.053495004773139954,0.4462774991989136,0.785922646522522
565,0.0,0.11784501373767853,0.23224501311779022,0.326773077249527,0.09048248827457428,0.1969350129365921,0.37037593126296997
566,0.0,0.030230000615119934,0.3836050033569336,0.8539031744003296,0.02706749737262726,0.3407599925994873,0.8528251051902771
567,0.0,0.24330000579357147,0.3511275053024292,0.1813972145318985,0.2512750029563904,0.33198750019073486,0.13838107883930206
568,1.0,0.01975250244140625,0.5005900263786316,0.9240788221359253,0.026545003056526184,0.4832650423049927,0.8958632349967957
569,0.0,0.05770249664783478,0.3134250044822693,0.6890422701835632,0.06837250292301178,0.2961274981498718,0.6248422861099243
570,0.0,0.3773624897003174,0.49781250953674316,0.1376296430826187,0.3842099905014038,0.4900299906730652,0.12104228138923645
571,1.0,0.08314000070095062,0.357122540473938,0.6223161816596985,0.08165501058101654,0.3311350345611572,0.6043750643730164
572,0.0,0.28702497482299805,0.4328575134277344,0.20257826149463654,0.294064998626709,0.4595324993133545,0.219570130109787
573,0.0,0.06366999447345734,0.2144250124692917,0.5420989990234375,0.05940748751163483,0.18970249593257904,0.5230420827865601
574,1.0,0.11179499328136444,0.396310031414032,0.5599531531333923,0.06534750759601593,0.3860800266265869,0.7104851007461548
575,0.0,0.3471674919128418,0.4103625416755676,0.08342250436544418,0.3313000202178955,0.4076400399208069,0.10331016778945923
576,1.0,0.15183500945568085,0.312297523021698,0.3457256257534027,0.1939925104379654,0.3826425075531006,0.3271566927433014
577,0.0,0.3752174973487854,0.45345503091812134,0.09441308677196503,0.3655925393104553,0.4485875368118286,0.10193690657615662
578,1.0,0.05594249069690704,0.29530251026153564,0.681461751461029,0.06812499463558197,0.30423998832702637,0.6340955495834351
579,1.0,0.03319999575614929,0.4827424883842468,0.8713035583496094,0.030697494745254517,0.5226725339889526,0.8890526294708252
580,0.0,0.35962504148483276,0.46753501892089844,0.13045839965343475,0.36421751976013184,0.4527674913406372,0.10838628560304642
581,0.0,0.03339250385761261,0.4150100350379944,0.8510602116584778,0.03454749286174774,0.352447509765625,0.8214576244354248
582,0.0,0.12078748643398285,0.1775750070810318,0.1903306245803833,0.11226250231266022,0.16110248863697052,0.17866218090057373
583,0.0,0.042247503995895386,0.3356175422668457,0.77638840675354,0.027974992990493774,0.31416749954223633,0.836471676826477
584,0.0,0.19858498871326447,0.2815524935722351,0.1727994829416275,0.1749349981546402,0.24244751036167145,0.1617521345615387
585,1.0,0.3569300174713135,0.4797450304031372,0.14678938686847687,0.3710924983024597,0.4558200240135193,0.10246250033378601
586,1.0,0.09348000586032867,0.3639700412750244,0.5912996530532837,0.12950499355793,0.37112003564834595,0.4826267957687378
587,0.0,0.4397050142288208,0.5324900150299072,0.09543866664171219,0.44226253032684326,0.517942488193512,0.07881645858287811
588,0.0,0.01884499192237854,0.2277900129556656,0.8471831679344177,0.02778249979019165,0.34158504009246826,0.849567174911499
589,0.0,0.357479989528656,0.43805503845214844,0.10128410160541534,0.3529149889945984,0.4187775254249573,0.08534815907478333
590,0.0,0.07073749601840973,0.2924425005912781,0.6104549169540405,0.03671999275684357,0.34392249584198,0.8070631623268127
591,0.0,0.37290751934051514,0.48901253938674927,0.1347050964832306,0.3798375129699707,0.4804050326347351,0.11690600216388702
592,0.0,0.33347249031066895,0.4338200092315674,0.13078130781650543,0.32624000310897827,0.4211975336074829,0.12704409658908844
593,1.0,0.050634995102882385,0.30201250314712524,0.7128294706344604,0.05742751061916351,0.3416125178337097,0.7121716141700745
594,1.0,0.1535949856042862,0.25490498542785645,0.24800492823123932,0.14966250956058502,0.2318599969148636,0.21544596552848816
595,1.0,0.032319992780685425,0.4931100010871887,0.8769770264625549,0.04551999270915985,0.5215449929237366,0.8394539952278137
596,0.0,0.45100754499435425,0.5425274968147278,0.09211547672748566,0.4574425220489502,0.5288324952125549,0.07238343358039856
597,0.0,0.25784748792648315,0.5095275044441223,0.3279752731323242,0.22184999287128448,0.414900004863739,0.3031802475452423
598,0.0,0.1384425014257431,0.20026250183582306,0.18251870572566986,0.14187999069690704,0.2012525051832199,0.17303086817264557
599,1.0,0.03776499629020691,0.3273400068283081,0.7931280136108398,0.035922497510910034,0.38473254442214966,0.8292068839073181
600,1.0,0.22616751492023468,0.28738248348236084,0.11919963359832764,0.22278501093387604,0.2770150303840637,0.10850343108177185
601,0.0,0.4309599995613098,0.5152750015258789,0.08910577744245529,0.43450748920440674,0.4876100420951843,0.05758761987090111
602,1.0,0.20906250178813934,0.2889775037765503,0.1604589968919754,0.2333724945783615,0.2943124771118164,0.1154855340719223
603,0.0,0.08514748513698578,0.28900498151779175,0.5448513627052307,0.09210498631000519,0.26934248208999634,0.4903548061847687
604,0.0,0.13838748633861542,0.40527498722076416,0.49090656638145447,0.13918499648571014,0.364080011844635,0.44687193632125854
605,0.0,0.2206125110387802,0.29961997270584106,0.1518695205450058,0.20281998813152313,0.26934248208999634,0.1408889889717102
606,0.0,0.45711249113082886,0.5767375230789185,0.11570831388235092,0.4593124985694885,0.5563600063323975,0.09555000811815262
607,0.0,0.3382025361061096,0.39760249853134155,0.08072785288095474,0.361935019493103,0.39587002992630005,0.044780660420656204
608,0.0,0.0164249986410141,0.18131498992443085,0.8338727951049805,0.024399995803833008,0.29620999097824097,0.8477901816368103
609,0.0,0.020907491445541382,0.3050374984741211,0.8717115521430969,0.023959994316101074,0.32167500257492065,0.8613566756248474
