longitude,latitude,n_points,HFI,HFI_norm,D,P,Intactness
37.98618590979199,3.6954363040306886,1,863.15,0.29299667,0.78485566,0.7,0.792708
34.95454594010524,3.6585972193382834,1,1064.15,0.36353907,0.6274458,0.6,0.66557455
37.16922503161336,3.3812205816542917,1,1364.8,0.46905437,0.032869752,0.5,0.034904104
35.44428906601604,3.3552165218714176,1,1673.8,0.57750016,0.63894856,0.5,0.5399113
37.037037727717085,3.2988743923418564,1,1555.45,0.5359643,0.6000462,0.5,0.5568857
34.96104695505096,2.9976606998568966,1,635.0,0.21292578,0.5186988,0.7,0.58322066
34.74001244689653,2.9673226301102105,1,878.75,0.2984716,0.79175043,0.7,0.7934792
34.92637487534046,2.9001454756711187,1,724.85,0.24445927,0.50010747,0.7,0.53978795
36.915685448730336,2.81996629134059,1,546.4,0.18183097,0.6382648,0.7,0.7460121
34.96971497497859,2.806964261449153,1,1672.0,0.5768684,0.41655153,0.6,0.29376015
36.935188493567495,2.650939902751907,1,939.9,0.31993264,0.76647824,0.7,0.74465257
37.46610471413451,2.611933813077596,1,174.2,0.051204663,0.34678763,0.5,0.65806097
37.7434813518185,2.514418588891818,1,1344.95,0.46208784,0.06603615,0.5,0.07104329
35.44862307597985,2.492748539072756,1,873.55,0.29664662,0.36078897,0.6,0.42293692
35.64798753431522,2.384398289977447,1,2322.0,0.80499065,0.27586105,0.6,0.08965914
36.865844334146495,2.377897275031728,1,1399.3,0.4811624,0.06226173,0.6,0.05383954
38.0230249944844,2.373563265067916,1,1822.25,0.62959975,0.85185874,0.7,0.45075527
35.03689212941767,2.347559205285042,1,709.45,0.23905455,0.78562105,1.0,0.59781474
36.75966109003309,2.304219105646918,1,721.95,0.2434415,0.5808173,0.7,0.6277461
36.92435346865796,2.2608790060087944,1,688.25,0.23161425,0.57133174,0.6,0.7316719
37.93634479520815,2.258712001026888,1,939.7,0.31986246,0.90042835,0.7,0.8748787
35.435621046088414,2.245709971135451,1,1929.85,0.66736275,0.20050073,0.6,0.11115669
38.2678965574398,2.1720318017506406,1,102.1,0.025900647,0.52385944,0.7,0.7289874
37.16055701168574,1.9379952637047726,1,1476.3,0.5081861,0.3491705,0.6,0.28621152
37.875668655714776,1.8578160793742438,1,1507.4,0.51910084,0.35758224,0.6,0.28660163
35.36844389164932,1.797139939880871,1,776.65,0.26263887,0.8502104,0.7,0.89558876
37.290577310600106,1.7364638003874977,1,1808.05,0.62461615,0.8497772,0.7,0.4557038
37.392426544749696,1.7234617704960606,1,718.9,0.2423711,0.72206455,0.7,0.78151
35.38794693648648,1.6519506060931564,1,967.3,0.32954887,0.9953479,1.0,0.6673322
36.48878546729482,1.6151115214007512,1,308.75,0.09842597,0.33105567,0.5,0.59694237
37.1843940664867,1.541433352015941,1,1095.1,0.37440118,0.74872,0.7,0.66914046
35.422619016196975,1.5284313221245038,1,1847.8,0.63856673,0.8130252,0.7,0.41979194
36.01204437127546,1.4114130531015698,1,540.95,0.17991824,0.565943,0.7,0.66302794
37.29274431558201,1.339901888698666,1,571.15,0.19051716,0.8991416,0.7,1.0397711
35.05639517425483,1.3355678787348535,1,1810.5,0.625476,0.805861,0.7,0.43116328
37.9536808350634,1.318231838879604,1,81.05,0.018512996,0.26885632,0.7,0.37696996
34.89603680559377,1.3052298089881669,1,1180.7,0.40444311,0.73351645,0.7,0.6240725
37.310080355437265,1.3008957990243544,1,626.95,0.21010056,0.8228865,0.7,0.92856807
37.25590523088961,1.2900607741148233,1,230.35,0.070910916,0.97569704,0.6,1.510849
35.16041141338633,1.2705577292776677,1,1520.6,0.5237335,0.9836232,1.0,0.4684668
37.17572604655908,1.2575556993862307,1,637.55,0.21382071,0.6276917,0.7,0.70496887
35.45079008096176,1.2510546844405122,1,1477.15,0.5084844,0.8621922,1.0,0.4237809
36.68381591566637,1.2402196595309811,1,438.4,0.14392757,0.9796043,1.0,0.83861226
37.29491132056392,1.235885649567169,1,746.3,0.2519873,0.9423545,0.7,1.0069902
37.303579340491545,1.222883619675732,1,785.7,0.26581502,0.84298456,0.7,0.88415235
35.01738908458052,1.1925455499290454,1,1617.7,0.55781144,0.7207894,1.0,0.3187248
37.327416395292516,1.1578734702185463,1,371.4,0.12041344,0.89481574,0.6,1.3117797
34.70100635722222,1.1340364154175782,1,674.3,0.22671838,0.9814644,1.0,0.7589484
37.843163580986186,1.129702405453766,1,100.9,0.0254795,0.7211027,0.7,1.0038992
34.590489103145,1.1167003755623286,1,104.7,0.026813133,0.84973013,0.5,1.6538924
35.11923831873011,1.0906963157794545,1,2331.15,0.80820185,0.977069,1.0,0.18740003
36.718487995376876,1.0885293107975484,1,1985.9,0.6870339,0.8317596,0.7,0.37187508
36.82250423450837,1.0711932709422989,1,983.55,0.33525193,0.9887682,0.6,1.0954696
37.71314328207181,1.0560242360689558,1,1459.6,0.5023251,0.45609498,0.7,0.32426718
36.872345349092214,1.0386881962137062,1,805.05,0.27260605,0.8705302,0.6,1.055364
34.75301447678797,1.0343541862498937,1,713.4,0.24044083,0.9904421,1.0,0.75229937
36.86151032418268,1.0105171314489256,1,734.75,0.24793376,0.8743511,0.6,1.0959499
36.03371442109452,1.001849111521301,1,1187.85,0.40695247,0.67946196,0.7,0.5756475
37.3209153803468,0.980179061702239,1,2273.8,0.7880745,0.7119282,0.7,0.21553679
36.88534737898365,0.9693440367927084,1,883.65,0.3001913,0.7547646,0.6,0.88031805
37.53544887355551,0.9585090118831774,1,880.9,0.29922616,0.75538236,0.7,0.7562174
34.5558170234345,0.9476739869736464,1,1037.65,0.35423872,0.97325706,1.0,0.6284917
38.66879247909244,0.9433399770098339,1,894.4,0.30396408,0.45103458,0.6,0.5232271
37.63513110272319,0.9151689122450537,1,595.7,0.19913316,0.45392048,0.7,0.51932836
38.51926913534091,0.9043338873355227,1,784.8,0.26549917,0.5081391,0.6,0.6220476
35.892859097270616,0.8869978474802731,1,1084.45,0.37066346,0.3670022,0.7,0.32995412
36.44977937762051,0.8804968325345546,1,796.6,0.26964045,0.7101337,0.7,0.74093276
37.00453265298849,0.858826782715493,1,1789.25,0.61801815,0.6653661,0.7,0.36308256
37.546283898465035,0.8566597777335865,1,967.65,0.3296717,0.54274863,0.7,0.5197425
36.090056550624084,0.8544927727516805,1,1321.05,0.45369998,0.55429006,0.7,0.43258387
35.26226064753592,0.8436577478421494,1,2402.75,0.83333045,0.8763656,0.6,0.2434391
38.36107777166176,0.8436577478421494,1,777.0,0.2627617,0.088323675,0.6,0.108525984
37.310080355437265,0.8263217079868999,1,1511.8,0.5206451,0.18898791,0.7,0.12941755
38.08370113397777,0.7808146033668701,1,1033.5,0.35278225,0.2764579,0.7,0.2556121
37.15405599674002,0.7678125734754331,1,788.85,0.26692054,0.56567544,0.7,0.5924072
37.418430604532574,0.7634785635116206,1,768.3,0.25970837,0.66607076,0.7,0.7044094
35.82568194283153,0.743975518674465,1,1539.9,0.53050697,0.7867605,0.6,0.6156309
37.596125013048876,0.7288064838011219,1,1456.8,0.5013424,0.46571332,0.7,0.33175927
35.59814641973138,0.7158044539096848,1,967.15,0.32949623,0.7892446,0.7,0.75598776
35.975205286583055,0.6984684140544353,1,987.75,0.33672595,0.7296385,0.7,0.69135755
37.70664226712609,0.6659633393258426,1,1534.15,0.528489,0.5423286,0.7,0.3653056
36.56896465162535,0.6637963343439361,1,964.0,0.32839072,0.80176395,0.6,0.8974535
36.8680113391284,0.6637963343439361,1,1051.1,0.35895908,0.7010146,0.6,0.748965
37.3577544650392,0.6464602944886866,1,1590.45,0.5482478,0.3133023,0.7,0.20219286
35.41395099626935,0.6421262845248745,1,1565.25,0.53940374,0.82583755,0.6,0.63396275
37.83016155109475,0.635625269579156,1,789.85,0.2672715,0.7041299,0.7,0.7370515
35.52663525532847,0.6052871998324694,1,2182.85,0.75615495,0.8896717,0.6,0.36157003
34.44096575939348,0.5966191799048444,1,2528.0,0.8772878,0.8956674,1.0,0.10990931
35.85602001257821,0.5966191799048444,1,1852.4,0.6401811,0.74541456,0.7,0.38316318
36.694650940575904,0.5836171500134073,1,663.7,0.22299825,0.80923766,0.6,1.047965
36.813836214580746,0.5792831400495952,1,798.85,0.27043012,0.70038277,0.6,0.85163033
36.406439277982386,0.5771161350676888,1,848.75,0.2879429,0.7595042,0.5,1.0816207
37.49210877391738,0.5771161350676888,1,1603.55,0.5528454,0.72569966,0.7,0.46357134
35.314268767101666,0.5684481151400638,1,2772.95,0.9632548,0.8983428,0.6,0.055016294
35.98604031149259,0.5662811101581582,1,1536.85,0.5294365,0.5389827,0.7,0.36232224
35.218920547897795,0.5467780653210026,1,2347.3,0.8138699,0.8265443,0.6,0.25640795
34.59699011809072,0.5337760354295655,1,2505.75,0.86947906,0.9182106,1.0,0.11984571
35.656655554242846,0.522941010520034,1,1331.8,0.45747277,0.8126478,0.7,0.62983364
35.892859097270616,0.5034379656828785,1,1159.45,0.39698526,0.7656509,0.7,0.6595697
34.1354180569447,0.4796009108819108,1,2552.55,0.88590384,0.9250546,1.0,0.105545186
35.77584082824769,0.47743390590000434,1,1690.75,0.5834489,0.94987655,1.0,0.39567214
36.001209346365926,0.46659888099047375,1,2350.75,0.81508064,0.88732237,0.7,0.2344044
34.26327135087717,0.4622648710266608,1,1841.05,0.63619775,0.8883198,1.0,0.32317275
36.95685854338655,0.4535968510990367,1,984.6,0.3356204,0.81124055,0.7,0.7699595
35.422619016196975,0.44926284113522374,1,2289.95,0.7937424,0.79516655,1.0,0.16400912
36.7271560153045,0.42975979629806815,1,1109.5,0.37945497,0.7959611,0.6,0.8232161
37.09771386721046,0.4254257863342561,1,1647.75,0.5683577,0.65190506,0.6,0.468983
35.21675354291589,0.4145907614247246,1,2253.35,0.78089744,0.9050463,1.0,0.19829796
37.55061790842885,0.41025675146091256,1,913.1,0.31052697,0.45003256,0.7,0.44326475
34.430130734483946,0.40158873153328756,1,2004.7,0.6936319,0.88068056,1.0,0.26981243
38.046862049285366,0.38425269167803844,1,1548.15,0.5334024,0.69688714,0.7,0.4645227
36.859343319200775,0.38208568669613197,1,972.55,0.3313914,0.7527792,0.6,0.83885765
34.14191907189042,0.3517476169494458,1,1977.3,0.6840157,0.8791009,1.0,0.27778208
34.98271700487002,0.3517476169494458,1,1009.7,0.34442946,0.9817501,1.0,0.64360636
35.58947839980375,0.3517476169494458,1,2412.7,0.83682245,0.9540021,1.0,0.15567172
34.978382994906205,0.3409125920399143,1,946.55,0.3222665,0.9739403,1.0,0.660072
34.850529700973745,0.33657858207610225,1,288.85,0.09144192,0.996078,1.0,0.9049947
34.889535790648054,0.3344115770941958,1,810.5,0.27451876,0.99474627,1.0,0.7216698
34.86136472588328,0.3300775671303837,1,255.0,0.07956201,0.9662811,1.0,0.88940185
34.90037081555759,0.3300775671303837,1,790.1,0.26735923,0.9568934,1.0,0.7010591
37.717477292035625,0.32791056214847725,1,1116.75,0.3819994,0.7910892,0.7,0.69841945
34.867865740829,0.32574355716657166,1,237.7,0.07349045,0.96912634,1.0,0.8979048
34.9740489849424,0.32574355716657166,1,722.8,0.24373981,0.9920766,1.0,0.750268
34.991385024797644,0.31707553723894666,1,1733.25,0.59836453,0.95758706,1.0,0.38460094
34.88520178068424,0.3127415272751346,1,113.75,0.029989297,0.98148435,1.0,0.9520503
34.90253782053949,0.3127415272751346,1,189.7,0.0566445,0.99561566,1.0,0.93921953
37.52894785860979,0.3127415272751346,1,1241.45,0.42576376,0.45242643,0.7,0.3711424
34.83319366111849,0.31057452229322813,1,248.4,0.07724569,0.9990806,1.0,0.92190593
34.857030715919464,0.31057452229322813,1,130.7,0.03593802,0.9900942,1.0,0.9545122
34.837527671082306,0.30840751731132166,1,193.05,0.05782021,0.99913853,1.0,0.94136816
34.05307186763227,0.3040735073475096,1,2107.6,0.72974545,,1.0,
35.0108880696348,0.3040735073475096,1,1601.75,0.55221367,0.9889173,1.0,0.44282365
34.88086777072043,0.3019065023656031,1,98.15,0.024514366,0.9884366,1.0,0.9642057
37.15405599674002,0.29757249240179107,1,888.6,0.30192852,0.7113057,0.6,0.8275703
34.984884009851925,0.2954054874198846,1,686.7,0.23107027,0.9949812,1.0,0.7650706
34.86353173086518,0.293238482437979,1,170.3,0.04983593,0.97781205,1.0,0.9290819
34.93070888530427,0.293238482437979,1,368.0,0.11922018,0.975139,1.0,0.8588828
34.90037081555759,0.29107147745607254,1,157.75,0.045431416,0.9820661,1.0,0.9374494
34.86136472588328,0.2867374674922605,1,215.9,0.06583958,0.9961372,1.0,0.93055195
34.89170279562996,0.2867374674922605,1,133.75,0.037008442,0.98115826,1.0,0.9448471
34.91120584046712,0.2867374674922605,1,221.5,0.06780494,0.99446607,1.0,0.92703635
36.694650940575904,0.28023645254654195,1,836.45,0.2836261,0.66852576,0.6,0.79819065
38.105371183796834,0.28023645254654195,1,2167.6,0.7508029,0.8447912,0.7,0.3007422
36.553795616752005,0.2780694475646355,1,1372.9,0.47189713,0.85883313,0.6,0.75592035
34.87870076573852,0.275902442582729,1,137.25,0.038236793,0.95918745,1.0,0.9225112
34.906871830503306,0.275902442582729,1,245.25,0.07614017,0.9842482,1.0,0.9093074
34.93287589028618,0.275902442582729,1,836.7,0.28371385,0.93421227,1.0,0.66916335
34.9762159899243,0.275902442582729,1,1056.9,0.36099464,0.9242668,1.0,0.59061146
34.89820381057568,0.2737354376008234,1,183.95,0.054626495,0.95926535,1.0,0.90686405
34.98921801981574,0.26073340770938547,1,696.0,0.23433416,0.99309707,1.0,0.7603805
34.96538096501477,0.2585664027274799,1,1989.1,0.68815696,0.8229709,1.0,0.25663775
34.8700327458109,0.2563993977455734,1,210.4,0.063909315,0.9890601,1.0,0.92585
34.86136472588328,0.25206538778176135,1,259.9,0.0812817,0.9903778,1.0,0.9098782
34.1354180569447,0.24989838279985488,1,2320.1,0.80432385,0.81254375,1.0,0.15899543
34.310945460479104,0.24989838279985488,1,1804.4,0.6233352,0.9334788,1.0,0.3516086
34.90253782053949,0.24989838279985488,1,1090.15,0.37266394,0.97352725,1.0,0.61072874
36.99586463306087,0.24989838279985488,1,920.7,0.31319427,0.7003454,0.6,0.8016687
34.89170279562996,0.2390633578903243,1,1487.05,0.5119589,0.97352844,1.0,0.4751219
34.93287589028618,0.2390633578903243,1,308.8,0.09844351,0.9011891,1.0,0.8124729
35.00438705468908,0.23689635290841782,1,751.55,0.25382984,0.9930869,1.0,0.7410118
34.876533760756615,0.23256234294460576,1,385.65,0.12541458,0.9924011,1.0,0.86793953
37.31874837536489,0.2303953379626993,1,1044.85,0.3567656,0.71584404,1.0,0.46045548
34.867865740829,0.22822833298079281,1,838.55,0.28436312,0.93846476,1.0,0.6716
37.099880872192365,0.22822833298079281,1,807.3,0.2733957,0.83000374,0.6,1.0051405
35.00005304472527,0.22606132799888723,1,756.7,0.25563726,0.9929021,1.0,0.7390793
34.53414697361544,0.22389432301698076,1,1931.7,0.668012,0.97425276,1.0,0.3234402
34.92854188032236,0.2195603130531687,1,1001.65,0.34160426,0.98401606,1.0,0.64787203
37.46610471413451,0.2195603130531687,1,1127.45,0.38575464,0.80227757,0.6,0.8213254
34.91770685541284,0.21739330807126223,1,884.65,0.30054227,0.9366269,1.0,0.655131
34.87436675577471,0.21305929810745017,1,368.1,0.11925528,0.9774445,1.0,0.86087906
34.88736878566615,0.20872528814363722,1,1098.9,0.37573484,0.8664061,1.0,0.54086715
34.90037081555759,0.20872528814363722,1,1064.35,0.36360922,0.9956351,1.0,0.633613
34.876533760756615,0.2022242731979187,1,228.55,0.07027919,0.96954393,1.0,0.90140516
34.913372845449025,0.2022242731979187,1,303.85,0.09670628,0.9763584,1.0,0.88193846
34.89386980061187,0.19572325825220016,1,1091.0,0.37296227,0.9395805,1.0,0.58915246
34.86353173086518,0.19355625327029458,1,1619.9,0.55858356,0.97681034,1.0,0.43118015
37.59179100308506,0.19355625327029458,1,1168.45,0.4001439,0.842846,0.6,0.84264386
38.04902905426727,0.1913892482883881,1,1684.6,0.5812905,0.76006824,0.7,0.4546397
35.16041141338633,0.1827212283607631,1,1923.65,0.6651868,0.9028511,1.0,0.30228645
34.906871830503306,0.1718862034512325,1,1811.7,0.6258971,0.99154586,1.0,0.37094018
34.88086777072043,0.16755219348741957,1,1016.45,0.34679842,0.9275835,1.0,0.60589904
34.0292348128313,0.16538518850551398,1,1712.85,0.591205,0.8055324,1.0,0.3292976
34.837527671082306,0.1632181835236075,1,2550.65,0.885237,0.85832065,1.0,0.09850347
34.8721997507928,0.16105117854170103,1,1041.05,0.35543197,0.9384381,1.0,0.6048872
37.73698033687278,0.15238315861407692,1,2180.3,0.75526,0.8485185,0.7,0.29666632
35.02389009952624,0.14804914865026397,1,1516.35,0.5222419,0.9548814,1.0,0.45620236
35.03039111447195,0.13721412374073338,1,557.65,0.18577923,0.99327934,1.0,0.80874866
38.18338336314545,0.13721412374073338,1,1128.45,0.3861056,0.69807905,0.7,0.61220974
36.859343319200775,0.13288011377692133,1,936.45,0.31872183,0.7307509,0.6,0.829741
35.00655405967099,0.13071310879501485,1,503.35,0.16672225,0.9834047,1.0,0.81944925
35.04339314436339,0.1263790988312028,1,810.25,0.27443102,0.9437791,1.0,0.6847769
35.00438705468908,0.12204508886738985,1,653.8,0.21952376,0.9829879,1.0,0.7671987
35.015222079598615,0.12204508886738985,1,486.15,0.16068578,0.96161175,1.0,0.8070944
37.037037727717085,0.12204508886738985,1,1503.25,0.5176444,0.69938385,0.6,0.5622528
34.99355202977955,0.11771107890357779,1,743.5,0.25100464,0.9998187,1.0,0.7488596
35.03255811945386,0.11121006395785926,1,645.75,0.21669856,0.9975838,1.0,0.78140885
37.2884103056182,0.10904305897595279,1,1188.45,0.40716302,0.7251658,1.0,0.4299051
35.021723094544335,0.10254204403023426,1,808.0,0.27364138,0.99155194,1.0,0.72022235
35.22325455786161,0.10254204403023426,1,2366.1,0.8204679,0.97031933,1.0,0.17420347
34.978382994906205,0.10037503904832867,1,913.55,0.31068492,0.9833205,1.0,0.67781764
35.054228169272925,0.10037503904832867,1,800.9,0.27114958,0.99935436,1.0,0.72837985
34.99788603974336,0.09387402410260925,1,757.4,0.25588295,0.99783146,1.0,0.7425034
35.0108880696348,0.09387402410260925,1,714.15,0.24070404,0.99713516,1.0,0.75712067
34.92854188032236,0.09170701912070367,1,1694.3,0.5846948,0.89216334,1.0,0.37052009
35.0455601493453,0.09170701912070367,1,953.7,0.32477584,0.9960883,1.0,0.6725829
38.02735900444821,0.09170701912070367,1,1015.3,0.3463948,0.76512057,0.7,0.7144097
34.9415439102138,0.0895400141387972,1,1651.9,0.5698142,0.9802686,1.0,0.42169762
35.021723094544335,0.08520600417498514,1,946.65,0.3223016,0.99699825,1.0,0.67566407
34.93720990024999,0.08303899919307867,1,1617.9,0.55788165,0.9868761,1.0,0.436316
34.48647286401351,0.0808719942111722,1,2396.95,0.8312949,0.77316487,1.0,0.13043687
34.93720990024999,0.0808719942111722,1,1062.85,0.3630828,0.9807995,1.0,0.6246881
35.03255811945386,0.0808719942111722,1,1100.4,0.37626126,0.9866073,1.0,0.61538523
34.92854188032236,0.07870498922926661,1,1668.5,0.5756401,0.90610224,1.0,0.38451347
37.40326156965923,0.07870498922926661,1,1158.95,0.3968098,0.77573776,1.0,0.4679174
34.98054999988811,0.07653798424736014,1,1620.0,0.55861866,0.9998548,1.0,0.44131726
35.008721064652896,0.07653798424736014,1,1262.5,0.43315142,0.9975221,1.0,0.565444
36.77266311992453,0.07653798424736014,1,1135.35,0.3885272,0.76007473,0.6,0.7746083
35.01955608956243,0.07220397428354808,1,1397.45,0.4805131,0.99538946,1.0,0.5170918
37.75214937174613,0.06786996431973513,1,1996.2,0.69064873,0.94805306,0.7,0.41897345
36.36743318830807,0.06353595435592307,1,2593.75,0.90036327,0.78817344,1.0,0.07853103
34.393291649791536,0.052700929446392486,1,2413.4,0.8370681,0.8354985,1.0,0.13612938
34.70967437714984,0.04836691948257954,1,2682.65,0.9315633,0.89436835,1.0,0.061207604
34.04223684272274,0.046199914500673955,1,831.85,0.2820117,0.85211575,0.6,1.0196818
36.93302148858559,0.046199914500673955,1,985.7,0.3360065,0.8135994,0.6,0.9003744
38.55394121505141,0.033197884609236894,1,331.6,0.10644534,0.6747727,0.7,0.86135185
36.27858598404992,0.028863874645423948,1,1805.85,0.623844,0.75727755,1.0,0.28485447
37.5311148635917,0.015861844753986887,1,260.65,0.08154491,0.9826131,1.0,0.90248597
36.50395450216816,-0.023144244920324297,1,1821.05,0.62917864,0.88201964,1.0,0.32707173
37.90600672546147,-0.023144244920324297,1,1672.5,0.5770439,0.78793937,0.7,0.47609112
37.28624330063629,-0.029645259866042828,1,167.7,0.04892344,0.9450671,0.6,1.4980519
37.461770704170696,-0.04264728975747989,1,90.1,0.021689158,0.61599356,0.6,1.0043886
34.32611449535245,-0.06865134954035401,1,2153.4,0.7458192,0.8356735,1.0,0.21241215
37.622129072831754,-0.06865134954035401,1,2090.4,0.7237089,0.94130987,1.0,0.2600755
37.177893051540984,-0.07515236448607254,1,785.0,0.26556936,0.9813706,1.0,0.72074866
36.02287939618499,-0.08165337943179107,1,2083.25,0.7211996,0.80208766,0.6,0.37270397
38.39358284639036,-0.08598738939560402,1,1277.25,0.43832806,0.8452736,0.7,0.67823786
37.037037727717085,-0.10332342925085314,1,1947.5,0.67355716,0.69574946,1.0,0.22712243
36.458447397548134,-0.10982444419657167,1,2301.35,0.7977434,0.7125944,1.0,0.14412694
35.27959668739117,-0.1249934790699152,1,2262.65,0.78416127,0.94451034,1.0,0.2038619
38.73813663851344,-0.14232951892516432,1,1293.45,0.44401354,0.6369256,0.6,0.59020334
35.79317686810293,-0.1531645438346958,1,1094.9,0.374331,0.8776608,1.0,0.54912513
35.97737229156496,-0.15966555878041433,1,1414.95,0.48665485,0.90353024,0.5,0.9276457
34.76384950169749,-0.16616657372613286,1,1753.9,0.6056118,0.56388974,0.9,0.24710162
37.2168991412153,-0.17050058368994492,1,186.6,0.055556536,0.9581751,1.0,0.9049422
36.46061440253004,-0.1986716484547255,1,1548.2,0.5334199,0.7301791,0.5,0.681374
36.116060610406954,-0.2095066733642561,1,1823.3,0.6299683,0.7984534,1.0,0.29545307
36.63614180606444,-0.22684271321950522,1,69.35,0.014406795,0.97232723,1.0,0.9583191
37.09121285226474,-0.2290097182014117,1,2142.95,0.74215174,0.8473458,1.0,0.21848665
37.63079709275938,-0.23551073314713022,1,2398.6,0.831874,0.93534404,1.0,0.15725563
35.0108880696348,-0.2376777381290367,1,1519.75,0.5234352,0.896574,0.6,0.712126
37.47043872409832,-0.24417875307475523,1,28.3,0.0,0.9625432,1.0,0.9625432
35.474627135762724,-0.25284677300238023,1,2588.5,0.89852077,0.8006347,1.0,0.08124779
34.354285560117226,-0.2961868726405035,1,2321.7,0.8048853,0.86606914,0.6,0.28163797
34.88520178068424,-0.30052088260431553,1,1840.65,0.6360574,0.8342222,0.6,0.506015
35.90152711719824,-0.30052088260431553,1,2837.15,0.98578626,0.87050766,1.0,0.01237317
36.896182403893185,-0.30052088260431553,1,1986.55,0.68726206,0.7412421,1.0,0.23181453
35.63498550442378,-0.311355907513847,1,1804.05,0.62321234,0.7562847,1.0,0.28495875
37.88000266567859,-0.311355907513847,1,1738.05,0.60004914,0.8432091,0.7,0.4817746
37.5332818685736,-0.31568991747765907,1,108.45,0.028129222,0.8395142,1.0,0.8158993
35.530969265292285,-0.3286919473690961,1,1863.95,0.64423466,0.8622959,1.0,0.306775
36.65131084093778,-0.3286919473690961,1,160.0,0.04622107,0.8450906,0.6,1.3433826
38.88549297728306,-0.3286919473690961,1,929.95,0.3164406,0.6057067,0.7,0.59148073
37.1843940664867,-0.3308589523510026,1,144.95,0.04093916,0.9867241,1.0,0.94632846
36.781331139852156,-0.3395269722786276,1,866.2,0.29406708,0.969375,1.0,0.6843137
37.481273749007855,-0.34602798722434613,1,1268.25,0.43516943,0.94189936,1.0,0.53201354
37.08904584728283,-0.35252900217006466,1,2419.55,0.83922654,0.82744664,1.0,0.13303146
37.14105396684858,-0.35469600715197025,1,1527.9,0.5262955,0.8186227,1.0,0.3877853
37.30574634547345,-0.35469600715197025,1,114.05,0.030094584,0.979635,1.0,0.9501533
35.82351493784962,-0.3676980370434073,1,2090.8,0.72384936,0.7528316,1.0,0.20789492
36.22874486946608,-0.3763660569710323,1,2032.8,0.70349383,0.9153565,1.0,0.27140886
36.86367732916459,-0.3872010818805629,1,400.3,0.13055609,0.9559031,1.0,0.8311041
37.37509050489445,-0.39370209682628143,1,280.0,0.08833594,0.95931166,1.0,0.87456995
34.99355202977955,-0.40020311177199996,1,1676.6,0.5784828,0.8909566,1.0,0.37555352
36.46711541747576,-0.4067041267177194,1,1741.35,0.6012073,0.9033263,1.0,0.36023992
35.31643577208357,-0.42187316159106203,1,1084.25,0.3705933,0.8928309,1.0,0.5619537
37.19956310136005,-0.42187316159106203,1,1697.6,0.5858529,0.85932845,1.0,0.35588837
34.51681093376019,-0.426207171554875,1,2193.25,0.7598049,0.8214171,0.6,0.3288339
34.70967437714984,-0.426207171554875,1,2463.85,0.85477394,0.8826079,1.0,0.12817767
36.00337635134783,-0.426207171554875,1,1402.6,0.48232052,0.88265336,1.0,0.4569315
36.274251974086106,-0.4630462562472797,1,2021.0,0.6993525,0.72895896,0.6,0.36526614
37.91250774040718,-0.4717142761749047,1,2162.05,0.74885505,0.7660065,0.7,0.27482668
34.19392719145617,-0.4738812811568103,1,1387.3,0.4769509,0.69706285,0.7,0.5208544
37.717477292035625,-0.4738812811568103,1,1917.6,0.6630635,0.6601338,0.7,0.31774735
36.718487995376876,-0.4782152911206232,1,800.0,0.27083373,0.96956664,1.0,0.7069753
36.08138853069646,-0.4912173210120603,1,1350.1,0.46389526,0.88691074,0.6,0.7924617
35.37711191157695,-0.4998853409396853,1,200.5,0.060434837,0.8463726,1.0,0.7952222
35.83001595279534,-0.4998853409396853,1,740.85,0.2500746,0.807379,1.0,0.605474
37.45743669420688,-0.5042193509034973,1,2790.75,0.96950185,0.9350457,1.0,0.028517162
38.02085798950249,-0.5042193509034973,1,1419.4,0.48821664,0.61263585,0.7,0.44790974
35.45512409092557,-0.5172213807949344,1,754.85,0.25498798,0.9055875,1.0,0.6746736
34.71400838711365,-0.5193883857768409,1,2120.6,0.7343079,0.8077,1.0,0.21459952
36.761828095015,-0.5215553907587465,1,135.0,0.03744714,0.83466923,1.0,0.8034133
34.38895763982773,-0.5475594505416206,1,2363.95,0.8197133,0.80916744,1.0,0.14588213
37.08254483233711,-0.5757305153064012,1,1904.55,0.65848356,0.8911651,1.0,0.30434752
36.69681794555781,-0.5887325451978382,1,59.6,0.010984962,0.99302644,1.0,0.98211807
34.91553985043093,-0.5930665551616512,1,2587.0,0.8979943,0.90767276,1.0,0.092587814
36.41727430289191,-0.5952335601435568,1,1142.9,0.39117694,0.9338787,1.0,0.5685669
36.649143835955876,-0.6082355900349938,1,236.0,0.07289382,0.8708548,1.0,0.8073749
36.217909844556544,-0.6104025950169003,1,976.45,0.33276013,0.6795313,1.0,0.4534104
34.60782514300025,-0.6125695999988068,1,2052.3,0.71033746,0.8395894,1.0,0.2431976
36.781331139852156,-0.6147366049807124,1,143.95,0.040588204,0.99512017,1.0,0.95473003
34.284941400696226,-0.634239649817868,1,1388.5,0.47737205,0.78798205,0.7,0.5883164
34.11591501210755,-0.6385736597816809,1,1546.9,0.5329637,0.69306225,1.0,0.32368523
35.57430936493041,-0.642907669745493,1,550.0,0.1830944,0.79450345,1.0,0.6490343
36.826838244472185,-0.6624107145826486,1,2295.5,0.7956903,0.88501173,1.0,0.18081649
36.74882606512356,-0.664577719564555,1,42.55,0.0050011408,0.97825956,1.0,0.97336715
36.319759078706134,-0.6689117295283671,1,2215.6,0.7676488,0.7490928,1.0,0.1740526
36.796500174725495,-0.6689117295283671,1,184.1,0.05467914,0.9850984,1.0,0.93123406
35.50279820052751,-0.6754127444740856,1,442.7,0.14543669,0.88081557,1.0,0.75271267
35.50713221049132,-0.6775797494559921,1,425.75,0.13948797,0.69990337,1.0,0.60227525
34.40412667470107,-0.6840807644017106,1,1902.85,0.6578869,0.8704149,1.0,0.29778033
36.4476123726386,-0.6862477693836171,1,2136.15,0.73976517,0.7195638,1.0,0.18725556
37.35558746005729,-0.6927487843293356,1,2519.35,0.8742521,0.63456184,0.7,0.11399262
36.692483935594,-0.6949157893112412,1,670.7,0.22545494,0.98588836,1.0,0.76361495
35.48762916565416,-0.6970827942931477,1,560.75,0.18686719,0.8588518,1.0,0.69836056
37.22990117110673,-0.7079178192026783,1,1657.05,0.57162166,0.886288,1.0,0.37966657
34.19826120141998,-0.7165858391303033,1,1167.35,0.39975783,0.84450656,0.7,0.7241549
37.461770704170696,-0.7165858391303033,1,1894.25,0.65486866,0.8846143,0.7,0.43615445
38.098870168851114,-0.7230868540760218,1,1651.9,0.5698142,0.7356519,0.7,0.45209572
37.04570574764471,-0.7469239088769903,1,1735.6,0.5991893,0.83248496,1.0,0.3336689
36.80083418468931,-0.7490909138588959,1,800.0,0.27083373,0.9787966,1.0,0.7137055
36.75532708006928,-0.7534249238227089,1,263.0,0.08236966,0.9822138,1.0,0.90130913
36.27858598404992,-0.7577589337865209,1,2102.5,0.7279555,0.79225916,0.5,0.43105945
34.98921801981574,-0.7664269537141459,1,2467.35,0.85600233,0.9163678,1.0,0.13195483
37.99485392971962,-0.7729279686598645,1,1424.85,0.49012932,0.66329426,0.7,0.4831347
38.57994527483429,-0.8076000483703627,1,1133.45,0.3878604,0.6660763,0.7,0.5824738
35.827848947813436,-0.8401051230989562,1,466.1,0.15364909,0.96332496,1.0,0.81531096
35.79967788304865,-0.8422721280808618,1,434.9,0.14269923,0.98251367,1.0,0.8423097
36.72282200534069,-0.8661091828818304,1,1029.25,0.35129067,0.9637017,1.0,0.62516224
35.77367382326578,-0.868276187863736,1,494.4,0.16358118,0.97000706,1.0,0.81133217
35.19941750306064,-0.8726101978275489,1,2419.5,0.83920896,0.84199464,0.6,0.225642
35.569975354966594,-0.8726101978275489,1,1639.65,0.565515,0.8734435,1.0,0.3794981
36.21357583459273,-0.8726101978275489,1,1055.95,0.36066118,0.8695437,1.0,0.55593306
38.670959484074345,-0.8791112127732674,1,1257.95,0.43155456,0.5839074,0.7,0.47417074
37.227734166124826,-0.8877792327008915,1,2389.8,0.82878554,0.84290296,0.7,0.2061674
36.72932302028641,-0.889946237682798,1,583.55,0.19486901,0.9786133,1.0,0.7879119
34.98054999988811,-0.8964472526285165,1,2097.25,0.726113,0.8319431,1.0,0.22785838
36.46711541747576,-0.898614257610423,1,1112.85,0.38063067,0.77267736,1.0,0.47857267
37.76515140163756,-0.9007812625923286,1,1998.9,0.6915963,0.79465264,0.7,0.35010543
36.93952250353131,-0.9181173024475786,1,2529.2,0.877709,0.9347096,1.0,0.1143066
34.78335254653465,-0.9311193323390157,1,2138.7,0.74066013,0.91189224,1.0,0.23649001
34.41929570957441,-0.9376203472847342,1,2040.2,0.70609087,0.7860075,1.0,0.23101479
36.68381591566637,-0.9397873522666407,1,483.2,0.15965046,0.98588794,1.0,0.8284905
36.599302721372034,-0.9441213622304527,1,2839.5,0.986611,0.8671566,1.0,0.011610352
36.60797074129966,-0.9506223771761713,1,2798.85,0.97234464,0.97136676,1.0,0.0268635
36.694650940575904,-0.9701254220133269,1,1065.5,0.36401284,0.98908275,1.0,0.62904394
37.24290320099817,-0.9701254220133269,1,1748.7,0.6037868,0.7926098,0.9,0.34893605
34.40846068466488,-0.9744594319771389,1,2121.2,0.7345184,0.7282397,1.0,0.19333424
37.34475243514776,-0.9809604469228574,1,2281.25,0.7906891,0.8464186,0.7,0.25309232
35.695661643917155,-0.9831274519047639,1,1576.75,0.54343975,0.8853403,0.5,0.8084224
36.46061440253004,-0.9852944568866704,1,820.1,0.27788794,0.7586662,0.6,0.91307
34.17659115160092,-0.9896284668504824,1,2180.3,0.75526,0.829179,0.7,0.28990468
37.50294379882691,-0.9917954718323889,1,2382.15,0.8261007,0.7373518,0.7,0.18317851
35.24925861764448,-0.9939624768142954,1,2414.05,0.83729625,0.83988464,0.6,0.22775395
34.538480983579255,-0.9982964867781075,1,2499.7,0.8673557,0.85821813,1.0,0.11383774
38.32423868696936,-1.0026304967419195,1,1385.85,0.476442,0.63201207,0.7,0.47270712
37.0782108223733,-1.004797501723826,1,2584.0,0.8969414,0.7487775,0.5,0.15433589
36.787832154797876,-1.039469581434325,1,2525.9,0.8765508,0.9204707,1.0,0.11363138
37.576621968211725,-1.0481376013619492,1,1615.75,0.55712706,0.80532956,0.7,0.50951236
36.39127024310904,-1.0568056212895742,1,1525.75,0.52554095,0.56800413,0.6,0.44915783
36.961192553350365,-1.0568056212895742,1,2205.0,0.76392865,0.7698317,0.5,0.36347044
36.70548596548544,-1.0849766860543548,1,2295.35,0.79563767,0.8513052,1.0,0.17397471
37.12155092201142,-1.0849766860543548,1,2722.1,0.94540864,0.5464598,0.7,0.042617116
37.2515712209258,-1.1001457209276984,1,2077.6,0.7192167,0.88225776,0.6,0.41287205
34.48647286401351,-1.1066467358734169,1,1891.55,0.6539211,0.8189762,1.0,0.28343037
36.32842709863376,-1.1499868355115401,1,868.6,0.2949094,0.82687384,0.6,0.9717016
35.76067179337434,-1.1564878504572587,1,2202.05,0.7628933,0.80221105,0.6,0.31701598
35.15824440840442,-1.1651558703848837,1,1485.3,0.51134473,0.9126347,0.5,0.8919275
36.53645957689675,-1.1651558703848837,1,1775.4,0.6131574,0.75391227,0.6,0.4860756
37.5332818685736,-1.1738238903125087,1,1718.65,0.59324056,0.7164402,0.7,0.4163126
36.85717631421887,-1.1781579002763207,1,2663.6,0.92487764,0.9040988,0.6,0.113196716
35.05639517425483,-1.1868259202039457,1,1237.05,0.42421958,0.8001515,1.0,0.46071157
35.24925861764448,-1.1954939401315698,1,2390.85,0.8291541,0.67487675,0.6,0.19216655
34.96971497497859,-1.2041619600591948,1,385.6,0.12539703,0.8375082,0.6,1.2208118
36.623139776173005,-1.208495970023007,1,2368.8,0.8214154,0.838005,0.6,0.24942462
34.81585762126325,-1.2496690646792246,1,1601.4,0.5520908,0.7558007,1.0,0.3385301
34.99788603974336,-1.2583370846068496,1,2026.45,0.7012652,0.75630105,0.6,0.3765557
36.49311947725863,-1.2691721095163802,1,1569.8,0.5410006,0.80623895,0.7,0.5286617
37.156223001721926,-1.2951761692992543,1,1680.6,0.5798866,0.8718502,0.5,0.7325519
35.12790633865774,-1.3016771842449728,1,1255.85,0.43081754,0.89449227,0.7,0.7273276
34.68367031736697,-1.3038441892268793,1,2352.25,0.8156071,0.88429254,1.0,0.1630573
37.468271719116416,-1.3298482490097534,1,2080.45,0.7202169,0.5766182,0.7,0.23046865
35.281763692373076,-1.3385162689373784,1,1210.8,0.41500697,0.79589456,0.6,0.77598786
35.69782864889906,-1.3428502789011905,1,1646.2,0.5678137,0.75725925,0.5,0.6545541
36.10739259047933,-1.3471842888650034,1,926.35,0.31517717,0.72768044,0.7,0.7119031
35.45729109590748,-1.3601863187564405,1,702.9,0.23675577,0.79559594,0.6,1.0120566
37.83882957102237,-1.3775223586116896,1,2216.6,0.76799977,0.79500616,0.7,0.26348802
37.708809272108,-1.3883573835212202,1,1786.7,0.6171232,0.8182401,0.7,0.44755027
34.96538096501477,-1.3926913934850331,1,1665.15,0.5744644,0.8012098,0.7,0.4870619
35.34243983186645,-1.4078604283583767,1,1246.4,0.42750102,0.582472,0.6,0.5557744
34.79418757144418,-1.4121944383221887,1,1408.5,0.48439118,0.83058494,1.0,0.4282569
36.90051641385699,-1.4121944383221887,1,2006.3,0.6941934,0.83017206,0.5,0.50774413
35.07373121411008,-1.4230294632317193,1,1099.0,0.3757699,0.77584416,0.7,0.69186467
35.606814439659004,-1.4251964682136258,1,1291.4,0.4432941,0.7903204,0.6,0.7332933
35.20808552298826,-1.4381984981050628,1,1847.5,0.6384614,0.9257402,0.7,0.47812974
36.122561625352674,-1.4381984981050628,1,1536.65,0.5293664,0.86284024,0.7,0.5801166
37.38592552980398,-1.4577015429422184,1,2152.45,0.74548584,0.79354095,0.7,0.28852487
36.66431287082922,-1.4880396126889046,1,2018.5,0.6984751,0.6535096,0.6,0.32841566
35.3619428767036,-1.490206617670811,1,2156.95,0.7470651,0.7805092,0.5,0.39483598
36.553795616752005,-1.4923736226527176,1,750.15,0.25333852,0.75433415,0.6,0.93872035
36.78349814483406,-1.498874637598436,1,1487.0,0.5119413,0.8098194,0.5,0.79047877
37.09554686222855,-1.5053756525441546,1,2130.4,0.7377472,0.7153709,0.7,0.26801145
36.998031638042775,-1.507542657526061,1,1625.55,0.5605665,0.57043046,0.7,0.35809466
34.98705101483383,-1.5270457023632167,1,1737.05,0.5996982,0.86321586,0.7,0.4936384
35.24925861764448,-1.5443817422184658,1,1286.8,0.44167972,0.91709584,0.5,1.0240664
36.92435346865796,-1.5660517920375279,1,1927.85,0.66666085,0.6286174,0.7,0.29934686
35.093234258947234,-1.5725528069832464,1,1652.3,0.5699546,0.86889046,0.7,0.5338034
36.445445367656696,-1.5768868169470585,1,1100.7,0.37636653,0.5867513,0.7,0.5227397
36.70331896050353,-1.5768868169470585,1,1061.4,0.36257392,0.5909168,0.6,0.6277763
36.03588142607643,-1.5812208269108714,1,834.15,0.2828189,0.78800994,0.7,0.80735123
39.44241325763295,-1.58772184185659,1,1045.5,0.35699373,0.3882302,0.7,0.35662067
35.390113941468385,-1.6115588966575576,1,2177.25,0.75418955,0.86850375,0.7,0.30498186
36.577632671552976,-1.6202269165851826,1,878.45,0.2983663,0.69826,0.7,0.69988966
35.231922577789234,-1.6353959514585252,1,2024.5,0.70058084,0.9347074,0.5,0.55973864
36.85717631421887,-1.6375629564404317,1,1231.0,0.42209628,0.72353464,0.7,0.59733343
36.471449427439566,-1.6657340212052123,1,749.05,0.25295243,0.551952,0.7,0.5890491
35.2557596325902,-1.676569046114743,1,1304.15,0.4477688,0.86131966,0.7,0.6794966
36.65997886086541,-1.6787360510966494,1,962.4,0.32782918,0.6683332,0.6,0.74872345
35.3251037920112,-1.70690711586143,1,1232.35,0.42257005,0.83805686,0.5,0.9678383
35.55914033005707,-1.711241125825242,1,2120.45,0.7342552,0.74354774,0.5,0.39518788
36.53862658187866,-1.7285771656804911,1,676.05,0.22733256,0.61889476,0.7,0.6831426
35.91452914708968,-1.7415791955719282,1,268.6,0.08433503,0.93173563,0.5,1.7063154
37.61996206784985,-1.7740842703005217,1,2700.7,0.93789816,0.5607272,0.7,0.049745984
37.43143263442401,-1.7762512752824273,1,1807.0,0.62424767,0.95164186,0.6,0.5959694
36.40210526801857,-1.7892533051738644,1,691.2,0.23264956,0.75247973,0.7,0.8248795
35.85385300759631,-1.852096449649144,1,1384.9,0.4761086,0.82746345,0.6,0.7225016
37.247237210961984,-1.8650984795405812,1,1715.45,0.5921175,0.51645267,0.7,0.30093145
40.138021856824835,-1.8694324895043932,1,1115.85,0.38168353,0.8152164,0.7,0.72008824
35.94703422181827,-1.8759335044501118,1,313.4,0.100057915,0.88956976,0.6,1.3342687
35.929698181963026,-1.8867685293596432,1,363.6,0.117675975,0.9188259,0.6,1.3511703
36.52562455198722,-1.8911025393234553,1,2365.85,0.82038015,0.72385156,0.7,0.18574017
36.046716450985954,-1.9019375642329859,1,654.45,0.2197519,0.70745516,0.7,0.78855795
36.649143835955876,-1.923607614052048,1,1143.55,0.39140508,0.7258541,0.7,0.631073
35.82134793286772,-1.9561126887806406,1,891.2,0.30284104,0.87815654,0.7,0.8745924
36.610137746281566,-2.0319578631473574,1,1041.7,0.35566008,0.7948944,0.7,0.73168886
37.45960369918879,-2.077464967767387,1,2409.65,0.835752,0.8484517,0.7,0.19908069
38.11837321368827,-2.103469027550261,1,1463.85,0.50381666,0.56863177,0.7,0.40306517
38.239725492675014,-2.1143040524597927,1,1673.9,0.5775353,0.7627878,0.7,0.46035853
39.154201595039424,-2.1208050674055112,1,44.0,0.0055100294,0.5595224,0.7,0.7949135
36.859343319200775,-2.1251390773693233,1,938.1,0.31930092,0.6822614,0.7,0.66344965
40.894306595510095,-2.1468091271883853,1,2267.9,0.7860038,0.55085826,0.7,0.16840222
40.74478325175856,-2.1511431371521974,1,905.75,0.30794746,0.83392406,0.7,0.82445616
36.757494085051185,-2.1684791770074474,1,2000.15,0.6920351,0.8469487,0.5,0.521661
37.71531028705372,-2.213986281627477,1,2041.2,0.7064418,0.82087696,0.7,0.3442502
38.33724071686079,-2.2486583613379763,1,437.15,0.14348887,0.8545265,0.7,1.0455879
40.17486094151724,-2.30283348588563,1,725.2,0.24458212,0.8058898,0.7,0.8696908
40.92897867522059,-2.30283348588563,1,1070.7,0.3658378,,0.7,
37.290577310600106,-2.3483405905056607,1,1001.15,0.3414288,0.7523015,0.7,0.7077774
37.91467474538909,-2.3483405905056607,1,1272.05,0.43650308,0.6668591,0.7,0.5368187
40.686274117247095,-2.400348710071409,1,2335.0,0.8095531,0.74330163,0.7,0.20222786
37.359921470021106,-2.4198517549085645,1,649.0,0.21783917,0.5934637,0.7,0.6631201
37.73047932192706,-2.4285197748361895,1,732.45,0.24712656,0.72249126,0.7,0.77706355
36.81817022454456,-2.4458558146914386,1,1565.2,0.53938615,0.8339231,0.7,0.5487379
38.20938742292833,-2.452356829637157,1,1351.55,0.4644042,0.79875064,0.7,0.61115354
37.201730106341955,-2.4783608894200313,1,321.05,0.10274274,0.8480853,0.7,1.0870724
37.2884103056182,-2.515199974112437,1,1015.05,0.34630707,0.6614316,0.7,0.617676
37.42276461449639,-2.519533984076249,1,527.15,0.17507504,0.62767893,0.7,0.73969716
38.43908995101039,-2.5347030189495925,1,229.7,0.07068279,0.7609953,0.7,1.0102944
36.826838244472185,-2.55854007375056,1,1508.45,0.5194693,0.5453678,0.7,0.37437993
37.704475262144186,-2.5650410886962787,1,671.95,0.22589365,0.4561413,0.7,0.50443125
37.858332615859524,-2.5932121534610593,1,1411.05,0.48528615,0.6960202,0.6,0.59708536
37.39676055471351,-2.599713168406778,1,401.8,0.13108253,0.5205543,0.7,0.6461696
40.200865001300116,-2.634385248117277,1,737.7,0.24896908,0.63569444,0.7,0.6820374
37.23206817608864,-2.6495542829906196,1,503.45,0.16675735,0.7701087,0.7,0.9166963
38.47159502573898,-2.6668903228458696,1,289.0,0.09149456,0.75465715,0.7,0.979443
38.352409751734136,-2.682059357719213,1,806.35,0.2730623,0.719726,0.7,0.7474228
37.35125345009348,-2.7123974274658993,1,1515.9,0.522084,0.6625157,0.7,0.45232406
39.76746400491888,-2.7123974274658993,1,733.05,0.24733712,0.7008349,0.7,0.7535606
38.22238945281977,-2.7340674772849614,1,1768.45,0.61071825,0.7938671,0.7,0.44148284
37.54411689348313,-2.736234482266867,1,1086.15,0.37126014,0.6465097,0.7,0.58069485
37.86266662582334,-2.7470695071763984,1,770.75,0.26056823,0.85008925,0.7,0.8979757
38.11403920372446,-2.753570522122117,1,771.5,0.26083145,0.745595,0.7,0.7873148
38.657957454182906,-2.753570522122117,1,47.7,0.006808571,0.7595201,0.7,1.0776412
39.99499952801902,-2.783908591868803,1,1765.9,0.6098233,0.74308634,0.7,0.41419286
37.43143263442401,-2.7904096068145217,1,1116.4,0.3818766,0.56237316,0.7,0.4965943
37.51594582871835,-2.8532527512898014,1,1274.9,0.4375033,0.675813,0.6,0.6335709
38.358910766679855,-2.855419756271708,1,536.95,0.17851442,0.8290604,0.7,0.9729445
38.06203108415871,-2.8922588409641126,1,1258.0,0.4315721,0.579844,0.7,0.4708565
39.802136084629375,-2.9095948808193617,1,262.8,0.08229947,0.83257586,0.7,1.0915076
38.224556457801675,-2.9139288907831746,1,799.65,0.2707109,0.89888304,0.7,0.9364937
37.91250774040718,-2.9269309206746117,1,262.7,0.082264386,0.68638295,0.7,0.89988303
38.69696354385722,-2.9312649306384237,1,92.45,0.022513906,0.5095423,0.7,0.71152925
38.8313178527354,-2.957268990421298,1,250.95,0.07814063,0.48560694,0.7,0.6395162
38.1292082385978,-2.974605030276548,1,290.4,0.091985896,0.89653444,0.7,1.1629514
39.64177771596832,-2.983273050204172,1,266.55,0.083615564,0.7117377,0.7,0.93175054
38.0230249944844,-2.9854400551860785,1,1082.85,0.37010196,0.8120849,0.7,0.73075813
38.45859299584754,-2.9984420850775155,1,1825.35,0.6306877,0.6531944,0.7,0.34461817
37.6372981077051,-3.000609090059422,1,1536.6,0.5293488,0.83133554,0.6,0.6521151
38.21588843787405,-3.0157781249327655,1,459.5,0.15133277,0.83705074,0.7,1.0148251
40.09468175718671,-3.0287801548242026,1,1642.75,0.56660295,0.8189,0.7,0.50701267
39.95599343834471,-3.030947159806108,1,2379.95,0.8253286,0.69805294,0.7,0.17418556
39.77179801488269,-3.0331141647880147,1,1282.8,0.44027588,0.6777344,0.7,0.54192036
38.694796538875316,-3.0417821847156397,1,1531.7,0.5276291,0.13181828,0.7,0.08895303
39.30805894875476,-3.0916232992994814,1,1225.3,0.42009583,0.53348625,0.7,0.44195846
38.46942802075707,-3.102458324209013,1,1924.0,0.66530967,0.6997766,0.7,0.33458352
40.02533759776571,-3.111126344136637,1,846.9,0.2872936,0.63764113,1.0,0.4544509
38.31773767202364,-3.1392974089014176,1,131.45,0.03620124,0.7667161,0.7,1.0556571
38.174715343217834,-3.158800453738573,1,184.35,0.054766882,0.77010673,0.7,1.0399005
39.01768028117934,-3.1826375085395417,1,1467.9,0.50523806,0.40660363,0.7,0.2873886
39.92348836361612,-3.208641568322416,1,857.65,0.2910664,0.8955143,0.7,0.9069431
37.799823481348064,-3.21730958825004,1,1821.5,0.62933654,0.80164677,0.7,0.42448738
38.85732191251828,-3.2498146629786335,1,932.15,0.31721273,0.5513369,0.7,0.53777975
38.28306559231314,-3.2541486729424456,1,889.35,0.30219173,0.40529236,0.7,0.40402338
38.49543208053995,-3.260649687888164,1,1364.05,0.46879116,0.60804164,0.7,0.46142447
39.30372493879095,-3.2844867426891318,1,824.25,0.27934444,0.46749994,0.7,0.4812949
40.01883658281999,-3.3083237974901003,1,2548.1,0.88434213,0.86114156,0.7,0.14228258
38.42608792111895,-3.327826842327256,1,2160.35,0.7482584,0.89725596,0.7,0.32268092
39.877981258996094,-3.3299938473091615,1,169.0,0.049379684,0.6204309,0.7,0.8425632
38.81831582284397,-3.3516638971282235,1,1174.45,0.40224963,0.7666368,0.7,0.65465343
37.958014845027215,-3.395003996766347,1,263.35,0.0824925,0.86613864,0.7,1.1352696
37.68280521232513,-3.3993380067301597,1,2185.55,0.75710255,0.6510521,0.7,0.22591272
38.614617354544784,-3.412340036621597,1,2087.0,0.7225157,0.82818323,0.7,0.32829693
38.29390061722267,-3.4145070416035033,1,1339.1,0.46003473,0.9620191,0.6,0.8657615
39.79996907964747,-3.434010086440658,1,953.95,0.32486358,0.8645332,0.7,0.8338256
38.785810748115374,-3.451346126295908,1,789.95,0.2673066,0.88872284,0.7,0.93023056
39.29722392384524,-3.460014146223534,1,873.15,0.29650626,0.77327985,0.7,0.77713937
38.19638539303689,-3.468682166151158,1,1010.65,0.34476286,0.7518674,0.7,0.7037878
38.34374173180651,-3.4881852109883127,1,1139.25,0.38989595,0.7803273,0.6,0.7934681
38.608116339599064,-3.499020235897845,1,1611.35,0.5555829,0.94039685,0.7,0.59704065
39.90831932874278,-3.5098552608073756,1,2015.4,0.69738716,0.7848781,1.0,0.23751418
38.02735900444821,-3.557529370409311,1,900.4,0.30606982,0.8112266,0.7,0.80419225
39.24304879929758,-3.574865410264561,1,1316.65,0.45215577,0.7644413,0.7,0.5982782
37.78248744149281,-3.5987024650655286,1,1022.65,0.34897435,0.58355784,0.7,0.5427302
38.15304529339877,-3.6030364750293415,1,172.75,0.050695773,0.91585433,0.7,1.2420349
38.42392091613704,-3.6225395198664962,1,1275.1,0.4375735,0.5773465,0.7,0.46387857
38.77714272818775,-3.7048857091789316,1,1586.5,0.5468616,0.74623775,0.7,0.48307
39.082690430636525,-3.746058803835149,1,2766.9,0.9611315,0.6816466,0.7,0.03784939
39.2148777345328,-3.7763968735818363,1,2239.55,0.7760542,0.8378594,0.7,0.26805013
38.64278841930957,-3.817569968238054,1,1419.25,0.48816398,0.7500898,0.7,0.5484615
39.37957011315767,-3.8240709831837716,1,1522.9,0.5245407,0.7027864,0.7,0.4773519
39.552930511710166,-3.8370730130752086,1,2325.15,0.80609614,0.6377318,0.7,0.17665523
39.65694675084166,-3.8674110828218957,1,2634.75,0.91475254,0.8623822,1.0,0.073515885
39.78046603481032,-3.9085841774781134,1,2877.65,1.0,0.7896259,0.7,0.0
39.503089397126324,-4.16645777032495,1,1724.05,0.59513575,0.8542511,1.0,0.3458557
39.62877568607688,-4.1729587852706675,1,2318.65,0.8038149,0.9502289,0.7,0.2663154
39.388238133085295,-4.257471979565009,1,385.3,0.12529173,0.93279314,0.7,1.1656027
39.54859650174635,-4.339818168877445,1,2094.65,0.7252005,0.8801599,1.0,0.24186753
39.427244222759604,-4.391826288443193,1,1099.5,0.3759454,0.7205056,1.0,0.44963485
39.48792036225298,-4.467671462809909,1,2346.85,0.81371194,0.7635972,1.0,0.14224903
39.25821783417092,-4.487174507647065,1,1184.7,0.40584692,0.9678046,0.7,0.821463
39.34706503842908,-4.580355721869031,1,1141.45,0.39066803,0.78436995,1.0,0.4779417
