Scenario,Index,Baseline,min,median,max,pct_in_0_1,spearman_vs_HFI,spearman_p,TreeCover_mean,Cropland_mean,pass_range,pass_decreases_with_HFI,pass_Tree_gt_Crop
GeoMAD,I_DxHFI_over_P_lowHFI,P_lowHFI,28.895273800250873,1091.2183981023416,3596.7507860056953,0.0,0.9373278113810803,4.936101163637769e-248,1086.4958754310687,1898.1791403369434,False,False,False
GeoMAD,I_DxHFInorm_over_P_lowHFI,P_lowHFI,0.0,0.3719634093175733,1.249422995692404,98.14471243042672,0.9396566533817433,2.610908597458337e-252,0.37188257000055264,0.6559883633038741,True,False,False
GeoMAD,I_D_over_P_lowHFI,P_lowHFI,0.047459445999421035,1.0204784853712994,1.3645481926719512,45.26901669758813,0.04508935296497451,0.29606341955638393,0.9495516380698885,1.0261046537381455,False,False,False
GeoMAD,I_Dx1minusHFInorm_over_P_lowHFI,P_lowHFI,0.0,0.5343208350529719,1.3417324129649797,95.54730983302412,-0.9056551540165624,3.043273413643321e-202,0.5776690680693358,0.3701162904342714,True,True,True
GeoMAD,I_DxHFI_over_P_q95,P_q95,22.963859041025227,931.0071069745447,2888.4184459587714,0.0,0.9375613124777097,1.8709653389561757e-248,1028.277402499167,1573.969498686137,False,False,False
GeoMAD,I_DxHFInorm_over_P_q95,P_q95,0.0,0.3184635520422025,1.0034317030593745,99.81447124304268,0.9397986162243774,1.4145130421057863e-252,0.35195572460242036,0.5439453281264378,True,False,False
GeoMAD,I_D_over_P_q95,P_q95,0.036475226685950164,0.8672735173842533,1.0487312610480155,94.61966604823748,-0.09918244537682691,0.02127930330250306,0.8986711445599781,0.8508456304904154,True,True,True
GeoMAD,I_Dx1minusHFInorm_over_P_q95,P_q95,0.0,0.4445628469514019,1.0349879593622155,99.44341372912801,-0.901187711719333,4.042995829378705e-197,0.5467154199575578,0.30690030236397753,True,True,True
TCI,I_DxHFI_over_P_lowHFI,P_lowHFI,9.242798680962354,1191.0889405921043,3781.0953619830902,0.0,0.9213161352139805,2.769931734611978e-223,1063.3840440514894,1764.5278258142628,False,False,False
TCI,I_DxHFInorm_over_P_lowHFI,P_lowHFI,0.0,0.4053884786822307,1.313459779462209,97.04251386321626,0.9237148866945851,9.198425042432559e-227,0.36391811659326107,0.6096468171985718,True,False,False
TCI,I_D_over_P_lowHFI,P_lowHFI,0.016325936392801665,1.0162894839093795,1.3718955541384918,41.77449168207024,0.03909258415240769,0.3641349936365511,0.9347701240595446,0.9692836409793413,False,False,False
TCI,I_Dx1minusHFInorm_over_P_lowHFI,P_lowHFI,0.0,0.5743640181990405,1.2562680350974256,96.67282809611831,-0.886734485213773,9.360972304171566e-183,0.5708520074662836,0.35963682378076955,True,True,True
TCI,I_DxHFI_over_P_q95,P_q95,6.861559948719988,1029.9020152170722,2872.930429441715,0.0,0.930682796880643,1.4885768836802133e-237,1042.1543428561997,1631.0876995565766,False,False,False
TCI,I_DxHFInorm_over_P_q95,P_q95,0.0,0.3530430994788818,0.998359955845153,100.0,0.9332963647545237,6.7846116639259045e-242,0.3566527519133549,0.5635430680428828,True,False,False
TCI,I_D_over_P_q95,P_q95,0.01600000075995922,0.925677741073363,1.0250102456938148,97.04251386321626,-0.11905738604501574,0.005559900621500778,0.9161081077061124,0.8959828238771191,True,True,True
TCI,I_Dx1minusHFInorm_over_P_q95,P_q95,0.0,0.4799948479260495,1.010243133463115,99.63031423290202,-0.8936926947477443,9.510935097014888e-190,0.5594553557927575,0.3324397558342363,True,True,True
TCI_Climate_Canopy_HF,I_DxHFI_over_P_lowHFI,P_lowHFI,2.608368329805694,1159.402835089728,3469.9494652633844,0.0,0.9554835753493284,7.689361900212036e-287,1084.9703930759401,1749.9001706408742,False,False,False
TCI_Climate_Canopy_HF,I_DxHFInorm_over_P_lowHFI,P_lowHFI,0.0,0.3973948604783498,1.2058275269820788,98.88682745825604,0.9570753217484389,5.422479735815963e-291,0.3713273961625482,0.6046076851288618,True,False,False
TCI_Climate_Canopy_HF,I_D_over_P_lowHFI,P_lowHFI,0.025547192642386075,1.0238898066581659,1.2569219408180643,38.775510204081634,-0.022411270521468362,0.6036451991177337,0.9515446475369367,0.9597640400577339,False,False,False
TCI_Climate_Canopy_HF,I_Dx1minusHFInorm_over_P_lowHFI,P_lowHFI,0.0,0.5778689311638552,1.2506358972412017,96.47495361781077,-0.9088077636700701,5.145704779305945e-206,0.5802172513743885,0.355156354928872,True,True,True
TCI_Climate_Canopy_HF,I_DxHFI_over_P_q95,P_q95,2.1413589775389488,1049.958249067383,2848.6802857331654,0.0,0.9621362491926478,2.536733309921052e-305,1057.5361461611044,1672.0756759090395,False,False,False
TCI_Climate_Canopy_HF,I_DxHFInorm_over_P_q95,P_q95,0.0,0.3596111691328885,0.9899328905204938,100.0,0.9636488719021391,5.4886215129261e-310,0.3619381192407277,0.5777185583114701,True,False,False
TCI_Climate_Canopy_HF,I_D_over_P_q95,P_q95,0.020973153864264873,0.9300000071525574,1.0318792216883501,97.21706864564007,-0.1786718999962098,3.0180353895435017e-05,0.9274841653545518,0.9170798042753451,True,True,True
TCI_Climate_Canopy_HF,I_Dx1minusHFInorm_over_P_q95,P_q95,0.0,0.5047847592663137,1.026718648431613,99.81447124304268,-0.9142626619504364,7.06440952014055e-213,0.5655460461138241,0.33936124596387496,True,True,True
