longitude,latitude,landcover_class,landcover_name,HumanImpact,HFI,P,D,HFI_norm,Intactness
37.03794,0.12265,20,Shrubland,1503.25,0.5566552877426147,0.6,0.7300000190734863,4.129996808744505e-05,1.216616401815999
37.100402,0.22812,30,Grassland,807.299987792969,0.0813799500465393,0.6,0.9200000166893005,6.0378288213333094e-06,1.5333240422156502
36.85714312,-1.178378685,10,Tree Cover,2663.60009765625,2.9765095710754395,0.6,0.8560000061988831,0.00022083640091860663,1.4263515603857608
34.964947,-1.391947,30,Grassland,1665.15002441406,0.02829434536397457,0.7,0.9079999923706055,2.099244516882436e-06,1.2971401453138796
34.997647,-1.258503,30,Grassland,2026.44995117188,0.1969299018383026,0.6,0.7839999794960022,1.4610835180184614e-05,1.306647489081028
37.036103,-0.103342,20,Shrubland,1947.5,0.721214234828949,1.0,0.906000018119812,5.350910256046853e-05,0.9059515388719226
39.387778,-4.257222,10,Tree Cover,385.299987792969,0.0033752580638974905,0.7,0.9639999866485596,2.504207781644438e-07,1.377142516656787
39.54792023,-4.338908672,10,Tree Cover,2094.64990234375,1.9826915264129639,1.0,0.9399999976158142,0.00014710198316837873,0.9398617217519867
39.297624,-3.459343,20,Shrubland,873.150024414062,0.019312012940645218,0.7,0.8820000290870667,1.4328176444481375e-06,1.2599982576603033
34.862366,0.286879,10,Tree Cover,215.899993896484,0.005238162819296122,1.0,0.9919999837875366,3.886354123232546e-07,0.991999598261214
37.231491,-2.649862,30,Grassland,503.450012207031,0.11511700600385666,0.7,0.8080000281333923,8.540884779091146e-06,1.1542759155118454
35.647819,2.383763,30,Grassland,2322.0,13.33596420288086,0.6,0.36000001430511475,0.0009894362060725729,0.5994063382763565
35.63552856,-0.312124626,40,Cropland,1804.05004882812,2.7607920169830322,1.0,0.800000011920929,0.0002048316520262589,0.7998361465968662
39.8784831,-3.3300563,10,Tree Cover,169.0,0.05147926136851311,0.7,0.671999990940094,3.819404752816959e-06,0.9599963367774041
38.29315833,-3.414661111,10,Tree Cover,1339.09997558594,5.374546051025391,0.6,0.9559999704360962,0.00039875410380451807,1.5926978725862857
36.694624,-0.969423,10,Tree Cover,1065.5,0.9043821692466736,1.0,0.9779999852180481,6.709889504545983e-05,0.9779343624996856
38.215942,-3.015984,20,Shrubland,459.5,0.0035248585045337677,0.7,0.9340000152587891,2.615200950310838e-07,1.334285409864197
37.73597717,0.152435123,40,Cropland,2180.30004882812,5.77366828918457,0.7,0.9100000262260437,0.0004283662103665696,1.2994431835056366
38.05001022,0.191316212,10,Tree Cover,1684.59997558594,1.39456045627594,0.7,0.777999997138977,0.00010346672996455922,1.1113135903875013
38.81878344,-3.35269695,10,Tree Cover,1174.44995117188,0.014813829213380814,0.7,0.871999979019165,1.0990835571625375e-06,1.2457129078119733
37.91300458,-2.927294304,10,Tree Cover,262.700012207031,0.006565731484442949,0.7,0.8700000047683716,4.871318152350105e-07,1.242856565399564
36.04660416,-1.902546883,20,Shrubland,654.450012207031,0.022973040118813515,0.7,0.8579999804496765,1.7044405122354482e-06,1.225712189501969
38.77621333,-3.705738333,20,Shrubland,1586.5,0.0060969991609454155,0.7,0.906000018119812,4.523551223188137e-07,1.294285176735921
36.93285942,0.046219821,30,Grassland,985.700012207031,0.0999753400683403,0.6,0.9459999799728394,7.417478007076923e-06,1.5766548757473529
37.24216667,-0.9705,20,Shrubland,1748.69995117188,1.6743574142456055,0.6,0.9580000042915344,0.00012422572694089702,1.5964682633030374
34.48645861,0.079888056,10,Tree Cover,2396.94995117188,6.774335861206055,1.0,0.9120000004768372,0.0005026088156209319,0.9115416212367512
39.62808667,-4.17288,10,Tree Cover,2318.64990234375,3.630359649658203,0.7,0.9200000166893005,0.000269347549512829,1.3139317608607726
39.50276358,-4.166375473,30,Grassland,1724.05004882812,2.3523049354553223,1.0,0.972000002861023,0.00017452473892813248,0.9718303648142855
39.48830492,-4.466650487,10,Tree Cover,2346.85009765625,8.282602310180664,1.0,0.8880000114440918,0.0006145117429471475,0.8874543250093222
37.176783,1.2571383,10,Tree Cover,637.549987792969,0.04001239314675331,0.7,0.8700000047683716,2.968642526983956e-06,1.2428534812361813
39.38049389,-3.823148555,30,Grassland,1522.90002441406,0.3612115979194641,0.7,0.8199999928474426,2.6799399548301195e-05,1.1713971875773534
37.30645325,-0.354926162,10,Tree Cover,114.050003051758,0.0,1.0,0.9940000176429749,0.0,0.9940000176429749
36.59846306,-0.943295659,10,Tree Cover,2839.5,8.689981460571289,1.0,0.6140000224113464,0.0006447364552261813,0.6136041542133881
36.86433267,-0.386215057,20,Shrubland,400.299987792969,0.0,1.0,0.8519999980926514,0.0,0.8519999980926514
36.71885267,-0.477356604,20,Shrubland,800.0,0.0,1.0,0.9539999961853027,0.0,0.9539999961853027
39.92431671,-3.207704169,10,Tree Cover,857.650024414062,0.2022249400615692,0.7,0.843999981880188,1.5003690353679037e-05,1.2056961901983143
35.092353,-1.572378,30,Grassland,1652.30004882812,0.0535932295024395,0.7,0.9580000042915344,3.976246551307885e-06,1.368566016231285
35.3132473,0.569083269,30,Grassland,2772.94995117188,10.21088981628418,0.6,0.8980000019073486,0.0007575773245002274,1.4955327696870377
36.27515602,-0.463914094,20,Shrubland,2021.0,2.400162935256958,0.6,0.9620000123977661,0.00017807547114618414,1.603047775954464
35.36259079,-1.491084933,10,Tree Cover,2156.94995117188,0.2873449921607971,0.6,0.8960000276565552,2.1319008850977213e-05,1.4933014837015888
37.46589725,0.218575141,20,Shrubland,1127.44995117188,0.20289382338523865,0.6,0.8980000019073486,1.5053316864968991e-05,1.496644080576666
37.29219,1.33944,20,Shrubland,571.150024414062,0.02762971818447113,0.7,0.9440000057220459,2.0499337820201945e-06,1.348568695229622
37.2288157,-0.8869319,20,Shrubland,2389.80004882812,4.456345081329346,0.7,0.9200000166893005,0.0003306299494466385,1.3138512182751696
36.45938826,-0.110262428,40,Cropland,2301.35009765625,3.634855031967163,1.0,0.8040000200271606,0.0002696810757542733,0.8037831964368533
35.52573395,0.604562984,20,Shrubland,2182.85009765625,1.9632662534713745,0.6,0.8600000143051147,0.0001456607624160691,1.4331245197983369
37.9572584,-3.3951791,30,Grassland,263.350006103516,0.0015857925172895193,0.7,0.9580000042915344,1.176548248072134e-07,1.3685712969897899
35.12706826,-1.301992519,30,Grassland,1255.84997558594,0.1067643091082573,0.7,0.9419999718666077,7.921172503238554e-06,1.3457036088062422
35.01953888,0.072350959,10,Tree Cover,1397.44995117188,0.7802202105522156,1.0,0.9959999918937683,5.788693740368349e-05,0.9959423365045834
34.19436271,-0.474831483,30,Grassland,1387.30004882812,1.7211437225341797,0.7,0.8899999856948853,0.0001276969470690366,1.2712662150978498
35.1597519,1.270516215,10,Tree Cover,1520.59997558594,1.802776575088501,1.0,0.9580000042915344,0.0001337535395053586,0.9578718684001143
35.42217922,1.528269119,20,Shrubland,1847.80004882812,2.148224353790283,0.7,0.9419999718666077,0.00015938337281587792,1.345499783962152
35.05721238,1.334758288,30,Grassland,1810.5,0.6668285727500916,0.7,0.7860000133514404,4.947406299876776e-05,1.1228016287458589
40.01776886,-3.307411895,10,Tree Cover,2548.10009765625,3.381500720977783,0.7,0.9259999990463257,0.00025088394009584744,1.32252528040538
36.6241536,-1.208820218,20,Shrubland,2368.80004882812,1.4495865106582642,0.6,0.9160000085830688,0.00010754928220112181,1.526502428408326
36.85964584,0.382390051,30,Grassland,972.549987792969,0.032214563339948654,0.6,0.9179999828338623,2.3900975472383054e-06,1.5299962537440028
36.32005,-0.6682,30,Grassland,2215.60009765625,1.226416826248169,1.0,0.8240000009536743,9.09916368375089e-05,0.8239250238448335
37.25085831,-1.101008296,10,Tree Cover,2077.60009765625,2.736955165863037,0.6,0.949999988079071,0.00020306312271873499,1.5830117339549468
35.98671333,0.565725,30,Grassland,1536.84997558594,0.675309419631958,0.7,0.8519999980926514,5.010328311629504e-05,1.2170818922918267
35.89325833,0.503171667,20,Shrubland,1159.44995117188,0.4269365966320038,0.7,0.8740000128746033,3.167573937502418e-05,1.2485319188023456
35.82671167,0.74482,20,Shrubland,1539.90002441406,1.273764967918396,0.6,0.9120000004768372,9.450454111245109e-05,1.5198562934984996
35.42237806,0.448936389,10,Tree Cover,2289.94995117188,3.9031448364257812,0.6,0.9739999771118164,0.000289586321615247,1.622863135581865
36.90053833,-1.412436667,30,Grassland,2006.30004882812,0.09211616218090057,0.5,0.8360000252723694,6.83438142452026e-06,1.6719886234586514
34.91680509,0.217255521,10,Tree Cover,884.650024414062,0.009364389814436436,1.0,0.8939999938011169,6.94772885501529e-07,0.8939993726741615
35.39009567,-1.611644805,30,Grassland,2177.25,0.8989797234535217,0.7,0.8999999761581421,6.669807097396644e-05,1.2856285188882028
35.60736465,-1.425438881,20,Shrubland,1291.40002441406,0.31929245591163635,0.6,0.8339999914169312,2.368928945809244e-05,1.3899670023505513
36.75967902,2.303388067,30,Grassland,721.950012207031,0.08321061730384827,0.7,0.878000020980835,6.173651656345252e-06,1.2542780220953005
37.083294,-0.575127,10,Tree Cover,1904.55004882812,5.745532989501953,1.0,0.9739999771118164,0.0004262787659380168,0.9735847816035496
35.59769386,0.716381794,10,Tree Cover,967.150024414062,0.16173072159290314,0.7,0.8999999761581421,1.1999299723951968e-05,1.2856988458791445
34.11510434,-0.638006562,10,Tree Cover,1546.90002441406,2.9644291400909424,1.0,0.8140000104904175,0.0002199401165840671,0.8138209792332107
39.34636873,-4.58009211,10,Tree Cover,1141.44995117188,0.8901245594024658,1.0,0.9480000138282776,6.604107911424517e-05,0.947937406884364
39.24389442,-3.575012123,20,Shrubland,1316.65002441406,0.583081841468811,0.7,0.8759999871253967,4.326063539733272e-05,1.2513744367527022
38.18402968,0.137642802,30,Grassland,1128.44995117188,0.008050371892750263,0.7,0.671999990940094,5.972818539296478e-07,0.959999430015398
35.15818333,-1.164075,30,Grassland,1485.30004882812,0.2441636621952057,0.5,0.8880000114440918,1.8115253153650646e-05,1.7759678501981682
35.77612224,0.476667521,10,Tree Cover,1690.75,3.5359110832214355,1.0,0.9919999837875366,0.0002623401198420144,0.9917397423929065
39.4424181,-1.5867894,30,Grassland,1045.5,0.10584669560194016,0.7,0.3319999873638153,7.853091934595813e-06,0.47428197970182
36.66480833,-1.487463333,30,Grassland,2018.5,0.6010650396347046,0.6,0.9539999961853027,4.459486418616445e-05,1.5899290246302957
34.83671833,0.162953333,10,Tree Cover,2550.64990234375,10.172830581665039,1.0,0.8980000019073486,0.0007547535928123864,0.8973222331795635
37.41912691,0.763749032,20,Shrubland,768.299987792969,0.06793640553951263,0.7,0.9319999814033508,5.040410901575635e-06,1.3314218565889566
37.0880842,-0.3517749,10,Tree Cover,2419.55004882812,2.9269893169403076,1.0,0.9520000219345093,0.0002171623409384044,0.9517932833811726
36.44831164,-0.685446147,30,Grassland,2136.14990234375,3.279639482498169,1.0,0.8679999709129333,0.00024332654148455309,0.8677887634820024
35.83027833,-0.500048333,10,Tree Cover,740.849975585938,0.6171207427978516,1.0,0.6579999923706055,4.578608619170491e-05,0.6579698651262407
40.2,-2.633333,90,Herbaceous Wetland,737.700012207031,0.23408809304237366,1.0,0.7179999947547913,1.7367715685422707e-05,0.7179875247350203
34.44174,0.595778333,10,Tree Cover,2528.0,5.677505970001221,1.0,0.9340000152587891,0.0004212316321079267,0.9336065849079728
34.59668333,0.5334,10,Tree Cover,2505.75,6.085738182067871,1.0,0.7699999809265137,0.0004515196356567504,0.7696523108156701
35.58921433,0.352196664,10,Tree Cover,2412.69995117188,5.606924057006836,1.0,0.972000002861023,0.00041599494287060694,0.9715956557753626
34.4295845,0.401233345,10,Tree Cover,2004.69995117188,7.305958271026611,1.0,0.8119999766349792,0.0005420515174933906,0.8115598308154396
36.080805,-0.49208,10,Tree Cover,1350.09997558594,0.8089808821678162,1.0,0.9340000152587891,6.002078009960882e-05,0.9339439558492602
37.24698633,-1.864824168,10,Tree Cover,1715.44995117188,0.9018092155456543,0.7,0.8119999766349792,6.690799969589172e-05,1.1599223730973451
36.50409667,-0.023736667,10,Tree Cover,1821.05004882812,0.5679827928543091,1.0,0.949999988079071,4.2140390535456824e-05,0.9499599547085648
37.52828311,0.313799026,30,Grassland,1241.44995117188,0.46026620268821716,0.7,0.8519999980926514,3.414856537128993e-05,1.2171013114628548
36.7234468,-0.8653336,10,Tree Cover,1029.25,0.28558656573295593,1.0,0.9860000014305115,2.118854578531863e-05,0.9859791095243368
35.07439188,-1.423646794,10,Tree Cover,1099.0,0.05938280001282692,0.7,0.9079999923706055,4.4057925963812445e-06,1.2971371533914877
36.8278134,-2.5595536,20,Shrubland,1508.44995117188,1.6327608823776245,0.7,0.5360000133514404,0.00012113955228932282,0.7656215595381659
38.39261667,-0.086086667,20,Shrubland,1277.25,0.08680348843336105,0.7,0.8740000128746033,6.440217817232582e-06,1.2485634271545485
38.73879833,-0.142461667,20,Shrubland,1293.44995117188,0.019979026168584824,0.6,0.7059999704360962,1.4823054075834206e-06,1.1766648264577444
35.55995807,-1.710308715,30,Grassland,2120.44995117188,0.22276872396469116,0.5,0.9359999895095825,1.6527896874800978e-05,1.8719690387965622
39.65634696,-3.867142469,10,Tree Cover,2634.75,6.645797252655029,1.0,0.9419999718666077,0.0004930721408635792,0.941535497923786
37.40308719,0.077764998,10,Tree Cover,1158.94995117188,0.32015490531921387,1.0,0.9359999895095825,2.3753277232563123e-05,0.935977756442342
38.02211357,2.372529523,30,Grassland,1822.25,0.2718452215194702,0.7,0.777999997138977,2.016903318929715e-05,1.111406169828868
35.24921289,-1.544114788,30,Grassland,1286.80004882812,0.05356898903846741,0.5,0.9760000109672546,3.974448076721337e-06,1.9519922638117764
36.85726124,-1.638205738,30,Grassland,1231.0,0.47757118940353394,0.7,0.8980000019073486,3.543247556640282e-05,1.282811712623614
36.99801748,-1.507094724,40,Cropland,1625.55004882812,0.4175642728805542,0.7,0.8600000143051147,3.09803778463306e-05,1.2285334083214046
36.69490322,0.582813181,30,Grassland,663.700012207031,0.027547135949134827,0.6,0.9679999947547913,2.0438067519549448e-06,1.6133299631418039
38.34399434,-3.488441579,10,Tree Cover,1139.25,1.6407155990600586,0.6,0.8560000061988831,0.00012172973718896056,1.426492952554754
38.42576317,-3.328619522,20,Shrubland,2160.35009765625,2.4278059005737305,0.7,0.9539999961853027,0.00018012638777369837,1.3626116740795011
36.92499924,-1.566666722,20,Shrubland,1927.84997558594,3.4661879539489746,0.7,0.828000009059906,0.00025716714641067085,1.1825529839392546
36.99509804,0.250802765,30,Grassland,920.700012207031,0.0701928585767746,0.6,0.8679999709129333,5.207824093333237e-06,1.446659026717888
38.106142,0.27917,10,Tree Cover,2167.60009765625,1.4361310005187988,0.7,0.8679999709129333,0.00010655097651428685,1.2398678563554213
36.27823167,-0.757161667,10,Tree Cover,2102.5,1.367275357246399,0.6,0.9399999976158142,0.00010144236453770305,1.5665076740748953
38.1963,-3.46763,20,Shrubland,1010.65002441406,0.09922853112220764,0.7,0.9259999990463257,7.362069954154666e-06,1.3228474250558935
37.7312136,-2.42871,10,Tree Cover,732.450012207031,0.0002216765860794112,0.7,0.9200000166893005,1.6446867805640302e-08,1.3142857388938411
37.22999496,-0.708630359,20,Shrubland,1657.05004882812,0.5587232112884521,1.0,0.8320000171661377,4.1453393696311e-05,0.8319655279418707
37.57640973,-1.048970238,20,Shrubland,1615.75,1.0240460634231567,0.7,0.7860000133514404,7.597712744445445e-05,1.1227718695896263
38.15260278,-3.602905556,30,Grassland,172.75,0.005940321832895279,0.7,0.8700000047683716,4.4073074940620293e-07,1.2428566230694613
38.02229276,-2.985271477,10,Tree Cover,1082.84997558594,0.0031797848641872406,0.7,0.8619999885559082,2.3591802019600263e-07,1.2314282855347807
38.60743117,-3.499978021,10,Tree Cover,1611.34997558594,0.4056856632232666,0.7,0.8939999938011169,3.0099067256865703e-05,1.2771044292277816
38.61569316,-3.411690349,30,Grassland,2087.0,1.1229627132415771,0.7,0.8519999980926514,8.331605796532408e-05,1.2170414675995553
34.75341766,1.034396626,10,Tree Cover,713.400024414062,0.4038805067539215,1.0,0.9860000014305115,2.9965137145684815e-05,0.9859704558052429
37.42351584,-2.518822241,20,Shrubland,527.150024414062,0.02030217833817005,0.7,0.7639999985694885,1.5062810610715619e-06,1.0914269439736901
38.0627523,-2.89321826,20,Shrubland,1258.0,0.04954848438501358,0.7,0.6700000166893005,3.6761544692781546e-06,0.9571393786796218
37.04616398,-0.746256284,10,Tree Cover,1735.59997558594,5.507105350494385,1.0,0.8100000023841858,0.00040858908598885135,0.8096690452235606
34.76429333,-0.16526,10,Tree Cover,1753.90002441406,1.049928903579712,0.9,0.47999998927116394,7.789745497212977e-05,0.5332917902314224
37.15353012,0.767337203,20,Shrubland,788.849975585938,0.08694042265415192,0.7,0.8999999761581421,6.4503773882871855e-06,1.2857059802077944
37.43071333,-2.789345,30,Grassland,1116.40002441406,0.15899868309497833,0.7,0.8880000114440918,1.1796601383951401e-05,1.268556501691857
37.4808562,-0.34617989,10,Tree Cover,1268.25,0.4022209048271179,1.0,0.9980000257492065,2.9842006173745603e-05,0.9979702434262767
34.9555574,3.658771745,20,Shrubland,1064.15002441406,0.9086010456085205,0.6,0.7820000052452087,6.741190646014655e-05,1.3032454301036849
35.34141141,-1.406785051,20,Shrubland,1246.40002441406,0.08401963114738464,0.7,0.9179999828338623,6.233674881950185e-06,1.3114203942196814
37.86323741,-2.747356984,20,Shrubland,770.75,0.019065456464886665,0.7,0.9380000233650208,1.4145248610958494e-06,1.3399981607352727
36.772445,0.076339,30,Grassland,1135.34997558594,0.1527266800403595,0.6,0.8859999775886536,1.1331262184443271e-05,1.4766498381408941
37.09506167,-1.506121667,10,Tree Cover,2130.39990234375,0.8598495125770569,0.7,0.8600000143051147,6.379488026323662e-05,1.2284930933599352
37.28554167,-0.02968883,30,Grassland,167.699996948242,0.0,0.6,0.9319999814033508,0.0,1.5533332406150007
35.24990082,-0.994596005,20,Shrubland,2414.05004882812,3.4169723987579346,0.6,0.9160000085830688,0.00025351569298239467,1.5262795863613001
35.69538545,-0.983686856,30,Grassland,1576.75,1.1879799365997314,0.5,0.9100000262260437,8.813988576136514e-05,1.8198396378553785
36.46771174,-0.405913064,40,Cropland,1741.34997558594,1.5898479223251343,1.0,0.8519999980926514,0.00011795570778136384,0.8518994998298466
38.64203535,-3.816823439,10,Tree Cover,1419.25,0.957076370716095,0.7,0.8619999885559082,7.100843994155855e-05,1.2313411342288878
35.2003449,-0.87181725,30,Grassland,2419.5,5.540849208831787,0.6,0.9160000085830688,0.000411092646636112,1.526039018886027
36.858875,-2.125544444,20,Shrubland,938.099975585938,0.1871621012687683,0.7,0.7860000133514404,1.3886132009857736e-05,1.1228415889097287
34.4040978,-0.6834578,20,Shrubland,1902.84997558594,2.9415547847747803,1.0,0.8899999856948853,0.00021824299780089803,0.8898057494299644
34.88575759,-0.300867406,90,Herbaceous Wetland,1840.65002441406,1.7506757974624634,0.6,0.8360000252723694,0.00012988802254959163,1.3931523427781587
34.02929549,0.165757101,20,Shrubland,1712.84997558594,3.823131561279297,1.0,0.9200000166893005,0.00028364989060868535,0.9197390587852066
34.89646759,1.305152734,20,Shrubland,1180.69995117188,0.3228180408477783,0.7,0.9380000233650208,2.3950863449319066e-05,1.339967962040298
35.65747362,0.523553311,10,Tree Cover,1331.80004882812,0.5473076701164246,0.7,0.9079999923706055,4.0606439582181315e-05,1.297090195980421
34.38978214,-0.546633679,20,Shrubland,2363.94995117188,1.9584792852401733,1.0,0.9279999732971191,0.00014530560251812586,0.9278651297018624
37.28808951,-2.515274393,30,Grassland,1015.04998779297,0.03306674212217331,0.7,0.9039999842643738,2.453323312421281e-06,1.2914254026501835
37.857345,-2.59224667,30,Grassland,1411.05004882812,0.0011263111373409629,0.6,0.8360000252723694,8.356448784911926e-08,1.393333203654672
37.35903298,-2.418902873,30,Grassland,649.0,0.029529359191656113,0.7,0.9020000100135803,2.1908739917009437e-06,1.288568641723076
37.20110447,-2.478271502,30,Grassland,321.049987792969,0.021458875387907028,0.7,0.8700000047683716,1.592099973229399e-06,1.2428551920819655
37.4915773,0.5774645,10,Tree Cover,1603.55004882812,0.11879391968250275,0.7,0.8700000047683716,8.813686315216298e-06,1.2428462166815955
37.39652989,-2.599777515,30,Grassland,401.799987792969,0.024974582716822624,0.7,0.9440000057220459,1.852941114392056e-06,1.3485689608883116
39.21414796,-3.775828856,30,Grassland,2239.55004882812,3.1343777179718018,0.7,0.9100000262260437,0.00023254912434441652,1.299697745729137
37.31845,0.22996,30,Grassland,1044.84997558594,0.13395726680755615,1.0,0.8899999856948853,9.93870168137432e-06,0.8899911402505309
40.09404141,-3.027716686,20,Shrubland,1642.75,1.9762269258499146,0.7,0.9539999961853027,0.0001466223545672839,1.3626573352910658
36.865505,2.37745833,30,Grassland,1399.30004882812,0.02301051653921604,0.6,0.3400000035762787,1.7072210031438031e-06,0.5666656826846147
39.30877684,-3.09064394,30,Grassland,1225.30004882812,0.07113801687955856,0.7,0.7099999785423279,5.277948295154545e-06,1.0142803475575937
37.18368667,-0.331403333,10,Tree Cover,144.949996948242,0.0,1.0,0.9980000257492065,0.0,0.9980000257492065
38.88468623,-0.3279196,20,Shrubland,929.950012207031,0.0331551767885685,0.7,0.7120000123977661,2.459884552349058e-06,1.0171403901217038
35.79282,-0.1536805,10,Tree Cover,1094.90002441406,0.23340487480163574,1.0,0.9419999718666077,1.7317025622540768e-05,0.9419836592289584
37.54693667,0.85579667,20,Shrubland,967.650024414062,0.031290728598833084,0.7,0.9079999923706055,2.3215554060491467e-06,1.297139856944895
38.78664649,-3.450773138,30,Grassland,789.950012207031,0.0007397311273962259,0.7,0.843999981880188,5.488292777860028e-08,1.2057142141889021
39.80245078,-2.910086894,20,Shrubland,262.799987792969,0.023887822404503822,0.7,0.8679999709129333,1.7723110239109585e-06,1.239997781898488
37.12104086,-1.085943303,30,Grassland,2722.10009765625,2.423166513442993,0.7,0.9319999814033508,0.00017978217737156283,1.3311892004091368
37.5446627,-2.7358736,30,Grassland,1086.15002441406,0.37661927938461304,0.7,0.6460000276565552,2.7942542830731304e-05,0.9228314111058876
36.32825565,-1.14988907,20,Shrubland,868.599975585938,0.11441349983215332,0.6,0.8640000224113464,8.488689492204546e-06,1.4399877564190857
36.4447,-1.5772,20,Shrubland,1100.69995117188,0.21709772944450378,0.7,0.8479999899864197,1.6107148347184173e-05,1.2114090650941485
38.8320067,-2.957297247,30,Grassland,250.949996948242,0.0,0.7,0.8579999804496765,0.0,1.225714278659042
37.80036201,-3.217112543,30,Grassland,1821.5,3.5284364223480225,0.7,0.8999999761581421,0.00026178555175951525,1.2853776921295659
34.14167395,0.350909108,20,Shrubland,1977.30004882812,5.752832889556885,1.0,0.9819999933242798,0.0004268203679778228,0.9815808557257749
34.26422006,0.462744735,30,Grassland,1841.05004882812,4.049603462219238,1.0,0.8740000128746033,0.0003004525375743733,0.873737417352895
37.29054676,-2.347445723,30,Grassland,1001.15002441406,0.03069503977894783,0.7,0.8460000157356262,2.2773594201436214e-06,1.2085687192811183
35.91532857,-1.740679064,10,Tree Cover,268.600006103516,0.044738393276929855,0.5,0.9620000123977661,3.319279013972293e-06,1.923993638502627
35.41357979,0.642079236,40,Cropland,1565.25,0.7253180742263794,0.6,0.8740000128746033,5.381357902890773e-05,1.4565882417967821
36.02233333,-0.081395,10,Tree Cover,2083.25,0.6183598041534424,0.6,0.9660000205039978,4.587801596506934e-05,1.6099261065933421
38.22466452,-2.914765136,20,Shrubland,799.650024414062,0.0024868722539395094,0.7,0.9120000004768372,1.8450870221993492e-07,1.3028569253373794
37.1774714,-0.074812334,10,Tree Cover,785.0,0.2039424479007721,1.0,0.9300000071525574,1.5131117543379628e-05,0.9299859352131338
34.60820194,-0.612179761,40,Cropland,2052.30004882812,4.963714122772217,1.0,0.9240000247955322,0.00036827321931500443,0.9236597403317537
35.31574167,-0.42097833,10,Tree Cover,1084.25,1.8145216703414917,1.0,0.8579999804496765,0.00013462494425047405,0.8578844722501416
35.27948569,-0.125140367,10,Tree Cover,2262.64990234375,2.7670860290527344,1.0,0.9179999828338623,0.00020529862414229652,0.9178115187004239
36.92516215,2.261648089,20,Shrubland,688.25,0.01759801059961319,0.6,0.8180000185966492,1.3056505384398678e-06,1.3633315301168798
36.63542792,-0.227709894,20,Shrubland,69.3499984741211,0.0,1.0,0.949999988079071,0.0,0.949999988079071
36.46805572,-0.898303333,30,Grassland,1112.84997558594,0.32070034742355347,1.0,0.906000018119812,2.379374526008178e-05,0.9059784609861753
36.78234444,-0.340380556,10,Tree Cover,866.200012207031,0.0,1.0,0.9639999866485596,0.0,0.9639999866485596
40.93005124,-2.302348685,20,Shrubland,1070.69995117188,0.6268699765205383,0.7,0.8659999966621399,4.6509411830551945e-05,1.2370853346555089
37.75223902,0.06765775,10,Tree Cover,1996.19995117188,0.7303805351257324,0.7,0.949999988079071,5.4189178575325573e-05,1.3570693207679962
37.38612358,-1.457141396,10,Tree Cover,2152.44995117188,3.9733803272247314,0.7,0.9419999718666077,0.00029479730872428156,1.3453175554964543
40.13816864,-1.868739936,20,Shrubland,1115.84997558594,0.1669197529554367,0.7,0.7360000014305115,1.2384289922368045e-05,1.0514155701813732
35.69748333,-1.343066667,20,Shrubland,1646.19995117188,0.17388808727264404,0.6,0.9359999895095825,1.290129208018529e-05,1.5599797945125236
37.53052599,0.016607861,10,Tree Cover,260.649993896484,0.003326681675389409,1.0,0.9959999918937683,2.468167464784738e-07,0.9959997460642908
35.21919833,0.547273333,20,Shrubland,2347.30004882812,5.737446308135986,0.6,0.9459999799728394,0.00042567879017258006,1.5759954171186705
35.207844,-1.438004,20,Shrubland,1847.5,0.1729739010334015,0.7,0.9139999747276306,1.2833465791029197e-05,1.3056975150076418
37.70934833,-1.389096667,10,Tree Cover,1786.69995117188,1.5604703426361084,0.7,0.8339999914169312,0.00011577609477784173,1.191290640508816
37.4700224,-0.244418856,10,Tree Cover,28.2999992370605,0.0,1.0,0.9639999866485596,0.0,0.9639999866485596
34.59099,1.117263333,30,Grassland,104.699996948242,0.022974401712417603,0.5,0.9100000262260437,1.7045415330532419e-06,1.819996950186408
40.17531107,-2.303177132,10,Tree Cover,725.200012207031,0.8547214865684509,0.7,0.871999979019165,6.341441623968288e-05,1.2456352807123774
38.32462,-1.00194,20,Shrubland,1385.84997558594,0.49114978313446045,0.7,0.7459999918937683,3.643991320349744e-05,1.0656754577466505
34.98811667,-1.526021667,30,Grassland,1737.05004882812,0.03968238830566406,0.7,0.9020000100135803,2.9441584527178902e-06,1.2885676710622145
38.69520556,-3.040758333,30,Grassland,1531.69995117188,0.01890045404434204,0.7,0.5860000252723694,1.4022828239628166e-06,0.8371417335915804
38.3376639,-2.2495147,20,Shrubland,437.149993896484,0.0,0.7,0.8579999804496765,0.0,1.225714278659042
35.450478,1.251655,30,Grassland,1477.15002441406,1.1576411724090576,1.0,0.8880000114440918,8.58889595230309e-05,0.8879237420470525
37.46045278,-2.077113889,30,Grassland,2409.64990234375,2.085770845413208,0.7,0.8840000033378601,0.00015474975492035402,1.2626617422944213
37.63026429,-0.234542854,10,Tree Cover,2398.60009765625,4.999714374542236,1.0,0.7919999957084656,0.0003709441887317708,0.791706207912582
34.39328286,0.053409368,20,Shrubland,2413.39990234375,6.069884777069092,1.0,0.9419999718666077,0.0004503434227743001,0.941575748375024
34.35332581,-0.296315947,30,Grassland,2321.69995117188,2.737565279006958,0.6,0.9399999976158142,0.00020310838888961042,1.5663483973101437
34.28472222,-0.634444444,30,Grassland,1388.5,0.1242918074131012,0.7,0.9039999842643738,9.22159151763137e-06,1.2914166619152476
35.43640137,2.245852709,20,Shrubland,1929.84997558594,1.103846788406372,0.6,0.3100000023841858,8.189778870059196e-05,0.5166243362536822
35.01071434,-0.237220593,40,Cropland,1519.75,2.0103254318237305,0.6,0.7919999957084656,0.00014915222761359783,1.3198030594637977
34.41982437,-0.936557515,40,Cropland,2040.19995117188,3.179555654525757,1.0,0.9480000138282776,0.00023590101442616076,0.9477763796633395
37.46813949,-1.33037547,40,Cropland,2080.44995117188,1.9553099870681763,0.7,0.777999997138977,0.00014507046253788085,1.111267350809824
37.98527833,3.694745,20,Shrubland,863.150024414062,0.04678969085216522,0.7,0.843999981880188,3.4714710909372497e-06,1.2057100947597637
35.01673685,1.193055963,10,Tree Cover,1617.69995117188,2.8644537925720215,1.0,0.8980000019073486,0.00021252263802420867,0.8978091565779975
37.91483326,-2.348524671,20,Shrubland,1272.05004882812,0.8292518854141235,0.7,0.8399999737739563,6.152474818471949e-05,1.1999261532733272
34.51741944,-0.426936111,30,Grassland,2193.25,6.147385597229004,0.6,0.9279999732971191,0.00045609344701701447,1.545961136219801
37.71732263,0.32840303,20,Shrubland,1116.75,0.2290354073047638,0.7,0.9300000071525574,1.6992841388323308e-05,1.328548885210688
39.8,-3.433333,10,Tree Cover,953.950012207031,0.5985907912254333,0.7,0.8999999761581421,4.441129208581181e-05,1.2856571733179307
35.85576667,0.597445,10,Tree Cover,1852.40002441406,1.1987892389297485,0.7,0.7480000257492065,8.894186115099562e-05,1.0684764428171531
34.9919717,0.316759794,10,Tree Cover,1733.25,1.830104947090149,1.0,0.8180000185966492,0.00013578111548712447,0.8178889496416556
34.041865,0.0463981,30,Grassland,831.849975585938,0.8036432266235352,0.6,0.8740000128746033,5.9624763015976076e-05,1.4565797768389859
37.59612982,0.728874572,20,Shrubland,1456.80004882812,0.027551207691431046,0.7,0.9020000100135803,2.0441088470407135e-06,1.2885688308404533
36.21804844,-0.609976532,30,Grassland,976.450012207031,0.06285575032234192,1.0,0.9359999895095825,4.663461462752585e-06,0.9359956245097023
37.93677453,2.259768475,30,Grassland,939.700012207031,0.006733395159244537,0.7,0.9020000100135803,4.995712990074724e-07,1.288570821087464
37.16933823,3.380330086,30,Grassland,1364.80004882812,0.025708600878715515,0.5,0.06800000369548798,1.9074001796866956e-06,0.13599974798453743
37.16024712,1.937249263,30,Grassland,1476.30004882812,0.10217906534671783,0.6,0.8059999942779541,7.5809791642105836e-06,1.3433230866357884
37.29078293,1.736355981,10,Tree Cover,1808.05004882812,0.09932613372802734,0.7,0.8880000114440918,7.369311391709228e-06,1.268562118025615
37.35021846,-2.711745395,30,Grassland,1515.90002441406,0.14886169135570526,0.7,0.6919999718666077,1.1044506785097523e-05,0.9885604869325463
37.53404737,-1.173652462,40,Cropland,1718.65002441406,1.1182222366333008,0.7,0.8759999871253967,8.29643474238954e-05,1.251324750392964
37.71470424,-2.214473313,10,Tree Cover,2041.19995117188,1.5896577835083008,0.7,0.9279999732971191,0.00011794160079766975,1.3255579132808712
34.13565618,0.479566,10,Tree Cover,2552.55004882812,5.058173179626465,1.0,0.9900000095367432,0.0003752814273021608,0.9896284809201351
39.9093269,-3.5106508,10,Tree Cover,2015.40002441406,7.308553218841553,1.0,0.8399999737739563,0.0005422440446539252,0.8395444887906679
35.03730318,2.348327973,20,Shrubland,709.450012207031,1.2868752479553223,1.0,0.871999979019165,9.547723311603964e-05,0.871916722873891
34.73897687,2.96824328,20,Shrubland,878.75,0.25589361786842346,0.7,0.8939999938011169,1.8985534646772898e-05,1.2771186227967155
34.96032,2.99662,20,Shrubland,635.0,0.028919151052832603,0.7,0.8519999980926514,2.1456007728614906e-06,1.2171402636431994
34.92695,2.90052,30,Grassland,724.849975585938,0.09626226127147675,0.7,0.7580000162124634,7.1419932695861345e-06,1.0828494507000295
34.96999,2.80618,30,Grassland,1672.0,0.43434807658195496,0.6,0.6980000138282776,3.222561987046511e-05,1.1632958210167146
39.55331333,-3.838033333,20,Shrubland,2325.14990234375,3.551609992980957,0.7,0.9100000262260437,0.00026350487024743175,1.299657503257618
38.42397485,-3.62147057,20,Shrubland,1275.09997558594,0.05933767929673195,0.7,0.8479999899864197,4.402444951661365e-06,1.211423244506336
37.0912695,-0.228396667,20,Shrubland,2142.94995117188,1.2452664375305176,1.0,0.8420000076293945,9.239014748056544e-05,0.841922215124511
39.25728667,-4.487345,10,Tree Cover,1184.69995117188,2.3735573291778564,0.7,0.9539999961853027,0.00017610151939146353,1.3626171594001961
37.21690833,-0.169625,20,Shrubland,186.600006103516,0.0,1.0,0.9639999866485596,0.0,0.9639999866485596
35.11894602,1.091530332,10,Tree Cover,2331.14990234375,4.941198348999023,1.0,0.9440000057220459,0.00036660270479951676,0.9436539327666175
35.90088273,-0.301145905,10,Tree Cover,2837.14990234375,2.755650758743286,1.0,0.7799999713897705,0.00020445020626277412,0.7798405002347348
37.61919722,-1.773480556,20,Shrubland,2700.69995117188,6.58128023147583,0.7,0.6460000276565552,0.000488285424605833,0.9224065803638554
34.70912039,0.047647091,20,Shrubland,2682.64990234375,15.298543930053711,1.0,0.8479999899864197,0.0011350460329907772,0.8470374709618094
36.60920801,-2.03128475,20,Shrubland,1041.69995117188,0.13197055459022522,0.7,0.7760000228881836,9.791301390778962e-06,1.1085606257902183
37.45747559,-0.505014727,40,Cropland,2790.75,10.717998504638672,1.0,0.8640000224113464,0.000795201277972112,0.863312968489357
35.24847833,-1.195636667,30,Grassland,2390.85009765625,1.2104228734970093,0.6,0.8939999938011169,8.980499628498006e-05,1.4898661210230308
36.10790631,-1.34648502,20,Shrubland,926.349975585938,0.09113892912864685,0.7,0.6380000114440918,6.761877498372815e-06,0.9114224403302466
36.12350706,-1.437483216,30,Grassland,1536.65002441406,0.16914252936840057,0.7,0.8500000238418579,1.2549204541778576e-05,1.214270530704187
39.95556314,-3.031422476,10,Tree Cover,2379.94995117188,4.037173271179199,0.7,0.9559999704360962,0.00029953030346543973,1.3653051939293497
38.31779858,-3.139475711,20,Shrubland,131.449996948242,0.001703529735095799,0.7,0.9419999718666077,1.2639011115978328e-07,1.3457140983561267
38.47127658,-2.66611414,20,Shrubland,289.0,0.0,0.7,0.656000018119812,0.0,0.9371428989877514
38.3579892,-2.855958772,20,Shrubland,536.950012207031,0.027180740609765053,0.7,0.9539999961853027,2.0166227546830877e-06,1.362854412248133
38.28262976,-3.254870009,20,Shrubland,889.349975585938,0.06771877408027649,0.7,0.8859999775886536,5.024264154173438e-06,1.2657079159701996
38.22196247,-2.73451168,30,Grassland,1768.44995117188,0.042093127965927124,0.7,0.8460000157356262,3.123018643626628e-06,1.208567697241506
38.02698934,-3.557937803,30,Grassland,900.400024414062,0.00013967073755338788,0.7,0.9279999732971191,1.0362601650829936e-08,1.3257142564062436
38.43945858,-2.533982174,20,Shrubland,229.699996948242,0.0,0.7,0.8880000114440918,0.0,1.2685714665237744
36.47172866,-1.665538836,30,Grassland,749.049987792969,0.08966370671987534,0.7,0.8059999942779541,6.652426210033813e-06,1.1514209230692485
37.7816401,-3.5990826,20,Shrubland,1022.65002441406,0.0024056241381913424,0.7,0.8700000047683716,1.7848065459072444e-07,1.2428569490088723
36.53831894,-1.729164581,30,Grassland,676.049987792969,0.07679272443056107,0.7,0.8619999885559082,5.697488442428276e-06,1.2314215600008926
36.78423572,-1.49970457,30,Grassland,1487.0,0.29512038826942444,0.5,0.9300000071525574,2.1895889405648298e-05,1.8599592879505071
36.57737936,-1.619247937,20,Shrubland,878.450012207031,0.09776665270328522,0.7,0.9079999923706055,7.253608697469115e-06,1.297133459367142
36.81719234,-2.445804883,20,Shrubland,1565.19995117188,0.8742062449455261,0.7,0.8999999761581421,6.486005039943036e-05,1.2856308820574907
34.3256329,-0.068341999,20,Shrubland,2153.39990234375,2.514936923980713,1.0,0.9079999923706055,0.0001865909064181322,0.9078305678290014
39.42716758,-4.392553437,10,Tree Cover,1099.5,3.3696019649505615,1.0,0.9459999799728394,0.00025000113478522624,0.9457634789043393
38.11733333,-2.102627833,20,Shrubland,1463.84997558594,0.6471238136291504,0.7,0.8059999942779541,4.80121063071034e-05,1.1513733003514066
35.23110833,-1.6351055,30,Grassland,2024.5,0.400836706161499,0.5,0.9520000219345093,2.9739308216903095e-05,1.9039434202248688
36.85969718,0.133747968,30,Grassland,936.450012207031,0.10081148147583008,0.6,0.9620000123977661,7.47951391009683e-06,1.6033212981318887
37.83103336,0.635995376,30,Grassland,789.849975585938,0.020583625882864,0.7,0.8799999952316284,1.5271625201542328e-06,1.257140951878437
36.45009,0.880661972,30,Grassland,796.599975585938,0.09308454394340515,0.7,0.8820000290870667,6.90622864625436e-06,1.259991361162096
38.55332673,0.032848677,20,Shrubland,331.600006103516,0.005973260384052992,0.7,0.27799999713897705,4.4317456183665133e-07,0.3971426838153712
36.70319347,-1.576286246,30,Grassland,1061.40002441406,0.30326470732688904,0.6,0.7039999961853027,2.2500141488712644e-05,1.1733068801866076
35.36856763,1.797539798,20,Shrubland,776.650024414062,0.07842076569795609,0.7,0.8339999914169312,5.81827783196435e-06,1.19142164739446
35.47456015,-0.25193774,20,Shrubland,2588.5,13.059054374694824,1.0,0.621999979019165,0.000968891414135788,0.6213973285799007
34.1764895,-0.989705874,30,Grassland,2180.30004882812,2.6025338172912598,0.7,0.9259999990463257,0.00019308998938374246,1.322601733547117
39.77226198,-3.033764783,20,Shrubland,1282.80004882812,0.3729979991912842,0.7,0.8640000224113464,2.7673868914012252e-05,1.2342516098591576
34.5339726,0.2236934,20,Shrubland,1931.69995117188,8.964592933654785,1.0,0.8460000157356262,0.0006651107251280935,0.8454373320517019
36.66058939,-1.678013261,20,Shrubland,962.400024414062,0.15366877615451813,0.5,0.8320000171661377,1.1401159193071074e-05,1.6639810628029867
35.38830278,1.652886111,10,Tree Cover,967.299987792969,0.42798107862472534,1.0,0.9580000042915344,3.175323270692487e-05,0.9579695846944649
38.35173,-2.682811667,10,Tree Cover,806.349975585938,0.02244621515274048,0.7,0.9079999923706055,1.6653537474717116e-06,1.2971407081321966
36.526184,-1.8912603,20,Shrubland,2365.85009765625,0.12600985169410706,0.7,0.8500000238418579,9.349058507599437e-06,1.2142744165959751
35.21745897,0.413712,10,Tree Cover,2253.35009765625,2.922916889190674,1.0,0.8759999871253967,0.00021686019499673846,0.8758100175973715
37.707146,0.665154,10,Tree Cover,1534.15002441406,6.483882904052734,0.7,0.8140000104904175,0.00048105921728695773,1.162297774483098
34.31139917,0.250566416,20,Shrubland,1804.40002441406,3.2799131870269775,1.0,0.8679999709129333,0.00024334684846546946,0.8677887458555436
34.13444435,0.249098138,20,Shrubland,2320.10009765625,3.9109392166137695,1.0,0.9139999747276306,0.00029016461065716154,0.9137347642808231
36.95757254,0.452968357,20,Shrubland,984.599975585938,0.6216464042663574,0.7,0.9480000138282776,4.6121858937135645e-05,1.3542232949270958
39.99515,-2.784307972,10,Tree Cover,1765.90002441406,0.2182980179786682,0.7,0.8920000195503235,1.619620144566051e-05,1.2742651253267734
37.8393898,-1.376794338,40,Cropland,2216.60009765625,1.4483098983764648,0.7,0.6700000166893005,0.00010745456640903411,0.9570400479097423
38.3612192,0.844219512,20,Shrubland,777.0,0.04656960070133209,0.6,0.23999999463558197,3.4551419256424577e-06,0.39999859310804786
38.49465833,-3.261621667,40,Cropland,1364.05004882812,0.4174855947494507,0.7,0.8500000238418579,3.097454047376753e-05,1.2142481570809753
38.02761117,0.090713833,40,Cropland,1015.29998779297,0.01855611801147461,0.7,0.878000020980835,1.3767354744955143e-06,1.2542840387989862
37.90619284,-0.023484416,20,Shrubland,1672.5,1.243591070175171,0.7,0.8600000143051147,9.226584682298764e-05,1.2284581147426987
36.916321,2.819814,30,Grassland,546.400024414062,0.01362608466297388,0.7,0.6000000238418579,1.0109611354268717e-06,0.8571420392615455
37.35782325,0.647165723,30,Grassland,1590.44995117188,0.19164922833442688,0.7,0.8859999775886536,1.4219045769408146e-05,1.2656962780038514
38.08276117,0.780021667,20,Shrubland,1033.5,0.015128912404179573,0.7,0.7839999794960022,1.1224605482940688e-06,1.1199987326262582
36.46082137,-0.985528181,30,Grassland,820.099975585938,0.10336796939373016,0.6,0.906000018119812,7.669187612566052e-06,1.5099883897246125
35.16146333,0.182493333,10,Tree Cover,1923.65002441406,4.816727638244629,1.0,0.6380000114440918,0.00035736783989268235,0.6377720107581505
36.55391693,-1.492383978,30,Grassland,750.150024414062,0.08388051390647888,0.6,0.9319999814033508,6.223353345918216e-06,1.5533235736733806
36.80093897,-0.749781972,10,Tree Cover,800.0,0.0,1.0,0.9800000190734863,0.0,0.9800000190734863
36.9620157,-1.057128342,10,Tree Cover,2205.0,1.0739392042160034,0.5,0.9279999732971191,7.96788530328041e-05,1.8558520626472645
36.4929384,-1.2696537,30,Grassland,1569.80004882812,0.15537278354167938,0.7,0.6299999952316284,1.1527584742706866e-05,0.8999896336885829
36.01108517,1.410928472,20,Shrubland,540.950012207031,0.08576511591672897,0.7,0.7360000014305115,6.3631777661559205e-06,1.051421900950846
35.44532013,3.355076551,30,Grassland,1673.80004882812,0.23294930160045624,0.5,0.6340000033378601,1.7283225245387236e-05,1.2679780915459937
36.11521111,-0.209486111,20,Shrubland,1823.30004882812,4.495291709899902,1.0,0.9039999842643738,0.0003335195196213878,0.9036984826238842
38.580313,-0.807658,20,Shrubland,1133.44995117188,0.20823630690574646,0.7,0.7860000133514404,1.544969215100902e-05,1.1228398332549963
38.52035014,0.903951292,20,Shrubland,784.799987792969,0.03316471353173256,0.6,0.6359999775886536,2.4605921126597328e-06,1.0599973122996997
37.913347,-0.471909,30,Grassland,2162.05004882812,0.6870042681694031,0.7,0.8539999723434448,5.097095990302362e-05,1.2199377966969844
36.726525,0.430721667,20,Shrubland,1109.5,0.11510591208934784,0.6,0.9259999990463257,8.540061687448494e-06,1.5433200902559883
37.59106152,0.193408398,40,Cropland,1168.44995117188,0.9494465589523315,0.6,0.8479999899864197,7.04423607372551e-05,1.413233701951838
34.714632,-0.520217972,30,Grassland,2120.60009765625,6.092249393463135,1.0,0.8640000224113464,0.0004520027224588636,0.863609492049012
36.82789446,-0.662759302,20,Shrubland,2295.5,2.4299559593200684,1.0,0.9300000071525574,0.00018028590724574,0.9298323412575293
36.22811167,-0.377108333,30,Grassland,2032.80004882812,1.702115774154663,1.0,0.9100000262260437,0.00012628520504817043,0.9098851066861379
36.001255,0.467396,30,Grassland,2350.75,8.668843269348145,0.7,0.8640000224113464,0.0006431681477975706,1.2334919140308638
36.7870803,-1.039495255,10,Tree Cover,2525.89990234375,7.141143798828125,1.0,0.8519999980926514,0.000529823424826293,0.8515485885357099
37.683333,-3.4,40,Cropland,2185.55004882812,7.968477725982666,0.7,0.906000018119812,0.0005912058737880319,1.2935205728677348
36.75838167,-2.1683,30,Grassland,2000.15002441406,0.47690096497535706,0.5,0.9459999799728394,3.5382749554444176e-05,1.891933015784939
38.66895674,0.943976836,30,Grassland,894.400024414062,0.0632297471165657,0.6,0.6299999952316284,4.691209435342385e-06,1.0499950245597907
34.70885278,-0.426691667,10,Tree Cover,2463.85009765625,3.8513166904449463,1.0,0.8379999995231628,0.0002857410320398615,0.8377605485384497
37.00421,0.8598545,30,Grassland,1789.25,0.41052061319351196,0.7,0.9340000152587891,3.0457787067622007e-05,1.3342451194152063
40.74547596,-2.152130257,30,Grassland,905.75,0.10091987252235413,0.7,0.8119999766349792,7.487555775252843e-06,1.1599913008114837
35.44880558,2.492806911,20,Shrubland,873.549987792969,0.36043035984039307,0.6,0.2460000067949295,2.6741437092101103e-05,0.4099890310438715
37.34464722,-0.981616667,30,Grassland,2281.25,2.5350494384765625,0.7,0.9660000205039978,0.00018808311573532982,1.379740498083042
34.53808095,-0.999030658,40,Cropland,2499.69995117188,2.910869598388672,1.0,0.7179999947547913,0.00021596636943427852,0.7178449309026702
37.09741667,0.426475,20,Shrubland,1647.75,0.3124009370803833,0.6,0.9539999961853027,2.3177986477465085e-05,1.5899630774643632
37.07924829,-1.004162632,10,Tree Cover,2584.0,0.876907229423523,0.5,0.8960000276565552,6.50604447461693e-05,1.7918834669925265
34.79353333,-1.411838889,30,Grassland,1408.5,0.16726583242416382,1.0,0.9340000152587891,1.2409966622704643e-05,0.9339884243497741
38.12975745,-2.974938686,20,Shrubland,290.399993896484,0.003587041748687625,0.7,0.9120000004768372,2.661336611925456e-07,1.3028568189917165
36.65098667,-0.328765,30,Grassland,160.0,0.0,0.6,0.9440000057220459,0.0,1.573333280351429
38.458553,-2.999186,30,Grassland,1825.34997558594,0.2133009284734726,0.7,0.7960000038146973,1.582545200405975e-05,1.1371248861577523
37.50279234,-0.990925982,40,Cropland,2382.14990234375,2.1722002029418945,0.7,0.9240000247955322,0.00016116221481492994,1.3197873237687687
36.40600333,0.576561667,30,Grassland,848.75,0.11771547794342041,0.5,0.9100000262260437,8.733673405271816e-06,1.8199841571660318
35.8535456,-1.851262947,30,Grassland,1384.90002441406,0.4010920822620392,0.6,0.656000018119812,2.9758255355347384e-05,1.0933007843957296
36.41806003,-0.594295783,10,Tree Cover,1142.90002441406,0.19922664761543274,1.0,0.9279999732971191,1.4781237814254818e-05,0.9279862563088221
37.62143234,-0.067800978,10,Tree Cover,2090.39990234375,8.399648666381836,1.0,0.8859999775886536,0.0006231957721521216,0.8854478261484935
37.036407,3.299662,30,Grassland,1555.44995117188,0.08666282892227173,0.5,0.6539999842643738,6.4297818554316215e-06,1.3079915583742832
37.30999243,0.827018361,30,Grassland,1511.80004882812,0.10508280992507935,0.7,0.3720000088214874,7.796416906492252e-06,0.5314244498420037
40.8952043,-2.145884021,30,Grassland,2267.89990234375,1.92664635181427,0.7,0.8640000224113464,0.00014294381926811665,1.2341093338000355
36.867005,0.663503333,30,Grassland,1051.09997558594,0.07606995105743408,0.6,0.9559999704360962,5.643863662601516e-06,1.5933242281913194
36.9396368,-0.917520304,10,Tree Cover,2529.19995117188,6.254300117492676,1.0,0.9620000123977661,0.0004640257641479277,0.9615536196069029
37.95456359,1.319221318,20,Shrubland,81.0500030517578,0.0027256947942078114,0.7,0.6539999842643738,2.0222768110836332e-07,0.9342855187786068
39.767592,-2.711665397,10,Tree Cover,733.049987792969,0.0030781112145632505,0.7,0.7419999837875366,2.2837453937893647e-07,1.0599997528140197
35.53142,-0.328689,20,Shrubland,1863.94995117188,4.0667033195495605,1.0,0.8600000143051147,0.00030172122858942876,0.8597405340442117
36.36812327,0.063959737,40,Cropland,2593.75,4.822773456573486,1.0,0.7639999985694885,0.00035781639775163464,0.7637266268421181
38.20861816,-2.452108623,10,Tree Cover,1351.55004882812,0.38739433884620667,0.7,0.5640000104904175,2.874197763662127e-05,0.8056911565990228
37.70497833,-2.56402,40,Cropland,671.950012207031,0.019971046596765518,0.7,0.9319999814033508,1.4817133786047233e-06,1.331426594740502
38.09905804,-0.722515283,20,Shrubland,1651.90002441406,0.7846507430076599,0.7,0.44200000166893005,5.821565223501524e-05,0.6313918255390316
39.15408891,-2.120863885,20,Shrubland,44.0,0.001729011069983244,0.7,0.18000000715255737,1.2828064977650002e-07,0.25714283875345856
35.79994167,-0.841913333,10,Tree Cover,434.899993896484,0.16253699362277985,1.0,0.9599999785423279,1.2059119525967582e-05,0.9599884017878417
36.48975372,1.614215,30,Grassland,308.75,0.07668054103851318,0.5,0.2280000001192093,5.6891652114924715e-06,0.4559974059790808
37.63666667,-3.000555556,40,Cropland,1536.59997558594,2.849914312362671,0.6,0.8799999952316284,0.00021144390926356162,1.466356482719703
36.03515579,-1.581830411,10,Tree Cover,834.150024414062,0.3602212965488434,0.7,0.8840000033378601,2.672592604341553e-05,1.2628234181045381
37.6344318,0.914839426,20,Shrubland,595.700012207031,0.026054445654153824,0.7,0.8320000171661377,1.9330594674062728e-06,1.1885691757563948
36.08934056,0.855498674,30,Grassland,1321.05004882812,0.5347814559936523,0.7,0.8939999938011169,3.967708122536966e-05,1.2770921967355324
40.68519814,-2.399784122,10,Tree Cover,2335.0,1.836692452430725,0.7,0.9419999718666077,0.00013626986277172308,1.3455308881424122
37.87514961,1.857379033,30,Grassland,1507.40002441406,0.09859950095415115,0.6,0.6140000224113464,7.315400271069242e-06,1.0233258439290445
38.85833411,-3.24876012,30,Grassland,932.150024414062,0.0004475631576497108,0.7,0.906000018119812,3.320608738490229e-08,1.294285719234549
37.74353027,2.515061053,30,Grassland,1344.94995117188,0.020801402628421783,0.5,0.041999999433755875,1.543320046795537e-06,0.08399986922862956
37.15718079,-1.294611931,30,Grassland,1680.59997558594,0.5506501793861389,0.5,0.8939999938011169,4.085443062656895e-05,1.7879269398807802
37.32028645,0.98059115,30,Grassland,2273.80004882812,25.48433494567871,0.7,0.8420000076293945,0.0018907612002653706,1.2005828585662983
37.15409841,0.298478892,30,Grassland,888.599975585938,0.16063135862350464,0.6,0.9520000219345093,1.1917734603575943e-05,1.5866477307037925
36.885,0.968333,10,Tree Cover,883.650024414062,0.24245868623256683,0.6,0.9240000247955322,1.79887557424208e-05,1.5399722774483
36.3907625,-1.0576584,30,Grassland,1525.75,0.18400351703166962,0.6,0.7279999852180481,1.3651786929399251e-05,1.2133166963160684
36.03379531,1.001810037,20,Shrubland,1187.84997558594,0.41248619556427,0.7,0.8820000290870667,3.060361966990403e-05,1.2599615024479132
37.843675,1.129136167,20,Shrubland,100.900001525879,0.008252141065895557,0.7,0.8019999861717224,6.122517295338546e-07,1.1457135840054486
36.21354032,-0.87246073,10,Tree Cover,1055.94995117188,0.08120573312044144,1.0,0.9179999828338623,6.024903131689162e-06,0.9179944519728908
36.64905833,-1.923244444,20,Shrubland,1143.55004882812,0.21662190556526184,0.7,0.8619999885559082,1.6071845509933442e-05,1.231408784721142
36.5695917,0.6640183,30,Grassland,964.0,0.22317130863666534,0.6,0.972000002861023,1.6557765869978325e-05,1.6199731168156353
35.28144089,-1.33755698,30,Grassland,1210.80004882812,0.10729452967643738,0.6,0.9340000152587891,7.960511198167596e-06,1.5566542383794657
35.976825,-0.158877833,40,Cropland,1414.94995117188,0.9548745155334473,0.5,0.8960000276565552,7.084507753257956e-05,1.7918731009302533
36.0023225,-0.4253584,40,Cropland,1402.59997558594,1.625840425491333,1.0,0.9300000071525574,0.00012062610230537776,0.9298878248765506
36.55273106,0.277924044,40,Cropland,1372.90002441406,2.7407419681549072,0.6,0.9120000004768372,0.0002033440772290962,1.5196908574100896
37.71759,-0.47433,10,Tree Cover,1917.59997558594,3.4775969982147217,0.7,0.8320000171661377,0.0002580136184993389,1.1882648057090537
37.4623039,-0.7171197,40,Cropland,1894.25,1.5405364036560059,0.7,0.871999979019165,0.00011429713452746147,1.245571895383756
38.65829858,-2.754157101,20,Shrubland,47.7000007629395,0.0,0.7,0.8679999709129333,0.0,1.2399999795641214
39.01822,-3.183175,30,Grassland,1467.90002441406,0.0005108572077006102,0.7,0.527999997138977,3.790206765274082e-08,0.7542856944549594
35.82122421,-1.956080318,20,Shrubland,891.200012207031,0.3275119662284851,0.7,0.9559999704360962,2.4299120211981265e-05,1.36568108108297
34.98892423,-0.766627511,10,Tree Cover,2467.35009765625,3.8417532444000244,1.0,0.921999990940094,0.00028503149056031675,0.9217371919083797
39.30265974,-3.285126711,20,Shrubland,824.25,0.01846861094236374,0.7,0.8339999914169312,1.3702430558635802e-06,1.1914269469102146
37.46674,2.612254,30,Grassland,174.199996948242,0.001123769790865481,0.5,0.09799999743700027,8.337593753683859e-08,0.19599997853231724
37.53624444,0.959136773,20,Shrubland,880.900024414062,0.014642217196524143,0.7,0.8199999928474426,1.0863511337477801e-06,1.171427308577175
38.6719444,-0.8797222,30,Grassland,1257.94995117188,0.11477276682853699,0.7,0.8640000224113464,8.515344615783249e-06,1.2342752569530218
38.47005,-3.1024695,20,Shrubland,1924.0,0.2250417172908783,0.7,0.8659999966621399,1.6696537241472406e-05,1.2371222174408436
36.40185358,-1.789910729,30,Grassland,691.200012207031,0.07650016248226166,0.7,0.6740000247955322,5.675782371553848e-06,0.9628517297088002
38.0208151,-0.5036955,10,Tree Cover,1419.40002441406,0.5974087119102478,0.7,0.5400000214576721,4.432358998530367e-05,0.7713944227340959
35.45821667,-1.360183333,10,Tree Cover,702.900024414062,0.046706702560186386,0.6,0.9160000085830688,3.465313934280647e-06,1.526661329928388
37.99515338,-0.771858765,20,Shrubland,1424.84997558594,0.6301908493041992,0.7,0.8479999899864197,4.675579759748474e-05,1.2113719364445772
36.718775,1.089125,20,Shrubland,1985.90002441406,4.73717737197876,0.7,0.9139999747276306,0.0003514657609392039,1.3052553579869584
36.27913449,0.028408447,10,Tree Cover,1805.84997558594,4.389969825744629,1.0,0.8399999737739563,0.0003257053650623573,0.8397263812758459
35.76099014,-1.155596137,30,Grassland,2202.05004882812,2.5973434448242188,0.6,0.9480000138282776,0.0001927048996846577,1.5796954865297272
38.23989,-2.11412,20,Shrubland,1673.90002441406,0.7367182970046997,0.7,0.8379999995231628,5.46593966242884e-05,1.1970774417415613
38.69663966,-2.931512385,30,Grassland,92.4499969482422,0.0,0.7,0.5820000171661377,0.0,0.8314286101107701
35.057287,-1.1872597,10,Tree Cover,1237.05004882812,0.14907008409500122,0.6,0.6899999976158142,1.1059968083448752e-05,1.149987231366718
36.46097333,-0.199171666,30,Grassland,1548.19995117188,0.9133260250091553,0.5,0.8859999775886536,6.776246721607038e-05,1.7718798800884374
35.32613333,-1.707171667,10,Tree Cover,1232.34997558594,0.09922195225954056,0.5,0.9279999732971191,7.361581848096598e-06,1.8559862834987213
35.22388667,0.102655,10,Tree Cover,2366.10009765625,3.1869077682495117,1.0,0.9959999918937683,0.00023644649035866773,0.9957644911912877
37.28933667,0.108372167,30,Grassland,1188.44995117188,0.20303769409656525,1.0,0.8740000128746033,1.5063991075593312e-05,0.8739868469462092
38.04736722,0.384341576,20,Shrubland,1548.15002441406,1.2860774993896484,0.7,0.9120000004768372,9.541804569605169e-05,1.3027328496412893
37.7135,1.056002833,20,Shrubland,1459.59997558594,0.03436512127518654,0.7,0.9660000205039978,2.5496540556399535e-06,1.379996534269955
36.89540862,-0.300514813,40,Cropland,1986.55004882812,1.6304914951324463,1.0,0.8899999856948853,0.00012097117946889387,0.8898923213468884
38.11483193,-2.754346598,30,Grassland,771.5,0.010111013427376747,0.7,0.8840000033378601,7.501671879841552e-07,1.2628562217778325
38.174845,-3.158027,20,Shrubland,184.350006103516,0.0018852672073990107,0.7,0.8859999775886536,1.3987377326035074e-07,1.2657140982128305
36.81440984,0.578264206,30,Grassland,798.849975585938,0.05869249999523163,0.6,0.9760000109672546,4.354577114690481e-06,1.6266595368622625
35.89317,0.887836667,20,Shrubland,1084.44995117188,0.21754683554172516,0.7,0.8880000114440918,1.614046891000203e-05,1.2685509911854589
35.822658,-0.368343,30,Grassland,2090.80004882812,0.9703623652458191,1.0,0.8700000047683716,7.199416874387128e-05,0.8699373698412212
36.936223,2.650571,20,Shrubland,939.900024414062,0.05847343057394028,0.7,0.8859999775886536,4.338323680460191e-06,1.265708784174849
37.51578241,-2.852305061,40,Cropland,1274.90002441406,0.5102684497833252,0.6,0.9620000123977661,3.785838589181889e-05,1.6032725906751193
36.536495,-1.165838833,30,Grassland,1775.40002441406,0.6017996072769165,0.6,0.9259999990463257,4.464936401909418e-05,1.5432643615683284
37.1846351,1.5413406,20,Shrubland,1095.09997558594,0.08529671281576157,0.7,0.7979999780654907,6.328425499271933e-06,1.139992773674077
35.5705011749,-0.8735691558,30,Grassland,1639.65002441406,1.6630338430404663,1.0,0.8939999938011169,0.00012338559636151342,0.8938896870787346
37.2004249722,-0.4212277778,10,Tree Cover,1697.59997558594,0.0,1.0,0.9620000123977661,0.0,0.9620000123977661
35.9755648565,0.6983520822,20,Shrubland,987.75,0.16290158033370972,0.7,0.8500000238418579,1.2086169335532081e-05,1.2142710929612484
34.7,1.133333,10,Tree Cover,674.299987792969,0.34895944595336914,1.0,0.984000027179718,2.5890374705917557e-05,0.9839745510503037
37.3029466,1.2221209,10,Tree Cover,785.700012207031,0.13541445136070251,0.7,0.906000018119812,1.0046814685719461e-05,1.2942727587635119
37.35495898,-0.6933259,40,Cropland,2519.35009765625,15.227930068969727,0.7,0.8700000047683716,0.0011298069734264166,1.2414529821362514
37.5501163935,0.41030213,20,Shrubland,913.099975585938,0.11275476962327957,0.7,0.7080000042915344,8.36562319569998e-06,1.011420133553348
38.2671605051,2.1717472166,20,Shrubland,102.099998474121,0.004049323033541441,0.7,0.017999999225139618,3.0043173170815975e-07,0.025714277319866786
39.0819049627,-3.7452908816,20,Shrubland,2766.89990234375,0.47013360261917114,0.7,0.921999990940094,3.488065812461142e-05,1.3170969238209114
36.6942887199,0.2791879435,30,Grassland,836.450012207031,0.14257541298866272,0.6,0.8880000114440918,1.0578108456249352e-05,1.4799843046634766
37.7645359933,-0.900628915,20,Shrubland,1998.90002441406,0.32950031757354736,0.7,0.8960000276565552,2.4446642114505023e-05,1.2799687696042303
40.0251148108,-3.1115755059,90,Herbaceous Wetland,846.900024414062,0.5817755460739136,1.0,0.7879999876022339,4.316371732377804e-05,0.7879659745935178
39.781036377,-3.9075143471,20,Shrubland,2877.64990234375,4.953388214111328,0.7,0.9380000233650208,0.0003675071083886213,1.3395075966527719
37.8793977586,-0.3123188795,10,Tree Cover,1738.05004882812,1.3879406452178955,0.7,0.9200000166893005,0.00010297558581940818,1.3141504211636026
39.6413722222,-2.9843305556,20,Shrubland,266.549987792969,0.012771964073181152,0.7,0.7720000147819519,9.475913015673577e-07,1.1028561376978896
34.91477,-0.5935583333,30,Grassland,2587.0,8.584856986999512,1.0,0.8399999737739563,0.0006369369471655818,0.8394649467550416
34.9930027778,-0.3991777778,10,Tree Cover,1676.59997558594,4.493032455444336,1.0,0.7179999947547913,0.00033335189858378893,0.7177606480933566
34.053405,0.3030783333,30,Grassland,2107.60009765625,4.2641987800598145,1.0,0.9539999961853027,0.00031637402430716237,0.9536981753673206
34.1980387505,-0.7165936942,10,Tree Cover,1167.34997558594,0.6280516386032104,0.7,0.8820000290870667,4.6597082975296496e-05,1.2599413506831407
34.8801269107798,0.301861740695741,10,Tree Cover,98.1500015258789,0.0002309147675987333,1.0,0.9959999918937683,1.7132276909506467e-08,0.9959999748300207
34.8856200748423,0.312847910731405,10,Tree Cover,113.75,0.0002872849290724844,1.0,0.9980000257492065,2.131455258569927e-08,0.9980000044772825
34.9020995670298,0.24967728835885,10,Tree Cover,1090.15002441406,0.0041825780645012856,1.0,0.9980000257492065,3.10318332351892e-07,0.9979997160515028
34.8911132389048,0.238691060023364,10,Tree Cover,1487.05004882812,0.0056517468765378,1.0,0.9739999771118164,4.193204857280639e-07,0.9739995686936729
34.8993529849986,0.20847888806505,10,Tree Cover,1064.34997558594,0.012765747494995594,1.0,0.9919999837875366,9.471300745093739e-07,0.9919990442345181
34.8863067203501,0.20847888806505,10,Tree Cover,1098.90002441406,0.00380390090867877,1.0,0.9700000286102295,2.8222310933813767e-07,0.9699997548538054
34.8691405826548,0.257230315038888,10,Tree Cover,210.399993896484,0.0014958262909203768,1.0,1.0,1.1097995373384016e-07,0.9999998890200462
34.9117126041392,0.287442375745114,10,Tree Cover,221.5,0.00031574387685395777,1.0,0.9900000095367432,2.3426009462258348e-08,0.9899999863449935
34.8560943180064,0.310101369285055,10,Tree Cover,130.699996948242,0.0004718520794995129,1.0,0.9980000257492065,3.500815721045491e-08,0.9979999908110647
34.8334350162486,0.310788004713689,10,Tree Cover,248.399993896484,0.0036446773447096348,1.0,0.9940000176429749,2.7040982335039163e-07,0.9939997488556057
34.8780669742564,0.275769543122721,10,Tree Cover,137.25,0.0006810561753809452,1.0,1.0,5.0529652602520514e-08,0.9999999494703474
34.9007262760142,0.291562196200073,10,Tree Cover,157.75,0.00042262981878593564,1.0,1.0,3.1356206278835265e-08,0.9999999686437937
34.9329986148814,0.27508290554846,10,Tree Cover,836.700012207031,0.000738410628400743,1.0,0.9980000257492065,5.478495589622742e-08,0.9979999710738191
34.9329986148814,0.238691060023364,10,Tree Cover,308.799987792969,0.0019037261372432113,1.0,1.0,1.4124329804576224e-07,0.9999998587567019
34.9295653873423,0.220151780017141,10,Tree Cover,1001.65002441406,0.008057435974478722,1.0,0.9919999837875366,5.97805959882428e-07,0.9919993907640341
34.9075927310923,0.171400235032664,10,Tree Cover,1811.69995117188,3.4276123046875,1.0,0.9959999918937683,0.0002543051003320068,0.9957467040158992
34.8808135562876,0.167967022550022,10,Tree Cover,1016.45001220703,1.4577734470367432,1.0,0.9860000014305115,0.00010815669619432449,0.9858933589279091
34.8629607730845,0.192686138212071,10,Tree Cover,1619.90002441406,1.3244155645370483,1.0,0.9860000014305115,9.826246467847608e-05,0.985903114640198
34.8725738101939,0.161787238569763,10,Tree Cover,1041.05004882812,3.61179780960083,1.0,0.9200000166893005,0.0002679703895021471,0.9197534839264864
34.8773803287486,0.233197942539435,10,Tree Cover,385.649993896484,0.001358767505735159,1.0,0.9959999918937683,1.0081114086365542e-07,0.9959998914858728
34.8615874820689,0.251737205161968,10,Tree Cover,259.899993896484,0.0028286846354603767,1.0,0.9980000257492065,2.0986881423100187e-07,0.9979998163001246
34.8677672916392,0.227704822912003,10,Tree Cover,838.549987792969,0.0028046283405274153,1.0,1.0,2.0808400371197763e-07,0.9999997919159963
34.8739471012095,0.213285374062071,10,Tree Cover,368.100006103516,0.00048603746108710766,1.0,1.0,3.606061430513498e-08,0.9999999639393857
34.8773803287486,0.202299118203515,10,Tree Cover,228.550003051758,0.000603877822868526,1.0,0.9980000257492065,4.480355322649462e-08,0.9979999810352593
34.912399249647,0.201612476961196,10,Tree Cover,303.850006103516,0.004378844518214464,1.0,0.9980000257492065,3.248799442748856e-07,0.9979997015190137
34.8931731754283,0.195432704489215,10,Tree Cover,1091.0,0.2587580680847168,1.0,0.9980000257492065,1.919805701946199e-05,0.9979808660878068
34.8382415348033,0.309414733811881,10,Tree Cover,193.050003051758,0.0015266260597854853,1.0,1.0,1.1326508332703611e-07,0.9999998867349167
34.8636474185923,0.294308742333886,10,Tree Cover,170.300003051758,0.0006796179804950953,1.0,1.0,5.042294850000493e-08,0.9999999495770515
34.8622741275767,0.329327144091878,10,Tree Cover,255.0,0.0008239400922320783,1.0,0.9779999852180481,6.113064990929449e-08,0.9779999254322734
34.9027862125376,0.313191228361781,10,Tree Cover,189.699996948242,0.00042311602737754583,1.0,1.0,3.1392279589840314e-08,0.9999999686077204
34.8993529849986,0.329327144091878,10,Tree Cover,790.099975585938,0.005743296351283789,1.0,0.8600000143051147,4.26112822868639e-07,0.8599996478480809
34.8890533023814,0.334820215891948,10,Tree Cover,810.5,0.002224905649200082,1.0,0.9959999918937683,1.6507259399649653e-07,0.995999827481466
34.8670806461314,0.325893972676456,10,Tree Cover,237.699996948242,0.0013235773658379912,1.0,0.9980000257492065,9.82002761386665e-08,0.9979999277453284
34.85025783119,0.337566750641055,10,Tree Cover,288.850006103516,0.0007491810247302055,1.0,1.0,5.558404473000063e-08,0.9999999444159553
34.8907699161509,0.286069101928811,10,Tree Cover,133.75,0.0004603182023856789,1.0,1.0,3.415242338879738e-08,0.9999999658475767
34.9075927310923,0.275769543122721,10,Tree Cover,245.25,0.0022085129749029875,1.0,0.9980000257492065,1.6385637106599433e-07,0.997999862220544
34.8986663394908,0.272679673728047,10,Tree Cover,183.949996948242,0.000320047460263595,1.0,1.0,2.3745305553382265e-08,0.9999999762546945
34.9302520328501,0.292248832796581,10,Tree Cover,368.0,0.0021835006773471832,1.0,1.0,1.6200063177168614e-07,0.9999998379993682
34.9817504459361,0.351986045201032,10,Tree Cover,1009.70001220703,0.926014244556427,1.0,0.9980000257492065,6.870384525365962e-05,0.9979314593098743
34.9858703189829,0.296368651490759,10,Tree Cover,686.700012207031,0.22144055366516113,1.0,1.0,1.6429355834783684e-05,0.9999835706441652
34.9776305728892,0.341686551308345,10,Tree Cover,946.549987792969,0.5150938630104065,1.0,1.0,3.821639814226452e-05,0.9999617836018577
34.9741973453501,0.325893972676456,10,Tree Cover,722.799987792969,0.38761988282203674,1.0,1.0,2.875871143796873e-05,0.9999712412885621
34.989303546522,0.26066350751453,10,Tree Cover,696.0,0.21614818274974823,1.0,1.0,1.6036698557063655e-05,0.9999839633014429
34.9769439273814,0.275769543122721,10,Tree Cover,1056.90002441406,0.2262817919254303,1.0,1.0,1.678854219311984e-05,0.9999832114578069
35.0099029117564,0.303235012565417,10,Tree Cover,1601.75,0.8399732112884521,1.0,0.9980000257492065,6.2320196330484e-05,0.997937830191664
35.0050963932017,0.235944501552485,10,Tree Cover,751.549987792969,0.3473912477493286,1.0,1.0,2.5774025257330967e-05,0.9999742259747426
35.000289874647,0.227018182810371,10,Tree Cover,756.700012207031,0.37840262055397034,1.0,0.9959999918937683,2.8074854397701524e-05,0.9959720293390157
34.9652709537486,0.259290230635888,20,Shrubland,1989.09997558594,6.2017364501953125,1.0,0.8640000224113464,0.0004601259039835813,0.8636024736199925
34.9975432926158,0.094496150963818,10,Tree Cover,757.400024414062,0.1263512820005417,1.0,1.0,9.374390272284581e-06,0.9999906256097277
35.033248859022,0.110975616602629,10,Tree Cover,645.75,1.280287504196167,1.0,0.9959999918937683,9.498846814243324e-05,0.9959053833802683
35.0208892398814,0.102735884845586,10,Tree Cover,808.0,0.2435646504163742,1.0,1.0,1.807081062719937e-05,0.9999819291893728
34.9288787418345,0.0917495725605039,10,Tree Cover,1694.30004882812,3.792372941970825,1.0,0.9959999918937683,0.00028136781402767364,0.9957197495532776
35.011276202772,0.0931228617889094,10,Tree Cover,714.150024414062,0.23977328836917877,1.0,1.0,1.7789517814564626e-05,0.9999822104821854
34.9810638004283,0.0766433877429004,10,Tree Cover,1620.0,0.45128801465034485,1.0,0.9919999837875366,3.3482445983560956e-05,0.9919667692016637
35.0092162662486,0.0773300326308598,10,Tree Cover,1262.5,0.15455634891986847,1.0,0.9980000257492065,1.1467010946735191e-05,0.9979885816719863
35.0538482242564,0.0999893071126564,10,Tree Cover,800.900024414062,0.7542439699172974,1.0,0.9980000257492065,5.59596802072155e-05,0.9979441779869188
35.044235187147,0.126425107327007,10,Tree Cover,810.25,2.3467354774475098,1.0,0.9620000123977661,0.00017411152370669838,0.9618325171098017
35.007499652479,0.13088829187452,10,Tree Cover,503.350006103516,0.19433662295341492,1.0,0.9459999799728394,1.4418431842704365e-05,0.945986340136605
35.0147094303111,0.122648565955767,10,Tree Cover,486.149993896484,0.4805173873901367,1.0,0.9980000257492065,3.565106305762998e-05,0.9979644459873571
34.9927367740611,0.1178420579875,10,Tree Cover,743.5,0.14225444197654724,1.0,1.0,1.0554294629543203e-05,0.9999894457053704
34.9793471866587,0.101362596008236,10,Tree Cover,913.549987792969,0.1901519000530243,1.0,1.0,1.4107954378380258e-05,0.9999858920456216
34.9419250064829,0.090376283279403,10,Tree Cover,1651.90002441406,4.514712333679199,1.0,0.9559999704360962,0.000334960395438046,0.9556797483079602
34.9378051334361,0.0828231913263938,10,Tree Cover,1617.90002441406,3.8767242431640625,1.0,0.9900000095367432,0.00028762609653055354,0.9897152596984349
34.9281920963267,0.0793899672276921,10,Tree Cover,1668.5,2.68576979637146,1.0,0.9700000286102295,0.0001992655227082889,0.9698067410475014
34.9364318424204,0.0800766120706403,10,Tree Cover,1062.84997558594,4.785310745239258,1.0,0.9800000190734863,0.0003550369239612263,0.9796520828812325
35.0243224674204,0.148741021851428,10,Tree Cover,1516.34997558594,2.7940328121185303,1.0,0.9980000257492065,0.00020729788886713151,0.9977931424507794
35.0305022769908,0.138098049838696,10,Tree Cover,557.650024414062,0.41041141748428345,1.0,0.9300000071525574,3.044968550206478e-05,0.9299716889448227
35.0044097476939,0.121275278051427,10,Tree Cover,653.799987792969,0.15339809656143188,1.0,0.9980000257492065,1.1381076641440749e-05,0.9979886674344253
35.0212325626353,0.0859130927613141,10,Tree Cover,946.650024414062,0.1420103907585144,1.0,1.0,1.053618771896784e-05,0.999989463812281
35.0445785099009,0.0920928948725797,10,Tree Cover,953.700012207031,0.6356613636016846,1.0,1.0,4.7161671880695575e-05,0.9999528383281193
35.0315322452525,0.0804199344878016,10,Tree Cover,1100.40002441406,0.49532097578048706,1.0,1.0,3.674938681663078e-05,0.9999632506131834
34.5562540326273,0.947078872471723,10,Tree Cover,1037.65002441406,0.0309140644967556,1.0,0.9739999771118164,2.2936095376849554e-06,0.9739977431361792
36.871622684971,1.03770247484638,10,Tree Cover,805.049987792969,0.3310098946094513,0.6,0.8920000195503235,2.4558642278306933e-05,1.4866301296615112
36.8221842084085,1.07065588029591,10,Tree Cover,983.549987792969,0.10818934440612793,0.6,0.9279999732971191,8.02690025544263e-06,1.5466541457646468
36.8606363568461,1.01024104092904,10,Tree Cover,734.75,0.2798299789428711,0.6,0.8799999952316284,2.0761446903913517e-05,1.4666361503185354
36.6848551068461,1.24090925806744,10,Tree Cover,438.399993896484,0.13614416122436523,1.0,0.9800000190734863,1.0100954105115938e-05,0.9799901201382706
37.311075809971,1.30131919062612,10,Tree Cover,626.950012207031,0.07056376338005066,0.7,0.8899999856948853,5.235342661603559e-06,1.2714219162807452
37.2561441693461,1.29033567217384,10,Tree Cover,230.350006103516,0.05238780751824379,0.6,0.9539999961853027,3.886812586383067e-06,1.5899937504295085
37.2945963177835,1.2354173765924,10,Tree Cover,746.299987792969,0.1758313924074173,0.7,0.7699999809265137,1.3045471865804093e-05,1.0999856414661093
37.3275553021585,1.15852986691168,10,Tree Cover,371.399993896484,0.08827216178178787,0.6,0.8420000076293945,6.5491832106394885e-06,1.4033240995987124
37.3934732709085,1.72414444933068,20,Shrubland,718.900024414062,0.051100119948387146,0.7,0.8220000267028809,3.7912750846064394e-06,1.1742813203902631
35.575235966221,-0.643135486483678,20,Shrubland,550.0,0.12297455966472626,1.0,0.8880000114440918,9.123860855282397e-06,0.8879919094555478
35.454386356846,-0.51679921124119,10,Tree Cover,754.849975585938,0.0,1.0,0.9259999990463257,0.0,0.9259999990463257
35.5038248334085,-0.676092286300061,10,Tree Cover,442.700012207031,0.02670079469680786,1.0,0.9919999837875366,1.9810140910715118e-06,0.9919980186215903
35.377482059971,-0.500320368267496,10,Tree Cover,200.5,0.0,1.0,0.9940000176429749,0.0,0.9940000176429749
35.487345341221,-0.6980633625723,10,Tree Cover,560.75,0.07311619818210602,1.0,0.9819999933242798,5.424715650940746e-06,0.9819946662535468
35.827921513096,-0.840872711826876,10,Tree Cover,466.100006103516,0.2062160223722458,1.0,0.9679999947547913,1.5299801027007488e-05,0.9679851845474774
35.772989872471,-0.868335476679492,10,Tree Cover,494.399993896484,0.12952575087547302,1.0,0.9440000057220459,9.609913882885533e-06,0.9439909339632855
36.761759403721,-0.522292149466297,10,Tree Cover,135.0,0.0,1.0,0.9359999895095825,0.0,0.9359999895095825
36.7562662396585,-0.752990597079813,10,Tree Cover,263.0,0.0005678035668097436,1.0,0.9739999771118164,4.212709320390536e-08,0.9739999360800285
36.695841434971,-0.588207019288587,20,Shrubland,59.5999984741211,0.0,1.0,0.9340000152587891,0.0,0.9340000152587891
36.7288004193461,-0.890305545218424,10,Tree Cover,583.549987792969,0.23541004955768585,1.0,0.9980000257492065,1.7465795705675076e-05,0.9979825948846425
36.6848551068461,-0.93973771585357,10,Tree Cover,483.200012207031,0.13187003135681152,1.0,0.9900000095367432,9.783843262879256e-06,0.9899903235318196
36.607950809971,-0.950722548956992,10,Tree Cover,2798.85009765625,2.643998146057129,1.0,0.9679999947547913,0.00019616635548050994,0.9678101057237151
36.7809854779398,-0.615671323619665,10,Tree Cover,143.949996948242,0.001107668154872954,1.0,0.9919999837875366,8.218130763339554e-08,0.9919999022636807
36.7480264935648,-0.665106710678541,20,Shrubland,42.5499992370605,0.0002950218040496111,1.0,0.9700000286102295,2.188857513913207e-08,0.9700000073783109
36.6917215619242,-0.693943793493129,10,Tree Cover,670.700012207031,0.2894825339317322,1.0,0.8539999723434448,2.1477599650111085e-05,0.8539816304739376
36.6491495404398,-0.60743204688729,20,Shrubland,236.0,0.0,1.0,0.9580000042915344,0.0,0.9580000042915344
36.7974649701273,-0.667853106892062,10,Tree Cover,184.100006103516,0.0014749255497008562,1.0,0.9919999837875366,1.0942926345140225e-07,0.991999875233709
35.9460245404398,-1.87602902057956,10,Tree Cover,313.399993896484,0.04061943292617798,0.6,0.9819999933242798,3.013680675493632e-06,1.636661658114703
35.9295450482523,-1.88700942549864,10,Tree Cover,363.600006103516,0.06032359600067139,0.6,0.9879999756813049,4.4755931446385685e-06,1.6466591908932873
37.5335489545023,-0.316304124047456,10,Tree Cover,108.449996948242,0.0,1.0,0.9599999785423279,0.0,0.9599999785423279
37.3742471966898,-0.393206941031216,10,Tree Cover,280.0,0.0,1.0,0.9700000286102295,0.0,0.9700000286102295
37.1407877240335,-0.354755612427803,10,Tree Cover,1527.90002441406,0.5923782587051392,1.0,0.9100000262260437,4.395036518817853e-05,0.9099600313925698
35.2551927618207,-1.67715557044679,30,Grassland,1304.15002441406,0.1561850905418396,0.7,0.949999988079071,1.158785229773158e-05,1.357127136853918
34.6839036993207,-1.30374745275458,20,Shrubland,2352.25,3.41611909866333,1.0,0.9179999828338623,0.00025345238402359703,0.9177673135496794
34.9695482305707,-1.2048942048848,10,Tree Cover,385.600006103516,0.0998779758810997,0.6,0.8999999761581421,7.410254258530127e-06,1.4999887852782776
34.8157396368207,-1.248829442074,10,Tree Cover,1601.40002441406,0.9693659543991089,1.0,0.7160000205039978,7.192024195816158e-05,0.7159485256092811
34.4092454961957,-0.974223184438683,40,Cropland,2121.19995117188,4.0433831214904785,1.0,0.9340000152587891,0.0002999910313617357,0.9337198236309198
34.7827806524457,-0.930283942230844,20,Shrubland,2138.69995117188,3.574122905731201,1.0,0.8640000224113464,0.00026517517249482624,0.8637709110563679
34.9805345586957,-0.897329150084567,30,Grassland,2097.25,2.4552628993988037,1.0,0.8920000195503235,0.00018216350697515445,0.8918375296985402
35.5078783086957,-0.677623474983284,10,Tree Cover,425.75,0.028912916779518127,1.0,0.9459999799728394,2.1451382329474616e-06,0.945997950672114
34.4861497930707,-1.10603736973552,40,Cropland,1891.55004882812,3.092538833618164,1.0,0.9580000042915344,0.00022944496881644727,0.9577801960104235
36.7053880743207,-1.08406872657619,30,Grassland,2295.35009765625,4.160563945770264,1.0,0.9020000100135803,0.00030868503716709026,0.9017215761069646
37.4304857305707,-1.77598762062188,20,Shrubland,1807.0,3.045863151550293,0.6,0.9599999785423279,0.00022598195638791154,1.599638329551158
