longitude,latitude,landcover_class,landcover_name,HFI,P,D,HFI_norm,Intactness
37.03794,0.12265,20,Shrubland,1503.25,0.6,0.6993838548660278,0.5176443929033704,0.562252850837219
37.100402,0.22812,30,Grassland,807.299987792969,0.6,0.8300037384033203,0.2733956920161167,1.005140446670275
36.85714312,-1.178378685,10,Tree Cover,2663.60009765625,0.6,0.9040988087654114,0.9248776696557631,0.11319667779514529
34.964947,-1.391947,30,Grassland,1665.15002441406,0.7,0.8012098073959351,0.5744643798897134,0.4870618829070037
34.997647,-1.258503,30,Grassland,2026.44995117188,0.6,0.7563010454177856,0.7012652078132652,0.37655571109284125
37.036103,-0.103342,20,Shrubland,1947.5,1.0,0.6957494616508484,0.6735571502364124,0.22712243698278486
39.387778,-4.257222,10,Tree Cover,385.299987792969,0.7,0.932793140411377,0.12529173344651914,1.1656026925675431
39.54792023,-4.338908672,10,Tree Cover,2094.64990234375,1.0,0.8801599144935608,0.7252004749763153,0.24186752644771742
39.297624,-3.459343,20,Shrubland,873.150024414062,0.7,0.7732798457145691,0.29650623963587225,0.7771393653425114
34.862366,0.286879,10,Tree Cover,215.899993896484,1.0,0.9961372017860413,0.06583957781207579,0.9305519489775457
37.231491,-2.649862,30,Grassland,503.450012207031,0.7,0.770108699798584,0.16675734084182053,0.9166963311269887
35.647819,2.383763,30,Grassland,2322.0,0.6,0.27586105465888977,0.8049906395357354,0.08965914284731184
35.63552856,-0.312124626,40,Cropland,1804.05004882812,1.0,0.7562847137451172,0.6232123501767657,0.28495873988926024
39.8784831,-3.3300563,10,Tree Cover,169.0,0.7,0.6204308867454529,0.04937968503255152,0.842563164310902
38.29315833,-3.414661111,10,Tree Cover,1339.09997558594,0.6,0.9620190858840942,0.46003475210948797,0.8657614225724131
36.694624,-0.969423,10,Tree Cover,1065.5,1.0,0.9890827536582947,0.3640128576809975,0.6290439140161487
38.215942,-3.015984,20,Shrubland,459.5,0.7,0.83705073595047,0.15133276551707306,1.0148250647123451
37.73597717,0.152435123,40,Cropland,2180.30004882812,0.7,0.8485184907913208,0.7552600146597304,0.2966662950482191
38.05001022,0.191316212,10,Tree Cover,1684.59997558594,0.7,0.7600682377815247,0.5812904812227485,0.45463973071300523
38.81878344,-3.35269695,10,Tree Cover,1174.44995117188,0.7,0.7666367888450623,0.40224963269170794,0.65465347132609
37.91300458,-2.927294304,10,Tree Cover,262.700012207031,0.7,0.6863829493522644,0.08226438343511291,0.899882985644096
36.04660416,-1.902546883,20,Shrubland,654.450012207031,0.7,0.7074551582336426,0.21975188525890402,0.7885579469657238
38.77621333,-3.705738333,20,Shrubland,1586.5,0.7,0.7462377548217773,0.5468615837823253,0.4830700001434526
36.93285942,0.046219821,30,Grassland,985.700012207031,0.6,0.8135994076728821,0.3360064735910822,0.9003745305305367
37.24216667,-0.9705,20,Shrubland,1748.69995117188,0.6,0.7926098108291626,0.6037868322381331,0.5234040524480525
34.48645861,0.079888056,10,Tree Cover,2396.94995117188,1.0,0.7731648683547974,0.8312948681214071,0.13043688107969104
39.62808667,-4.17288,10,Tree Cover,2318.64990234375,0.7,0.9502289295196533,0.8038148984824525,0.2663153745392148
39.50276358,-4.166375473,30,Grassland,1724.05004882812,1.0,0.8542510867118835,0.5951357703531452,0.3458557081465953
39.48830492,-4.466650487,10,Tree Cover,2346.85009765625,1.0,0.7635971903800964,0.8137119614166162,0.1422490228636909
37.176783,1.2571383,10,Tree Cover,637.549987792969,0.7,0.6276916861534119,0.21382069920287217,0.7049688847716337
39.38049389,-3.823148555,30,Grassland,1522.90002441406,0.7,0.702786386013031,0.5245407113908385,0.47735188689776753
37.30645325,-0.354926162,10,Tree Cover,114.050003051758,1.0,0.9796350002288818,0.03009458533723884,0.9501532911151478
36.59846306,-0.943295659,10,Tree Cover,2839.5,1.0,0.8671566247940063,0.9866110152697798,0.011610346808076247
36.86433267,-0.386215057,20,Shrubland,400.299987792969,1.0,0.9559031128883362,0.13055609216344796,0.8311041379827597
36.71885267,-0.477356604,20,Shrubland,800.0,1.0,0.9695666432380676,0.27083370839135734,0.7069753137173416
39.92431671,-3.207704169,10,Tree Cover,857.650024414062,0.7,0.8955143094062805,0.2910664022950458,0.906943131393238
35.092353,-1.572378,30,Grassland,1652.30004882812,0.7,0.8688904643058777,0.5699545878238357,0.533803377459703
35.3132473,0.569083269,30,Grassland,2772.94995117188,0.6,0.8983427882194519,0.9632547932924229,0.055016316892822825
36.27515602,-0.463914094,20,Shrubland,2021.0,0.6,0.7289589643478394,0.6993525079493637,0.36526612621730675
35.36259079,-1.491084933,10,Tree Cover,2156.94995117188,0.6,0.7805091738700867,0.7470651286505459,0.329029966058689
37.46589725,0.218575141,20,Shrubland,1127.44995117188,0.6,0.8022775650024414,0.38575464204533094,0.8213254175200017
37.29219,1.33944,20,Shrubland,571.150024414062,0.7,0.8991416096687317,0.19051715080170528,1.039771034889175
37.2288157,-0.8869319,20,Shrubland,2389.80004882812,0.7,0.8429029583930969,0.8287855580728363,0.20616737439676575
36.45938826,-0.110262428,40,Cropland,2301.35009765625,1.0,0.7125943899154663,0.797743406641932,0.14412691375037304
35.52573395,0.604562984,20,Shrubland,2182.85009765625,0.6,0.8896716833114624,0.7561549727781943,0.3615700120250873
37.9572584,-3.3951791,30,Grassland,263.350006103516,0.7,0.8661386370658875,0.082492503504107,1.135269580065936
35.12706826,-1.301992519,30,Grassland,1255.84997558594,0.7,0.8944922685623169,0.430817561230533,0.7273275707873614
35.01953888,0.072350959,10,Tree Cover,1397.44995117188,1.0,0.995389461517334,0.4805130989500498,0.5170917867014185
34.19436271,-0.474831483,30,Grassland,1387.30004882812,0.7,0.6970628499984741,0.4769509171580932,0.5208544151199086
35.26226807,0.843080136,10,Tree Cover,2402.75,0.6,0.876365602016449,0.8333304372952022,0.2434391097559463
35.1597519,1.270516215,10,Tree Cover,1520.59997558594,1.0,0.983623206615448,0.5237334925843268,0.46846678922774454
35.42217922,1.528269119,20,Shrubland,1847.80004882812,0.7,0.813025176525116,0.638566729767808,0.41979193333841086
35.05721238,1.334758288,30,Grassland,1810.5,0.7,0.8058609962463379,0.6254760072884624,0.4311632614636321
40.01776886,-3.307411895,10,Tree Cover,2548.10009765625,0.7,0.861141562461853,0.8843421075354112,0.14228259989163106
36.6241536,-1.208820218,20,Shrubland,2368.80004882812,0.6,0.838005006313324,0.8214154558691359,0.24942456014183656
36.85964584,0.382390051,30,Grassland,972.549987792969,0.6,0.7527791857719421,0.3313913772142826,0.8388577244346755
36.32005,-0.6682,30,Grassland,2215.60009765625,1.0,0.7490928173065186,0.767648822643489,0.1740525980504754
37.25085831,-1.101008296,10,Tree Cover,2077.60009765625,0.6,0.8822577595710754,0.7192167224477438,0.41287202589106803
35.98671333,0.565725,30,Grassland,1536.84997558594,0.7,0.5389826893806458,0.5294365478609996,0.3623222275390525
35.89325833,0.503171667,20,Shrubland,1159.44995117188,0.7,0.7656509280204773,0.3969852739747791,0.6595697035055825
35.82671167,0.74482,20,Shrubland,1539.90002441406,0.6,0.7867605090141296,0.5305069846033578,0.6156309151570935
35.42237806,0.448936389,10,Tree Cover,2289.94995117188,0.6,0.795166552066803,0.7937424426073149,0.2733485070542099
36.90053833,-1.412436667,30,Grassland,2006.30004882812,0.5,0.830172061920166,0.6941934535433559,0.5077441024411945
34.91680509,0.217255521,10,Tree Cover,884.650024414062,1.0,0.9366269111633301,0.3005422479855177,0.655130953758571
35.39009567,-1.611644805,30,Grassland,2177.25,0.7,0.868503749370575,0.7541895779173722,0.30498182406970353
35.60736465,-1.425438881,20,Shrubland,1291.40002441406,0.6,0.7903203964233398,0.4432941085262369,0.7332933389294627
36.75967902,2.303388067,30,Grassland,721.950012207031,0.7,0.5808172821998596,0.24344149948508373,0.6277460851108446
37.083294,-0.575127,10,Tree Cover,1904.55004882812,1.0,0.8911650776863098,0.6584835535801887,0.3043475305048636
35.59769386,0.716381794,10,Tree Cover,967.150024414062,0.7,0.7892445921897888,0.32949622092862624,0.7559878438385371
34.11510434,-0.638006562,10,Tree Cover,1546.90002441406,1.0,0.6930622458457947,0.5329636853379246,0.3236852371312412
39.34636873,-4.58009211,10,Tree Cover,1141.44995117188,1.0,0.784369945526123,0.39066804351446455,0.47794167351588546
39.24389442,-3.575012123,20,Shrubland,1316.65002441406,0.7,0.7644413113594055,0.4521557790330671,0.5982782311838093
38.18402968,0.137642802,30,Grassland,1128.44995117188,0.7,0.6980790495872498,0.3861055992931262,0.6122097529864253
35.15818333,-1.164075,30,Grassland,1485.30004882812,0.5,0.9126346707344055,0.5113447274420282,0.8919274875471516
35.77612224,0.476667521,10,Tree Cover,1690.75,1.0,0.9498765468597412,0.5834488768649807,0.395672142434039
39.4424181,-1.5867894,30,Grassland,1045.5,0.7,0.38823020458221436,0.35699371272509245,0.3566206667251959
36.66480833,-1.487463333,30,Grassland,2018.5,0.6,0.6535096168518066,0.6984751148298755,0.32841567391462206
34.83671833,0.162953333,10,Tree Cover,2550.64990234375,1.0,0.8583206534385681,0.8852369799709516,0.09850347034191627
37.41912691,0.763749032,20,Shrubland,768.299987792969,0.7,0.6660707592964172,0.25970835935210174,0.7044094622633589
37.0880842,-0.3517749,10,Tree Cover,2419.55004882812,1.0,0.8274466395378113,0.8392265361947451,0.13303146235251212
36.44831164,-0.685446147,30,Grassland,2136.14990234375,1.0,0.7195637822151184,0.7397652007598184,0.18725553640525705
35.83027833,-0.500048333,10,Tree Cover,740.849975585938,1.0,0.8073790073394775,0.250074578615976,0.6054740422956728
40.2,-2.633333,90,Herbaceous Wetland,737.700012207031,1.0,0.6356944441795349,0.24896907613785899,0.47742618570618633
34.44174,0.595778333,10,Tree Cover,2528.0,1.0,0.8956673741340637,0.8772878325815578,0.1099092847659757
34.59668333,0.5334,10,Tree Cover,2505.75,1.0,0.9182106256484985,0.8694790338181134,0.1198457380181166
35.58921433,0.352196664,10,Tree Cover,2412.69995117188,1.0,0.9540020823478699,0.8368224447741823,0.1556717274778646
34.4295845,0.401233345,10,Tree Cover,2004.69995117188,1.0,0.8806805610656738,0.6936318876737183,0.26981244105614116
36.080805,-0.49208,10,Tree Cover,1350.09997558594,1.0,0.8869107365608215,0.46389528183523576,0.4754770304612427
37.24698633,-1.864824168,10,Tree Cover,1715.44995117188,0.7,0.5164526700973511,0.5921175037489409,0.30093143980316367
36.50409667,-0.023736667,10,Tree Cover,1821.05004882812,1.0,0.8820196390151978,0.629178623389285,0.32707173673730155
37.52828311,0.313799026,30,Grassland,1241.44995117188,0.7,0.4524264335632324,0.42576376829399004,0.37114236393985967
36.7234468,-0.8653336,10,Tree Cover,1029.25,1.0,0.9637017250061035,0.35129065744841953,0.6251623124445334
35.07439188,-1.423646794,10,Tree Cover,1099.0,0.7,0.775844156742096,0.37576992548213856,0.6918646628929078
36.8278134,-2.5595536,20,Shrubland,1508.44995117188,0.7,0.5453677773475647,0.5194693534553231,0.3743799073091642
38.39261667,-0.086086667,20,Shrubland,1277.25,0.7,0.8452736139297485,0.4383280549016428,0.6782378328020925
38.73879833,-0.142461667,20,Shrubland,1293.44995117188,0.6,0.6369255781173706,0.44401354517934327,0.590203300150885
35.55995807,-1.710308715,30,Grassland,2120.44995117188,0.5,0.7435477375984192,0.7342551891060191,0.39518790583747854
39.65634696,-3.867142469,10,Tree Cover,2634.75,1.0,0.862382173538208,0.9147525187837013,0.0735159081399692
37.40308719,0.077764998,10,Tree Cover,1158.94995117188,1.0,0.7757377624511719,0.3968097953508815,0.4679174196869716
38.02211357,2.372529523,30,Grassland,1822.25,0.7,0.8518587350845337,0.6295997549500567,0.4507552708523822
35.24921289,-1.544114788,30,Grassland,1286.80004882812,0.5,0.9170958399772644,0.4416797137546701,1.024066423781015
36.85726124,-1.638205738,30,Grassland,1231.0,0.7,0.7235346436500549,0.4220962821911122,0.5973333823566633
36.99801748,-1.507094724,40,Cropland,1625.55004882812,0.7,0.5704304575920105,0.5605664814453126,0.35809466762748376
36.69490322,0.582813181,30,Grassland,663.700012207031,0.6,0.8092376589775085,0.2229982398010101,1.0479651007656652
38.34399434,-3.488441579,10,Tree Cover,1139.25,0.6,0.780327320098877,0.3898959547058976,0.7934680595467968
38.42576317,-3.328619522,20,Shrubland,2160.35009765625,0.7,0.8972559571266174,0.7482584347028011,0.3226808899513529
36.92499924,-1.566666722,20,Shrubland,1927.84997558594,0.7,0.6286174058914185,0.6666608317489443,0.2993468668521064
36.99509804,0.250802765,30,Grassland,920.700012207031,0.6,0.7003453969955444,0.31319425248439065,0.8016687079822827
38.106142,0.27917,10,Tree Cover,2167.60009765625,0.7,0.8447911739349365,0.7508028747493167,0.3007421936669464
36.27823167,-0.757161667,10,Tree Cover,2102.5,0.6,0.792259156703949,0.7279555236446769,0.35921619809809024
38.1963,-3.46763,20,Shrubland,1010.65002441406,0.7,0.751867413520813,0.3447628612077191,0.7037878016804779
37.7312136,-2.42871,10,Tree Cover,732.450012207031,0.7,0.7224912643432617,0.2471265505869339,0.7770635708860549
37.22999496,-0.708630359,20,Shrubland,1657.05004882812,1.0,0.8862879872322083,0.5716216347508631,0.37966659911048123
37.57640973,-1.048970238,20,Shrubland,1615.75,0.7,0.8053295612335205,0.5571270832803366,0.5095123682541668
38.15260278,-3.602905556,30,Grassland,172.75,0.7,0.9158543348312378,0.05069577471178372,1.2420348637286174
38.02229276,-2.985271477,10,Tree Cover,1082.84997558594,0.7,0.8120849132537842,0.3701019573619539,0.7307581514653745
38.60743117,-3.499978021,10,Tree Cover,1611.34997558594,0.7,0.9403968453407288,0.5555828628217461,0.5970406870500965
38.61569316,-3.411690349,30,Grassland,2087.0,0.7,0.8281832337379456,0.7225156863038504,0.3282969430600517
34.75341766,1.034396626,10,Tree Cover,713.400024414062,1.0,0.9904420971870422,0.2404408193005803,0.7522993878696048
37.42351584,-2.518822241,20,Shrubland,527.150024414062,0.7,0.6276789307594299,0.1750750318987141,0.7396971867892137
38.0627523,-2.89321826,20,Shrubland,1258.0,0.7,0.5798439979553223,0.4315721278815841,0.47085642218774987
37.04616398,-0.746256284,10,Tree Cover,1735.59997558594,1.0,0.8324849605560303,0.5991893008603065,0.33366887906374265
34.76429333,-0.16526,10,Tree Cover,1753.90002441406,0.9,0.563889741897583,0.6056118356315423,0.24710160678283616
37.15353012,0.767337203,20,Shrubland,788.849975585938,0.7,0.5656754374504089,0.26692052651014825,0.5924072270204741
37.43071333,-2.789345,30,Grassland,1116.40002441406,0.7,0.562373161315918,0.3818765901620673,0.496594317133998
37.4808562,-0.34617989,10,Tree Cover,1268.25,1.0,0.9418993592262268,0.43516943967148547,0.5320135428448185
34.9555574,3.658771745,20,Shrubland,1064.15002441406,0.6,0.6274458169937134,0.36353907396476526,0.665574549753699
35.34141141,-1.406785051,20,Shrubland,1246.40002441406,0.7,0.582472026348114,0.42750103237545045,0.4763780563333481
37.86323741,-2.747356984,20,Shrubland,770.75,0.7,0.8500892519950867,0.26056820889334614,0.8979757555827825
36.772445,0.076339,30,Grassland,1135.34997558594,0.6,0.7600747346878052,0.3885272128712048,0.7746083299627168
37.09506167,-1.506121667,10,Tree Cover,2130.39990234375,0.7,0.7153708934783936,0.7377471965849958,0.2680114649873582
37.28554167,-0.02968883,30,Grassland,167.699996948242,0.6,0.9450671076774597,0.048923439539381094,1.4980518974300054
35.24990082,-0.994596005,20,Shrubland,2414.05004882812,0.6,0.8398846387863159,0.8372962713318711,0.227753928252569
35.69538545,-0.983686856,30,Grassland,1576.75,0.5,0.8853402733802795,0.5434397506163217,0.8084223520078287
36.46771174,-0.405913064,40,Cropland,1741.34997558594,1.0,0.9033262729644775,0.6012073050351293,0.3602399188280764
38.64203535,-3.816823439,10,Tree Cover,1419.25,0.7,0.7500898241996765,0.488163984088569,0.5484614196174825
35.2003449,-0.87181725,30,Grassland,2419.5,0.6,0.8419946432113647,0.8392089711957726,0.22564196591646668
36.858875,-2.125544444,20,Shrubland,938.099975585938,0.7,0.6822614073753357,0.31930089574359005,0.6634496239686348
34.4040978,-0.6834578,20,Shrubland,1902.84997558594,1.0,0.8704149127006531,0.657886900554063,0.2977803435879851
34.88575759,-0.300867406,90,Herbaceous Wetland,1840.65002441406,0.6,0.8342221975326538,0.6360573768777806,0.5060150046207973
34.02929549,0.165757101,20,Shrubland,1712.84997558594,1.0,0.8055323958396912,0.5912050234729646,0.3292975968490532
34.89646759,1.305152734,20,Shrubland,1180.69995117188,0.7,0.7335164546966553,0.4044431154904283,0.6240725456216728
35.65747362,0.523553311,10,Tree Cover,1331.80004882812,0.7,0.812647819519043,0.45747278990545653,0.6298336597446897
34.38978214,-0.546633679,20,Shrubland,2363.94995117188,1.0,0.8091674447059631,0.8197132789441637,0.14588214539116784
37.461189,-0.0425066,30,Grassland,90.0999984741211,0.6,0.6159935593605042,0.02168915764598764,1.0043885899935519
37.28808951,-2.515274393,30,Grassland,1015.04998779297,0.7,0.661431610584259,0.3463070602455813,0.6176759733322794
37.857345,-2.59224667,30,Grassland,1411.05004882812,0.6,0.6960201859474182,0.4852861517932305,0.597085356838271
37.35903298,-2.418902873,30,Grassland,649.0,0.7,0.5934637188911438,0.21783916397427386,0.6631201234626307
37.20110447,-2.478271502,30,Grassland,321.049987792969,0.7,0.8480852842330933,0.10274273027567402,1.0870724279761106
37.4915773,0.5774645,10,Tree Cover,1603.55004882812,0.7,0.7256996631622314,0.552845421993817,0.46357133166676806
37.39652989,-2.599777515,30,Grassland,401.799987792969,0.7,0.5205543041229248,0.13108252803514084,0.6461696252312292
39.21414796,-3.775828856,30,Grassland,2239.55004882812,0.7,0.8378593921661377,0.7760542315915991,0.2680500979889251
37.31845,0.22996,30,Grassland,1044.84997558594,1.0,0.7158440351486206,0.3567655819457342,0.4604555213664403
40.09404141,-3.027716686,20,Shrubland,1642.75,0.7,0.8188999891281128,0.5666029289708084,0.5070126611400326
36.865505,2.37745833,30,Grassland,1399.30004882812,0.6,0.062261730432510376,0.48116240413163625,0.053839542080955184
39.30877684,-3.09064394,30,Grassland,1225.30004882812,0.7,0.5334862470626831,0.42009584301526187,0.44195842519198847
37.18368667,-0.331403333,10,Tree Cover,144.949996948242,1.0,0.9867240786552429,0.04093916215203904,0.9463284215998545
38.88468623,-0.3279196,20,Shrubland,929.950012207031,0.7,0.6057066917419434,0.31644060702649673,0.5914807222544448
35.79282,-0.1536805,10,Tree Cover,1094.90002441406,1.0,0.8776608109474182,0.37433100933446933,0.5491251537321622
37.54693667,0.85579667,20,Shrubland,967.650024414062,0.7,0.5427486300468445,0.32967169955252384,0.5197425327790157
38.78664649,-3.450773138,30,Grassland,789.950012207031,0.7,0.888722836971283,0.2673065923351611,0.9302305356846636
39.80245078,-2.910086894,20,Shrubland,262.799987792969,0.7,0.8325758576393127,0.08229947059160042,1.0915075976286202
37.12104086,-1.085943303,30,Grassland,2722.10009765625,0.7,0.5464597940444946,0.9454086686517855,0.04261709741885063
37.5446627,-2.7358736,30,Grassland,1086.15002441406,0.7,0.6465097069740295,0.37126013341626085,0.5806949054719519
36.32825565,-1.14988907,20,Shrubland,868.599975585938,0.6,0.8268738389015198,0.2949093670218198,0.9717016254949971
36.4447,-1.5772,20,Shrubland,1100.69995117188,0.7,0.5867512822151184,0.3763665356668079,0.5227396300875696
38.8320067,-2.957297247,30,Grassland,250.949996948242,0.7,0.48560693860054016,0.07814063041833606,0.6395161627234321
37.80036201,-3.217112543,30,Grassland,1821.5,0.7,0.8016467690467834,0.6293365370142102,0.42448738938076336
34.14167395,0.350909108,20,Shrubland,1977.30004882812,1.0,0.8791009187698364,0.6840156933572936,0.2777820942864529
34.26422006,0.462744735,30,Grassland,1841.05004882812,1.0,0.8883197903633118,0.63619776834519,0.32317272215730575
37.29054676,-2.347445723,30,Grassland,1001.15002441406,0.7,0.7523015141487122,0.3414287673536642,0.7077773484742652
35.91532857,-1.740679064,10,Tree Cover,268.600006103516,0.5,0.931735634803772,0.0843350290550321,1.706315365941974
35.41357979,0.642079236,40,Cropland,1565.25,0.6,0.8258375525474548,0.5394037422666762,0.6339627851402571
36.02233333,-0.081395,10,Tree Cover,2083.25,0.6,0.802087664604187,0.7211995966246182,0.37270392591351875
38.22466452,-2.914765136,20,Shrubland,799.650024414062,0.7,0.898883044719696,0.27071088192292103,0.9364937630027746
37.1774714,-0.074812334,10,Tree Cover,785.0,1.0,0.9813706278800964,0.2655693496744285,0.7207486684443937
34.60820194,-0.612179761,40,Cropland,2052.30004882812,1.0,0.8395894169807434,0.7103374869419377,0.24319758045959552
35.31574167,-0.42097833,10,Tree Cover,1084.25,1.0,0.8928309082984924,0.37059330607715857,0.5619537502242817
35.27948569,-0.125140367,10,Tree Cover,2262.64990234375,1.0,0.9445103406906128,0.7841612926059183,0.20386189105500563
36.92516215,2.261648089,20,Shrubland,688.25,0.6,0.5713317394256592,0.2316142359502376,0.7316719294667445
36.63542792,-0.227709894,20,Shrubland,69.3499984741211,1.0,0.9723272323608398,0.0144067947542361,0.9583191134902628
36.46805572,-0.898303333,30,Grassland,1112.84997558594,1.0,0.7726773619651794,0.38063067479581153,0.4785726562809257
36.78234444,-0.340380556,10,Tree Cover,866.200012207031,1.0,0.9693750143051147,0.2940670824795492,0.6843137320198384
37.75223902,0.06765775,10,Tree Cover,1996.19995117188,0.7,0.9480530619621277,0.6906487510674587,0.4189734339526524
37.38612358,-1.457141396,10,Tree Cover,2152.44995117188,0.7,0.7935409545898438,0.7454858210354672,0.2885248971023578
40.13816864,-1.868739936,20,Shrubland,1115.84997558594,0.7,0.8152164220809937,0.38168354653919734,0.7200881935546356
35.69748333,-1.343066667,20,Shrubland,1646.19995117188,0.6,0.7572592496871948,0.5678137143391194,0.545461748999721
37.53052599,0.016607861,10,Tree Cover,260.649993896484,1.0,0.9826130867004395,0.08154491465091344,0.9024859864105815
35.21919833,0.547273333,20,Shrubland,2347.30004882812,0.6,0.8265442848205566,0.8138698750415378,0.25640797484018407
35.207844,-1.438004,20,Shrubland,1847.5,0.7,0.9257401823997498,0.6384614254568869,0.4781297023454818
37.70934833,-1.389096667,10,Tree Cover,1786.69995117188,0.7,0.8182401061058044,0.6171232076543528,0.4475502178993811
37.4700224,-0.244418856,10,Tree Cover,28.2999992370605,1.0,0.9625431895256042,0.0,0.9625431895256042
34.59099,1.117263333,30,Grassland,104.699996948242,0.5,0.8497301340103149,0.026813132928280033,1.6538924139478623
40.17531107,-2.303177132,10,Tree Cover,725.200012207031,0.7,0.8058897852897644,0.24458211054041828,0.8696908158687883
38.32462,-1.00194,20,Shrubland,1385.84997558594,0.7,0.6320120692253113,0.47644200344391613,0.47270711199710985
34.98811667,-1.526021667,30,Grassland,1737.05004882812,0.7,0.8632158637046814,0.5996982145744836,0.49363836761891583
38.69520556,-3.040758333,30,Grassland,1531.69995117188,0.7,0.1318182796239853,0.5276291094665627,0.08895302742138615
38.3376639,-2.2495147,20,Shrubland,437.149993896484,0.7,0.8545265197753906,0.14348886888677595,1.0455878406906358
35.450478,1.251655,30,Grassland,1477.15002441406,1.0,0.8621922135353088,0.5084844173042056,0.42378090823158415
37.46045278,-2.077113889,30,Grassland,2409.64990234375,0.7,0.8484516739845276,0.8357520080318207,0.19908069443889398
37.63026429,-0.234542854,10,Tree Cover,2398.60009765625,1.0,0.9353440403938293,0.8318739989900206,0.1572556530799312
34.39328286,0.053409368,20,Shrubland,2413.39990234375,1.0,0.8354985117912292,0.837068097711053,0.13612936188572924
34.35332581,-0.296315947,30,Grassland,2321.69995117188,0.6,0.8660691380500793,0.8048853352248142,0.28163797138000474
34.28472222,-0.634444444,30,Grassland,1388.5,0.7,0.7879820466041565,0.47737204871886485,0.5883163566804626
35.43640137,2.245852709,20,Shrubland,1929.84997558594,0.6,0.2005007266998291,0.6673627462445348,0.1111566807587074
35.01071434,-0.237220593,40,Cropland,1519.75,0.6,0.8965740203857422,0.523435187491992,0.7121260215771246
34.41982437,-0.936557515,40,Cropland,2040.19995117188,1.0,0.7860075235366821,0.7060908699704499,0.23101478743934736
37.46813949,-1.33037547,40,Cropland,2080.44995117188,0.7,0.5766181945800781,0.720216899194209,0.23046861315435885
37.98527833,3.694745,20,Shrubland,863.150024414062,0.7,0.7848556637763977,0.2929966671579197,0.7927079707710167
35.01673685,1.193055963,10,Tree Cover,1617.69995117188,1.0,0.72078937292099,0.5578114327769547,0.31872482008152986
37.91483326,-2.348524671,20,Shrubland,1272.05004882812,0.7,0.6668590903282166,0.43650309434969004,0.5368186290058675
34.51741944,-0.426936111,30,Grassland,2193.25,0.6,0.8214170932769775,0.7598048938820963,0.328833930077853
37.71732263,0.32840303,20,Shrubland,1116.75,0.7,0.7910891771316528,0.38199941663050435,0.6984194018435197
39.8,-3.433333,10,Tree Cover,953.950012207031,0.7,0.8645331859588623,0.32486358097358287,0.8338254989110577
35.85576667,0.597445,10,Tree Cover,1852.40002441406,0.7,0.7454145550727844,0.6401811245393749,0.38316318789418946
34.9919717,0.316759794,10,Tree Cover,1733.25,1.0,0.9575870633125305,0.598364559896279,0.38460090161115795
34.041865,0.0463981,30,Grassland,831.849975585938,0.6,0.8521157503128052,0.2820116881653442,1.019681874572836
37.59612982,0.728874572,20,Shrubland,1456.80004882812,0.7,0.4657133221626282,0.5013424458798634,0.33175924300808246
36.21804844,-0.609976532,30,Grassland,976.450012207031,1.0,0.6795312762260437,0.33276011904897607,0.45341036785156275
37.93677453,2.259768475,30,Grassland,939.700012207031,0.7,0.9004283547401428,0.3198624401925005,0.874878792005443
37.16933823,3.380330086,30,Grassland,1364.80004882812,0.5,0.03286975249648094,0.4690543790826999,0.03490410229728409
37.16024712,1.937249263,30,Grassland,1476.30004882812,0.6,0.3491705060005188,0.5081861122118708,0.2862114953887494
37.29078293,1.736355981,10,Tree Cover,1808.05004882812,0.7,0.8497772216796875,0.6246161791679467,0.4557037510893999
37.35021846,-2.711745395,30,Grassland,1515.90002441406,0.7,0.6625156998634338,0.5220840106562716,0.4523240736401553
37.53404737,-1.173652462,40,Cropland,1718.65002441406,0.7,0.7164402008056641,0.5932405926467595,0.4163125663522586
37.71470424,-2.214473313,10,Tree Cover,2041.19995117188,0.7,0.820876955986023,0.7064418272182451,0.34425020483098306
34.13565618,0.479566,10,Tree Cover,2552.55004882812,1.0,0.9250546097755432,0.885903850151514,0.10554516937498316
39.9093269,-3.5106508,10,Tree Cover,2015.40002441406,1.0,0.7848780751228333,0.6973871559300014,0.23751418656110654
35.03730318,2.348327973,20,Shrubland,709.450012207031,1.0,0.7856210470199585,0.23905453388764303,0.5978147738122802
34.73897687,2.96824328,20,Shrubland,878.75,0.7,0.791750431060791,0.2984715916552337,0.793479184524812
34.96032,2.99662,20,Shrubland,635.0,0.7,0.5186988115310669,0.21292576250514028,0.5832206836111954
34.92695,2.90052,30,Grassland,724.849975585938,0.7,0.50010746717453,0.24445926265125192,0.5397879584820473
34.96999,2.80618,30,Grassland,1672.0,0.6,0.41655153036117554,0.5768684284688197,0.29376016110275727
39.55331333,-3.838033333,20,Shrubland,2325.14990234375,0.7,0.6377317905426025,0.8060961205931216,0.17665524330457147
38.42397485,-3.62147057,20,Shrubland,1275.09997558594,0.7,0.5773465037345886,0.43757348825059167,0.46387855099432096
37.0912695,-0.228396667,20,Shrubland,2142.94995117188,1.0,0.8473458290100098,0.7421517271814123,0.21848665849026536
39.25728667,-4.487345,10,Tree Cover,1184.69995117188,0.7,0.9678046107292175,0.4058469444816093,0.8214629662887899
37.21690833,-0.169625,20,Shrubland,186.600006103516,1.0,0.9581751227378845,0.05555653473582118,0.9049422332484974
35.11894602,1.091530332,10,Tree Cover,2331.14990234375,1.0,0.9770690202713013,0.8082018640798931,0.1874000167533207
35.90088273,-0.301145905,10,Tree Cover,2837.14990234375,1.0,0.8705076575279236,0.9857862314642922,0.012373194352663076
37.61919722,-1.773480556,20,Shrubland,2700.69995117188,0.7,0.5607271790504456,0.9378981321392158,0.049746008246228116
34.70912039,0.047647091,20,Shrubland,2682.64990234375,1.0,0.8943683505058289,0.9315633366799253,0.06120758568769797
36.60920801,-2.03128475,20,Shrubland,1041.69995117188,0.7,0.7948943972587585,0.35566005804688783,0.7316888835871054
37.45747559,-0.505014727,40,Cropland,2790.75,1.0,0.9350457191467285,0.969501849439761,0.028517165123243846
35.24847833,-1.195636667,30,Grassland,2390.85009765625,0.6,0.6748767495155334,0.8291540803196074,0.1921665572671459
36.10790631,-1.34648502,20,Shrubland,926.349975585938,0.7,0.7276804447174072,0.31517714808199576,0.7119031513184046
36.12350706,-1.437483216,30,Grassland,1536.65002441406,0.7,0.8628402352333069,0.5293663735480232,0.5801166226743671
39.95556314,-3.031422476,10,Tree Cover,2379.94995117188,0.7,0.6980529427528381,0.8253285949088878,0.17418555773582517
38.31779858,-3.139475711,20,Shrubland,131.449996948242,0.7,0.7667161226272583,0.0362012393068031,1.055657230537228
38.47127658,-2.66611414,20,Shrubland,289.0,0.7,0.7546571493148804,0.09149455476798211,0.9794430587310171
38.3579892,-2.855958772,20,Shrubland,536.950012207031,0.7,0.8290603756904602,0.1785144086429616,0.9729445208473839
38.28262976,-3.254870009,20,Shrubland,889.349975585938,0.7,0.4052923619747162,0.30219172991357135,0.40402338115021913
38.22196247,-2.73451168,30,Grassland,1768.44995117188,0.7,0.7938671112060547,0.6107182378820893,0.4414828474294771
38.02698934,-3.557937803,30,Grassland,900.400024414062,0.7,0.8112266063690186,0.30606982463829296,0.8041923297177931
38.43945858,-2.533982174,20,Shrubland,229.699996948242,0.7,0.7609953284263611,0.0706827889026869,1.0102943833070248
36.47172866,-1.665538836,30,Grassland,749.049987792969,0.7,0.5519520044326782,0.2529524323320431,0.5890491562898554
37.7816401,-3.5990826,20,Shrubland,1022.65002441406,0.7,0.5835578441619873,0.34897434818126216,0.5427301890562046
36.53831894,-1.729164581,30,Grassland,676.049987792969,0.7,0.6188947558403015,0.22733255324298948,0.6831426270716056
36.78423572,-1.49970457,30,Grassland,1487.0,0.5,0.8098194003105164,0.5119413376266975,0.7904787465590013
36.57737936,-1.619247937,20,Shrubland,878.450012207031,0.7,0.6982600092887878,0.2983663087650411,0.6998896515748338
36.81719234,-2.445804883,20,Shrubland,1565.19995117188,0.7,0.8339231014251709,0.5393861772677038,0.5487378773624081
34.3256329,-0.068341999,20,Shrubland,2153.39990234375,1.0,0.8356735110282898,0.7458192132842866,0.21241215047065312
39.42716758,-4.392553437,10,Tree Cover,1099.5,1.0,0.7205055952072144,0.3759454041060362,0.44963482805637806
38.11733333,-2.102627833,20,Shrubland,1463.84997558594,0.7,0.5686317682266235,0.503816668771946,0.40306515686527983
35.23110833,-1.6351055,30,Grassland,2024.5,0.5,0.9347074031829834,0.700580858316647,0.5597385767722494
36.85969718,0.133747968,30,Grassland,936.450012207031,0.6,0.7307509183883667,0.3187218291371659,0.8297410487556575
37.83103336,0.635995376,30,Grassland,789.849975585938,0.7,0.7041298747062683,0.2672714837579435,0.7370514958879538
36.45009,0.880661972,30,Grassland,796.599975585938,0.7,0.7101336717605591,0.26964044518056146,0.7409327445742028
38.55332673,0.032848677,20,Shrubland,331.600006103516,0.7,0.6747726798057556,0.10644533566613315,0.8613518366765855
36.70319347,-1.576286246,30,Grassland,1061.40002441406,0.6,0.5909168124198914,0.3625739415333283,0.6277762660919141
35.36856763,1.797539798,20,Shrubland,776.650024414062,0.7,0.850210428237915,0.26263886522363017,0.8955887669149463
35.47456015,-0.25193774,20,Shrubland,2588.5,1.0,0.8006346821784973,0.8985207460731708,0.08124781021541794
34.1764895,-0.989705874,30,Grassland,2180.30004882812,0.7,0.8291789889335632,0.7552600146597304,0.2899046529314181
39.77226198,-3.033764783,20,Shrubland,1282.80004882812,0.7,0.677734375,0.44027588476348906,0.5419203998177704
34.5339726,0.2236934,20,Shrubland,1931.69995117188,1.0,0.9742527604103088,0.6680120085846647,0.32344021705946435
36.66058939,-1.678013261,20,Shrubland,962.400024414062,0.5,0.6683331727981567,0.3278291740015988,0.8984681216037383
35.38830278,1.652886111,10,Tree Cover,967.299987792969,1.0,0.9953479170799255,0.3295488516633575,0.6673321540007212
38.35173,-2.682811667,10,Tree Cover,806.349975585938,0.7,0.719726026058197,0.2730622783465652,0.7474228664391446
36.526184,-1.8912603,20,Shrubland,2365.85009765625,0.7,0.7238515615463257,0.820380149124726,0.18574015964997212
35.21745897,0.413712,10,Tree Cover,2253.35009765625,1.0,0.905046284198761,0.7808974587477598,0.1982979408188457
37.707146,0.665154,10,Tree Cover,1534.15002441406,0.7,0.5423285961151123,0.5284889804285351,0.36530559093111403
34.31139917,0.250566416,20,Shrubland,1804.40002441406,1.0,0.9334787726402283,0.6233351766452027,0.3516086170019846
34.13444435,0.249098138,20,Shrubland,2320.10009765625,1.0,0.8125437498092651,0.8043238550380931,0.15899542857556917
36.95757254,0.452968357,20,Shrubland,984.599975585938,0.7,0.811240553855896,0.3356204077660694,0.7699595393614874
39.99515,-2.784307972,10,Tree Cover,1765.90002441406,0.7,0.7430863380432129,0.6098233226050854,0.41419280476116876
37.8393898,-1.376794338,40,Cropland,2216.60009765625,0.7,0.7950061559677124,0.7679997798912842,0.26348800901902164
38.3612192,0.844219512,20,Shrubland,777.0,0.6,0.088323675096035,0.2627616916920665,0.10852599037313192
38.49465833,-3.261621667,40,Cropland,1364.05004882812,0.7,0.6080416440963745,0.4687911611468535,0.46142443033628733
38.02761117,0.090713833,40,Cropland,1015.29998779297,0.7,0.7651205658912659,0.3463947995575301,0.7144096990692059
37.90619284,-0.023484416,20,Shrubland,1672.5,0.7,0.7879393696784973,0.5770439070927172,0.47609108988927484
36.916321,2.819814,30,Grassland,546.400024414062,0.7,0.6382647752761841,0.18183095891877274,0.7460121257668544
37.35782325,0.647165723,30,Grassland,1590.44995117188,0.7,0.31330230832099915,0.548247847774534,0.20219284927363498
38.08276117,0.780021667,20,Shrubland,1033.5,0.7,0.27645790576934814,0.3527822257515494,0.2556121049893702
36.46082137,-0.985528181,30,Grassland,820.099975585938,0.6,0.7586662173271179,0.27788794050374993,0.9130700048250491
35.16146333,0.182493333,10,Tree Cover,1923.65002441406,1.0,0.9028511047363281,0.6651868284447868,0.30228644181889797
36.55391693,-1.492383978,30,Grassland,750.150024414062,0.6,0.7543341517448425,0.2533384981570559,0.9387204137539812
36.80093897,-0.749781972,10,Tree Cover,800.0,1.0,0.9787966012954712,0.27083370839135734,0.7137054880057618
36.9620157,-1.057128342,10,Tree Cover,2205.0,0.5,0.7698317170143127,0.7639286415436906,0.363470438436644
36.4929384,-1.2696537,30,Grassland,1569.80004882812,0.7,0.8062389492988586,0.5410006148807271,0.5286616975564618
36.01108517,1.410928472,20,Shrubland,540.950012207031,0.7,0.5659430027008057,0.17991823763414258,0.6630279185105866
35.44532013,3.355076551,30,Grassland,1673.80004882812,0.5,0.6389485597610474,0.5775001686514337,0.5399113174789036
36.11521111,-0.209486111,20,Shrubland,1823.30004882812,1.0,0.7984533905982971,0.6299682771968244,0.29545308370112483
38.580313,-0.807658,20,Shrubland,1133.44995117188,0.7,0.6660763025283813,0.3878603855321025,0.5824738542565078
38.52035014,0.903951292,20,Shrubland,784.799987792969,0.6,0.5081390738487244,0.2654991539407235,0.6220476080448243
37.913347,-0.471909,30,Grassland,2162.05004882812,0.7,0.7660065293312073,0.7488550448874669,0.2748266838585467
36.726525,0.430721667,20,Shrubland,1109.5,0.6,0.7959610819816589,0.37945497658398875,0.8232161143825676
37.59106152,0.193408398,40,Cropland,1168.44995117188,0.6,0.8428459763526917,0.40014388920493643,0.8426438154733327
34.714632,-0.520217972,30,Grassland,2120.60009765625,1.0,0.807699978351593,0.7343078841029397,0.21459951625824455
36.82789446,-0.662759302,20,Shrubland,2295.5,1.0,0.8850117325782776,0.7956902724691611,0.18081650594466353
36.22811167,-0.377108333,30,Grassland,2032.80004882812,1.0,0.9153565168380737,0.7034938206099303,0.2714088635874593
36.001255,0.467396,30,Grassland,2350.75,0.7,0.8873223662376404,0.815080660409849,0.23440438394650373
36.7870803,-1.039495255,10,Tree Cover,2525.89990234375,1.0,0.9204707145690918,0.8765507880880191,0.11363138430161228
37.683333,-3.4,40,Cropland,2185.55004882812,0.7,0.6510521173477173,0.7571025402106554,0.225912725981892
36.75838167,-2.1683,30,Grassland,2000.15002441406,0.5,0.8469486832618713,0.6920350579011239,0.5216610044029232
38.66895674,0.943976836,30,Grassland,894.400024414062,0.6,0.4510345757007599,0.30396408115152146,0.523227088092677
34.70885278,-0.426691667,10,Tree Cover,2463.85009765625,1.0,0.8826078772544861,0.854773959408661,0.12817764740839557
37.00421,0.8598545,30,Grassland,1789.25,0.7,0.6653661131858826,0.6180181657728133,0.36308253239376914
40.74547596,-2.152130257,30,Grassland,905.75,0.7,0.8339240550994873,0.30794743734570557,0.8244561274556345
35.44880558,2.492806911,20,Shrubland,873.549987792969,0.6,0.3607889711856842,0.29664660968255235,0.4229368933149893
37.34464722,-0.981616667,30,Grassland,2281.25,0.7,0.8464186191558838,0.7906891316880788,0.25309231306855845
34.53808095,-0.999030658,40,Cropland,2499.69995117188,1.0,0.8582181334495544,0.8673557253323695,0.11383772181802387
37.09741667,0.426475,20,Shrubland,1647.75,0.6,0.6519050598144531,0.5683577152097847,0.4689829638386456
37.07924829,-1.004162632,10,Tree Cover,2584.0,0.5,0.7487775087356567,0.8969414384580922,0.15433586593046023
34.79353333,-1.411838889,30,Grassland,1408.5,1.0,0.8305849432945251,0.48439119367476996,0.42825691116379894
38.12975745,-2.974938686,20,Shrubland,290.399993896484,0.7,0.8965344429016113,0.09198589277282228,1.1629513366188313
36.65098667,-0.328765,30,Grassland,160.0,0.6,0.8450906276702881,0.046221069802394224,1.3433826712510861
38.458553,-2.999186,30,Grassland,1825.34997558594,0.7,0.6531944274902344,0.6306877138499307,0.3446181877501044
37.50279234,-0.990925982,40,Cropland,2382.14990234375,0.7,0.7373517751693726,0.8261006837174512,0.18317853106476545
36.40600333,0.576561667,30,Grassland,848.75,0.5,0.7595041990280151,0.28794287422137604,1.0816207539533687
35.8535456,-1.851262947,30,Grassland,1384.90002441406,0.6,0.8274634480476379,0.47610861119509323,0.7225015962619892
36.41806003,-0.594295783,10,Tree Cover,1142.90002441406,1.0,0.9338787198066711,0.39117695722864154,0.5685668837721184
37.62143234,-0.067800978,10,Tree Cover,2090.39990234375,1.0,0.9413098692893982,0.7237089066731855,0.2600755329452886
37.036407,3.299662,30,Grassland,1555.44995117188,0.5,0.6000462174415588,0.5359643441017,0.5568856801595754
37.30999243,0.827018361,30,Grassland,1511.80004882812,0.7,0.18898791074752808,0.5206450945086024,0.12941754805453629
40.8952043,-2.145884021,30,Grassland,2267.89990234375,0.7,0.5508582592010498,0.7860038181568433,0.16840223744757674
36.867005,0.663503333,30,Grassland,1051.09997558594,0.6,0.7010145783424377,0.35895906474445455,0.7489650384528169
36.9396368,-0.917520304,10,Tree Cover,2529.19995117188,1.0,0.9347096085548401,0.8777089641423296,0.11430660625628904
37.95456359,1.319221318,20,Shrubland,81.0500030517578,0.7,0.26885631680488586,0.01851299615999536,0.3769699790544555
39.767592,-2.711665397,10,Tree Cover,733.049987792969,0.7,0.7008348703384399,0.24733711636731903,0.7535605763462977
35.53142,-0.328689,20,Shrubland,1863.94995117188,1.0,0.862295925617218,0.6442346550465362,0.3067750074291759
36.36812327,0.063959737,40,Cropland,2593.75,1.0,0.7881734371185303,0.9003632716240959,0.07853102266728172
38.20861816,-2.452108623,10,Tree Cover,1351.55004882812,0.7,0.798750638961792,0.4644041955494128,0.6111535690223997
37.70497833,-2.56402,40,Cropland,671.950012207031,0.7,0.45614129304885864,0.22589363709532098,0.5044312619228265
38.09905804,-0.722515283,20,Shrubland,1651.90002441406,0.7,0.7356519103050232,0.5698141963564263,0.4520957337512825
39.15408891,-2.120863885,20,Shrubland,44.0,0.7,0.5595223903656006,0.005510029058144649,0.7949134503030147
35.79994167,-0.841913333,10,Tree Cover,434.899993896484,1.0,0.9825136661529541,0.1426992150792366,0.8423097371883045
36.48975372,1.614215,30,Grassland,308.75,0.5,0.3310556709766388,0.09842596041193839,0.5969423972218889
37.63666667,-3.000555556,40,Cropland,1536.59997558594,0.6,0.8313355445861816,0.5293488085490509,0.6521150816789582
36.03515579,-1.581830411,10,Tree Cover,834.150024414062,0.7,0.7880099415779114,0.28281890697185735,0.8073512012032366
37.6344318,0.914839426,20,Shrubland,595.700012207031,0.7,0.45392048358917236,0.1991331469509328,0.5193283934534974
36.08934056,0.855498674,30,Grassland,1321.05004882812,0.7,0.5542900562286377,0.4536999994916575,0.432583804508964
40.68519814,-2.399784122,10,Tree Cover,2335.0,0.7,0.7433016300201416,0.8095530837570737,0.20222786526631503
37.87514961,1.857379033,30,Grassland,1507.40002441406,0.6,0.3575822412967682,0.5191008740500119,0.28660163410289685
38.85833411,-3.24876012,30,Grassland,932.150024414062,0.7,0.5513368844985962,0.3172127172557923,0.5377797423632681
37.74353027,2.515061053,30,Grassland,1344.94995117188,0.5,0.0660361498594284,0.4620878434407989,0.07104329556350343
37.15718079,-1.294611931,30,Grassland,1680.59997558594,0.5,0.8718501925468445,0.5798866522315675,0.7325518062868146
37.32028645,0.98059115,30,Grassland,2273.80004882812,0.7,0.7119281888008118,0.7880745173285867,0.21553675372627917
37.15409841,0.298478892,30,Grassland,888.599975585938,0.6,0.7113056778907776,0.3019285119777249,0.8275703221218237
36.885,0.968333,10,Tree Cover,883.650024414062,0.6,0.7547646164894104,0.30019129073772244,0.8803180517897905
36.3907625,-1.0576584,30,Grassland,1525.75,0.6,0.5680041313171387,0.5255409309787636,0.44915783439364737
36.03379531,1.001810037,20,Shrubland,1187.84997558594,0.7,0.6794619560241699,0.4069524683804557,0.5756474895882487
37.843675,1.129136167,20,Shrubland,100.900001525879,0.7,0.7211027145385742,0.02547949699321295,1.0038991315130017
36.21354032,-0.87246073,10,Tree Cover,1055.94995117188,1.0,0.8695436716079712,0.36066119882797026,0.5559330085725654
36.64905833,-1.923244444,20,Shrubland,1143.55004882812,0.7,0.7258540987968445,0.3914050880079998,0.6310730269989642
36.5695917,0.6640183,30,Grassland,964.0,0.6,0.8017639517784119,0.32839069702977913,0.8974535123393164
35.28144089,-1.33755698,30,Grassland,1210.80004882812,0.6,0.7958945631980896,0.41500696292223066,0.7759879320299018
35.976825,-0.158877833,40,Cropland,1414.94995117188,0.5,0.9035302400588989,0.48665485078646675,0.9276457318039499
36.0023225,-0.4253584,40,Cropland,1402.59997558594,1.0,0.8826533555984497,0.48232053734448666,0.45693151483729116
36.55273106,0.277924044,40,Cropland,1372.90002441406,0.6,0.8588331341743469,0.4718971242215502,0.7559203832479091
37.71759,-0.47433,10,Tree Cover,1917.59997558594,0.7,0.6601337790489197,0.6630635199590429,0.31774736522388813
37.4623039,-0.7171197,40,Cropland,1894.25,0.7,0.8846142888069153,0.654868676791315,0.4361544360351522
38.65829858,-2.754157101,20,Shrubland,47.7000007629395,0.7,0.7595201134681702,0.00680857114274624,1.0776412565539433
39.01822,-3.183175,30,Grassland,1467.90002441406,0.7,0.4066036343574524,0.5052380627620994,0.2873885789265757
35.82122421,-1.956080318,20,Shrubland,891.200012207031,0.7,0.8781565427780151,0.3028410136744306,0.8745924794632034
34.98892423,-0.766627511,10,Tree Cover,2467.35009765625,1.0,0.9163678288459778,0.8560023097759444,0.13195485074945354
39.30265974,-3.285126711,20,Shrubland,824.25,0.7,0.4674999415874481,0.2793444216503923,0.48129492360084686
37.46674,2.612254,30,Grassland,174.199996948242,0.5,0.34678763151168823,0.05120466165005025,0.6580609763514199
37.53624444,0.959136773,20,Shrubland,880.900024414062,0.7,0.7553823590278625,0.2992261583062855,0.7562174381406147
38.6719444,-0.8797222,30,Grassland,1257.94995117188,0.7,0.583907425403595,0.43155456288261174,0.4741707390317015
38.47005,-3.1024695,20,Shrubland,1924.0,0.7,0.6997765898704529,0.6653096549132239,0.33458353190847967
36.40185358,-1.789910729,30,Grassland,691.200012207031,0.7,0.7524797320365906,0.23264956411537963,0.8248795145799288
38.0208151,-0.5036955,10,Tree Cover,1419.40002441406,0.7,0.6126358509063721,0.48821663624402956,0.4479097741055213
35.45821667,-1.360183333,10,Tree Cover,702.900024414062,0.6,0.7955959439277649,0.23675576819873012,1.0120566515300704
37.99515338,-0.771858765,20,Shrubland,1424.84997558594,0.7,0.66329425573349,0.4901293361079311,0.48313469755149246
36.718775,1.089125,20,Shrubland,1985.90002441406,0.7,0.8317595720291138,0.6870339171200415,0.3718750565556551
36.27913449,0.028408447,10,Tree Cover,1805.84997558594,1.0,0.7572775483131409,0.6238440475179232,0.28485445747902144
35.76099014,-1.155596137,30,Grassland,2202.05004882812,0.6,0.8022110462188721,0.7628933347992771,0.31701596399648363
38.23989,-2.11412,20,Shrubland,1673.90002441406,0.7,0.7627878189086914,0.577535255807922,0.460358523251421
38.69663966,-2.931512385,30,Grassland,92.4499969482422,0.7,0.5095422863960266,0.02251390664278823,0.7115292963023483
35.057287,-1.1872597,10,Tree Cover,1237.05004882812,0.6,0.800151526927948,0.4242195906768561,0.7678525923134668
36.46097333,-0.199171666,30,Grassland,1548.19995117188,0.5,0.7301790714263916,0.5334199040551845,0.6813740424060443
35.32613333,-1.707171667,10,Tree Cover,1232.34997558594,0.5,0.8380568623542786,0.4225700659073445,0.9678382375902573
35.22388667,0.102655,10,Tree Cover,2366.10009765625,1.0,0.9703193306922913,0.8204678884366748,0.17420347832989944
37.28933667,0.108372167,30,Grassland,1188.44995117188,1.0,0.7251657843589783,0.40716303416084154,0.42990508332975014
38.04736722,0.384341576,20,Shrubland,1548.15002441406,0.7,0.6968871355056763,0.5334023818976686,0.4645226900723531
37.7135,1.056002833,20,Shrubland,1459.59997558594,0.7,0.45609498023986816,0.5023251004688162,0.32426718190445675
36.89540862,-0.300514813,40,Cropland,1986.55004882812,1.0,0.7412421107292175,0.6872620478993997,0.2318145397201819
38.11483193,-2.754346598,30,Grassland,771.5,0.7,0.7455949783325195,0.2608314268291926,0.7873148366898454
38.174845,-3.158027,20,Shrubland,184.350006103516,0.7,0.7701067328453064,0.05476688092828186,1.0399005735744002
36.81440984,0.578264206,30,Grassland,798.849975585938,0.6,0.7003827691078186,0.2704300989881008,0.8516302787066382
35.89317,0.887836667,20,Shrubland,1084.44995117188,0.7,0.3670021891593933,0.370663480390135,0.32995412049733364
35.822658,-0.368343,30,Grassland,2090.80004882812,1.0,0.7528315782546997,0.723849340982055,0.20789493646455495
36.936223,2.650571,20,Shrubland,939.900024414062,0.7,0.7664782404899597,0.3199326359262055,0.7446526364383972
37.51578241,-2.852305061,40,Cropland,1274.90002441406,0.6,0.6758130192756653,0.4375033139376152,0.6335709477247796
36.536495,-1.165838833,30,Grassland,1775.40002441406,0.6,0.7539122700691223,0.6131574164591403,0.4860755978795804
37.1846351,1.5413406,20,Shrubland,1095.09997558594,0.7,0.7487199902534485,0.3744011836474458,0.6691404966554709
35.5705011749,-0.8735691558,30,Grassland,1639.65002441406,1.0,0.8734434843063354,0.5655149700709344,0.3794981184201855
37.2004249722,-0.4212277778,10,Tree Cover,1697.59997558594,1.0,0.8593284487724304,0.5858529254440868,0.3558883631417729
35.9755648565,0.6983520822,20,Shrubland,987.75,0.7,0.7296385169029236,0.3367259316649165,0.6913575939454335
34.7,1.133333,10,Tree Cover,674.299987792969,1.0,0.9814643859863281,0.2267183780593478,0.7589483722724941
37.3029466,1.2221209,10,Tree Cover,785.700012207031,0.7,0.8429845571517944,0.2658150240320312,0.8841522962482511
37.35495898,-0.6933259,40,Cropland,2519.35009765625,0.7,0.6345618367195129,0.8742520866612976,0.11399261172964423
37.5501163935,0.41030213,20,Shrubland,913.099975585938,0.7,0.4500325620174408,0.31052696454870865,0.4432647455288771
38.2671605051,2.1717472166,20,Shrubland,102.099998474121,0.7,0.523859441280365,0.025900644619530663,0.7289873610734041
39.0819049627,-3.7452908816,20,Shrubland,2766.89990234375,0.7,0.6816465854644775,0.9611314848066755,0.0378494158782914
36.6942887199,0.2791879435,30,Grassland,836.450012207031,0.6,0.668525755405426,0.2836261043576404,0.7981906345111476
37.7645359933,-0.900628915,20,Shrubland,1998.90002441406,0.7,0.7946526408195496,0.6915963613413798,0.3501053858171601
40.0251148108,-3.1115755059,90,Herbaceous Wetland,846.900024414062,1.0,0.6376411318778992,0.2872936118812468,0.4544509080166511
39.781036377,-3.9075143471,20,Shrubland,2877.64990234375,0.7,0.789625883102417,1.0,0.0
37.8793977586,-0.3123188795,10,Tree Cover,1738.05004882812,0.7,0.8432090878486633,0.6000491718222788,0.4817745410789341
39.6413722222,-2.9843305556,20,Shrubland,266.549987792969,0.7,0.7117376923561096,0.08361556027083263,0.9317505107874509
34.91477,-0.5935583333,30,Grassland,2587.0,1.0,0.9076727628707886,0.8979943102014779,0.09258778628796516
34.9930027778,-0.3991777778,10,Tree Cover,1676.59997558594,1.0,0.8909565806388855,0.5784828232403865,0.375553502486302
34.1980387505,-0.7165936942,10,Tree Cover,1167.34997558594,0.7,0.844506561756134,0.39975784480065296,0.7241549247729884
34.8801269107798,0.301861740695741,10,Tree Cover,98.1500015258789,1.0,0.9884365797042847,0.024514364561775963,0.9642056850432189
34.8856200748423,0.312847910731405,10,Tree Cover,113.75,1.0,0.9814843535423279,0.029989297091863678,0.9520503276729312
34.9020995670298,0.24967728835885,10,Tree Cover,1090.15002441406,1.0,0.9735272526741028,0.3726639624074419,0.6107287291809407
34.8911132389048,0.238691060023364,10,Tree Cover,1487.05004882812,1.0,0.9735284447669983,0.5119589026256699,0.4751218905092108
34.8993529849986,0.20847888806505,10,Tree Cover,1064.34997558594,1.0,0.9956350922584534,0.36360924827774166,0.6336129648034172
34.8863067203501,0.20847888806505,10,Tree Cover,1098.90002441406,1.0,0.8664060831069946,0.37573483832565036,0.540867133546428
34.8691405826548,0.257230315038888,10,Tree Cover,210.399993896484,1.0,0.98906010389328,0.0639093129492019,0.9258499521879943
34.9117126041392,0.287442375745114,10,Tree Cover,221.5,1.0,0.9944660663604736,0.0678049405418024,0.9270363538600616
34.8560943180064,0.310101369285055,10,Tree Cover,130.699996948242,1.0,0.9900941848754883,0.035938021370956655,0.954512158900173
34.8334350162486,0.310788004713689,10,Tree Cover,248.399993896484,1.0,0.9990805983543396,0.07724568836542159,0.9219059298019214
34.8780669742564,0.275769543122721,10,Tree Cover,137.25,1.0,0.9591874480247498,0.03823679241505217,0.9225111966875037
34.9007262760142,0.291562196200073,10,Tree Cover,157.75,1.0,0.9820660948753357,0.0454314159948549,0.9374494415846116
34.9329986148814,0.27508290554846,10,Tree Cover,836.700012207031,1.0,0.9342122673988342,0.28371384366958924,0.669163314211829
34.9329986148814,0.238691060023364,10,Tree Cover,308.799987792969,1.0,0.9011890888214111,0.09844350399018215,0.812472877160112
34.9295653873423,0.220151780017141,10,Tree Cover,1001.65002441406,1.0,0.9840160608291626,0.3416042459775618,0.647871996339806
34.9075927310923,0.171400235032664,10,Tree Cover,1811.69995117188,1.0,0.9915458559989929,0.6258971388492341,0.37094014169140854
34.8808135562876,0.167967022550022,10,Tree Cover,1016.45001220703,1.0,0.9275835156440735,0.34679840896078595,0.6058990282404565
34.8629607730845,0.192686138212071,10,Tree Cover,1619.90002441406,1.0,0.9768103361129761,0.5585835644269782,0.43118013679787526
34.8725738101939,0.161787238569763,10,Tree Cover,1041.05004882812,1.0,0.9384381175041199,0.35543197010898614,0.6048872085742624
34.8773803287486,0.233197942539435,10,Tree Cover,385.649993896484,1.0,0.992401123046875,0.1254145706253203,0.8679395623118655
34.8615874820689,0.251737205161968,10,Tree Cover,259.899993896484,1.0,0.9903777837753296,0.081281696715067,0.909878197121163
34.8677672916392,0.227704822912003,10,Tree Cover,838.549987792969,1.0,0.9384647607803345,0.2843631060097184,0.6716000065241712
34.8739471012095,0.213285374062071,10,Tree Cover,368.100006103516,1.0,0.9774445295333862,0.11925527521065996,0.8608791131607283
34.8773803287486,0.202299118203515,10,Tree Cover,228.550003051758,1.0,0.9695439338684082,0.07027919020979555,0.9014051713233169
34.912399249647,0.201612476961196,10,Tree Cover,303.850006103516,1.0,0.9763584136962891,0.09670627203981483,0.8819384313330136
34.8931731754283,0.195432704489215,10,Tree Cover,1091.0,1.0,0.939580500125885,0.3729622674997765,0.5891524263003608
34.8382415348033,0.309414733811881,10,Tree Cover,193.050003051758,1.0,0.9991385340690613,0.05782020791306399,0.9413681362952342
34.8636474185923,0.294308742333886,10,Tree Cover,170.300003051758,1.0,0.9778120517730713,0.04983593052572194,0.9290818782936949
34.8622741275767,0.329327144091878,10,Tree Cover,255.0,1.0,0.9662811160087585,0.07956200834294344,0.889401849795241
34.9027862125376,0.313191228361781,10,Tree Cover,189.699996948242,1.0,0.9956156611442566,0.0566444989908767,0.9392195108312696
34.8993529849986,0.329327144091878,10,Tree Cover,790.099975585938,1.0,0.9568933844566345,0.2673592230698923,0.701059112627589
34.8890533023814,0.334820215891948,10,Tree Cover,810.5,1.0,0.9947462677955627,0.27451875949320753,0.7216697563498269
34.8670806461314,0.325893972676456,10,Tree Cover,237.699996948242,1.0,0.9691263437271118,0.07349044688504894,0.8979048156385329
34.85025783119,0.337566750641055,10,Tree Cover,288.850006103516,1.0,0.9960780143737793,0.09144191332288601,0.9049947349205798
34.8907699161509,0.286069101928811,10,Tree Cover,133.75,1.0,0.9811582565307617,0.03700844204776878,0.9448471180542531
34.9075927310923,0.275769543122721,10,Tree Cover,245.25,1.0,0.9842482209205627,0.0761401751769397,0.9093073889620799
34.8986663394908,0.272679673728047,10,Tree Cover,183.949996948242,1.0,0.9592653512954712,0.054626494816053986,0.9068640475557089
34.9302520328501,0.292248832796581,10,Tree Cover,368.0,1.0,0.9751390218734741,0.11922017734380724,0.8588827747508517
34.9817504459361,0.351986045201032,10,Tree Cover,1009.70001220703,1.0,0.9817500710487366,0.34442944753816795,0.6436064364568631
34.9858703189829,0.296368651490759,10,Tree Cover,686.700012207031,1.0,0.9949812293052673,0.23107025650030097,0.7650706614367144
34.9776305728892,0.341686551308345,10,Tree Cover,946.549987792969,1.0,0.9739403128623962,0.32226648877160596,0.6600719879631124
34.9741973453501,0.325893972676456,10,Tree Cover,722.799987792969,1.0,0.992076575756073,0.24373980457741765,0.7502680250554541
34.989303546522,0.26066350751453,10,Tree Cover,696.0,1.0,0.9930970668792725,0.23433415462065085,0.7603805052558702
34.9769439273814,0.275769543122721,10,Tree Cover,1056.90002441406,1.0,0.9242668151855469,0.36099463391824965,0.5906114545948539
35.0099029117564,0.303235012565417,10,Tree Cover,1601.75,1.0,0.9889172911643982,0.552213681811203,0.4428236328037444
35.0050963932017,0.235944501552485,10,Tree Cover,751.549987792969,1.0,0.9930868744850159,0.25382982545153127,0.7410118064762776
35.000289874647,0.227018182810371,10,Tree Cover,756.700012207031,1.0,0.9929021000862122,0.2556372638459688,0.7390793239532567
34.9652709537486,0.259290230635888,20,Shrubland,1989.09997558594,1.0,0.8229709267616272,0.6881569631764036,0.25663775301887537
34.9975432926158,0.094496150963818,10,Tree Cover,757.400024414062,1.0,0.9978314638137817,0.2558829382035715,0.7425034170211406
35.033248859022,0.110975616602629,10,Tree Cover,645.75,1.0,0.99758380651474,0.21669855291893927,0.7814088392276287
35.0208892398814,0.102735884845586,10,Tree Cover,808.0,1.0,0.99155193567276,0.2736413663737194,0.7202223091647596
34.9288787418345,0.0917495725605039,10,Tree Cover,1694.30004882812,1.0,0.8921633362770081,0.5846947922312364,0.3705200797361961
35.011276202772,0.0931228617889094,10,Tree Cover,714.150024414062,1.0,0.9971351623535156,0.24070403723642675,0.7571207031046245
34.9810638004283,0.0766433877429004,10,Tree Cover,1620.0,1.0,0.9998548030853271,0.5586186515834664,0.4413172612065494
35.0092162662486,0.0773300326308598,10,Tree Cover,1262.5,1.0,0.9975221157073975,0.43315143549666274,0.5654439793490701
35.0538482242564,0.0999893071126564,10,Tree Cover,800.900024414062,1.0,0.999354362487793,0.2711495784826651,0.7283798483444154
35.044235187147,0.126425107327007,10,Tree Cover,810.25,1.0,0.9437791109085083,0.2744310201812587,0.684776846676125
35.007499652479,0.13088829187452,10,Tree Cover,503.350006103516,1.0,0.9834046959877014,0.16672224297496818,0.8194492593205152
35.0147094303111,0.122648565955767,10,Tree Cover,486.149993896484,1.0,0.9616117477416992,0.16068577402874343,0.8070944197406915
34.9927367740611,0.1178420579875,10,Tree Cover,743.5,1.0,0.9998186826705933,0.2510046238909254,0.7488595702677405
34.9793471866587,0.101362596008236,10,Tree Cover,913.549987792969,1.0,0.9833204746246338,0.3106848995943625,0.6778176516967985
34.9419250064829,0.090376283279403,10,Tree Cover,1651.90002441406,1.0,0.9802685976028442,0.5698141963564263,0.42169763444633857
34.9378051334361,0.0828231913263938,10,Tree Cover,1617.90002441406,1.0,0.9868760704994202,0.5578816499313877,0.4363160200113992
34.9281920963267,0.0793899672276921,10,Tree Cover,1668.5,1.0,0.9061022400856018,0.5756400781015363,0.384513475834749
34.9364318424204,0.0800766120706403,10,Tree Cover,1062.84997558594,1.0,0.9807994961738586,0.3630828124060488,0.6246880566966183
35.0243224674204,0.148741021851428,10,Tree Cover,1516.34997558594,1.0,0.9548814296722412,0.5222419242811969,0.4562023143798296
35.0305022769908,0.138098049838696,10,Tree Cover,557.650024414062,1.0,0.9932793378829956,0.18577922795646934,0.8087486693459796
35.0044097476939,0.121275278051427,10,Tree Cover,653.799987792969,1.0,0.9829878807067871,0.21952375447954506,0.767198690526142
35.0212325626353,0.0859130927613141,10,Tree Cover,946.650024414062,1.0,0.9969982504844666,0.3223015973488235,0.6756641217993405
35.0445785099009,0.0920928948725797,10,Tree Cover,953.700012207031,1.0,0.9960883259773254,0.32477584166163403,0.6725829015387116
35.0315322452525,0.0804199344878016,10,Tree Cover,1100.40002441406,1.0,0.9866073131561279,0.37626127419734323,0.615385188375586
34.5562540326273,0.947078872471723,10,Tree Cover,1037.65002441406,1.0,0.9732570648193359,0.354238706898191,0.6284917406982056
36.871622684971,1.03770247484638,10,Tree Cover,805.049987792969,0.6,0.8705301880836487,0.2726060382085774,1.0553639620122666
36.8221842084085,1.07065588029591,10,Tree Cover,983.549987792969,0.6,0.9887682199478149,0.3352519069400304,1.0954696042843
36.8606363568461,1.01024104092904,10,Tree Cover,734.75,0.6,0.8743510842323303,0.24793374797271697,1.095949861241865
36.6848551068461,1.24090925806744,10,Tree Cover,438.399993896484,1.0,0.9796043038368225,0.14392756544652,0.8386122412846556
37.311075809971,1.30131919062612,10,Tree Cover,626.950012207031,0.7,0.8228865265846252,0.2101005609445345,0.928568024035556
37.2561441693461,1.29033567217384,10,Tree Cover,230.350006103516,0.6,0.9756970405578613,0.07091091432686358,1.5108490588073997
37.2945963177835,1.2354173765924,10,Tree Cover,746.299987792969,0.7,0.9423545002937317,0.25198729990060614,1.0069902088854115
37.3275553021585,1.15852986691168,10,Tree Cover,371.399993896484,0.6,0.8948157429695129,0.12041342984423793,1.3117797983411104
37.3934732709085,1.72414444933068,20,Shrubland,718.900024414062,0.7,0.7220645546913147,0.2423710841634542,0.7815099929301488
35.575235966221,-0.643135486483678,20,Shrubland,550.0,1.0,0.7945034503936768,0.18309439644254363,0.6490343206723281
35.454386356846,-0.51679921124119,10,Tree Cover,754.849975585938,1.0,0.9055874943733215,0.2549879800851096,0.6746735683927327
35.5038248334085,-0.676092286300061,10,Tree Cover,442.700012207031,1.0,0.8808155655860901,0.1454366880382588,0.7527126669547034
35.377482059971,-0.500320368267496,10,Tree Cover,200.5,1.0,0.8463726043701172,0.060434838338102044,0.7952222128512108
35.487345341221,-0.6980633625723,10,Tree Cover,560.75,1.0,0.8588517904281616,0.1868671868563426,0.6983605724243179
35.827921513096,-0.840872711826876,10,Tree Cover,466.100006103516,1.0,0.9633249640464783,0.15364908549459494,0.8153109642866234
35.772989872471,-0.868335476679492,10,Tree Cover,494.399993896484,1.0,0.970007061958313,0.16358117132305428,0.8113321705715376
36.761759403721,-0.522292149466297,10,Tree Cover,135.0,1.0,0.8346692323684692,0.03744713860751284,0.8034132579325408
36.7562662396585,-0.752990597079813,10,Tree Cover,263.0,1.0,0.9822137951850891,0.08236966632530549,0.9013091726155813
36.695841434971,-0.588207019288587,20,Shrubland,59.5999984741211,1.0,0.9930264353752136,0.010984961588232367,0.9821180781265176
36.7288004193461,-0.890305545218424,10,Tree Cover,583.549987792969,1.0,0.9786133170127869,0.19486900782192842,0.7879119108851788
36.6848551068461,-0.93973771585357,10,Tree Cover,483.200012207031,1.0,0.9858879446983337,0.15965045657396662,0.8284904841964752
36.607950809971,-0.950722548956992,10,Tree Cover,2798.85009765625,1.0,0.9713667631149292,0.9723446374200714,0.026863500032035
36.7809854779398,-0.615671323619665,10,Tree Cover,143.949996948242,1.0,0.9951201677322388,0.04058820490424379,0.9547300264599773
36.7480264935648,-0.665106710678541,20,Shrubland,42.5499992370605,1.0,0.9782595634460449,0.005001140781082381,0.9733671496488111
36.6917215619242,-0.693943793493129,10,Tree Cover,670.700012207031,1.0,0.9858883619308472,0.2254549405355769,0.7636149599170107
36.6491495404398,-0.60743204688729,20,Shrubland,236.0,1.0,0.8708547949790955,0.0728938206348336,0.8073748617549045
36.7974649701273,-0.667853106892062,10,Tree Cover,184.100006103516,1.0,0.9850984215736389,0.05467914161633304,0.9312340854743878
35.9460245404398,-1.87602902057956,10,Tree Cover,313.399993896484,0.6,0.8895697593688965,0.10005790947211314,1.334268728508981
35.9295450482523,-1.88700942549864,10,Tree Cover,363.600006103516,0.6,0.9188259243965149,0.11767596759558131,1.351170270794735
37.5335489545023,-0.316304124047456,10,Tree Cover,108.449996948242,1.0,0.8395141959190369,0.02812922260751224,0.8158993142198636
37.3742471966898,-0.393206941031216,10,Tree Cover,280.0,1.0,0.9593116641044617,0.08833593953782481,0.8745699669461998
37.1407877240335,-0.354755612427803,10,Tree Cover,1527.90002441406,1.0,0.8186227083206177,0.5262954976298148,0.3877852626739515
35.2551927618207,-1.67715557044679,30,Grassland,1304.15002441406,0.7,0.8613196611404419,0.4477688134356264,0.6794965522614865
34.6839036993207,-1.30374745275458,20,Shrubland,2352.25,1.0,0.8842925429344177,0.8156070962815418,0.16305726972825663
34.9695482305707,-1.2048942048848,10,Tree Cover,385.600006103516,0.6,0.8375082015991211,0.12539702704707692,1.2208118898077063
34.8157396368207,-1.248829442074,10,Tree Cover,1601.40002441406,1.0,0.755800724029541,0.5520908553427659,0.33853005583138995
34.4092454961957,-0.974223184438683,40,Cropland,2121.19995117188,1.0,0.7282397150993347,0.7345184070418656,0.1933342396199494
34.7827806524457,-0.930283942230844,20,Shrubland,2138.69995117188,1.0,0.9118922352790833,0.7406601588782825,0.23648998741740526
34.9805345586957,-0.897329150084567,30,Grassland,2097.25,1.0,0.8319430947303772,0.7261129980937517,0.2278583999723089
35.5078783086957,-0.677623474983284,10,Tree Cover,425.75,1.0,0.6999033689498901,0.13948795840398323,0.6022752769350002
34.4861497930707,-1.10603736973552,40,Cropland,1891.55004882812,1.0,0.8189762234687805,0.6539211093588505,0.2834303828795537
36.7053880743207,-1.08406872657619,30,Grassland,2295.35009765625,1.0,0.8513051867485046,0.7956376631551605,0.1739747173320569
37.4304857305707,-1.77598762062188,20,Shrubland,1807.0,0.6,0.951641857624054,0.624247656921179,0.5959694059418369
