"longitude","latitude","landcover_class","landcover_name","HumanImpact"
37.03794,0.12265,20,"Shrubland",1503.25
37.100402,0.22812,30,"Grassland",807.299987792969
36.85714312,-1.178378685,10,"Tree Cover",2663.60009765625
34.964947,-1.391947,30,"Grassland",1665.15002441406
34.997647,-1.258503,30,"Grassland",2026.44995117188
37.036103,-0.103342,20,"Shrubland",1947.5
39.387778,-4.257222,10,"Tree Cover",385.299987792969
39.54792023,-4.338908672,10,"Tree Cover",2094.64990234375
39.297624,-3.459343,20,"Shrubland",873.150024414062
34.862366,0.286879,10,"Tree Cover",215.899993896484
37.231491,-2.649862,30,"Grassland",503.450012207031
35.647819,2.383763,30,"Grassland",2322
35.63552856,-0.312124626,40,"Cropland",1804.05004882812
39.8784831,-3.3300563,10,"Tree Cover",169
38.29315833,-3.414661111,10,"Tree Cover",1339.09997558594
36.694624,-0.969423,10,"Tree Cover",1065.5
38.215942,-3.015984,20,"Shrubland",459.5
37.73597717,0.152435123,40,"Cropland",2180.30004882812
38.05001022,0.191316212,10,"Tree Cover",1684.59997558594
38.81878344,-3.35269695,10,"Tree Cover",1174.44995117188
37.91300458,-2.927294304,10,"Tree Cover",262.700012207031
36.04660416,-1.902546883,20,"Shrubland",654.450012207031
38.77621333,-3.705738333,20,"Shrubland",1586.5
36.93285942,0.046219821,30,"Grassland",985.700012207031
37.24216667,-0.9705,20,"Shrubland",1748.69995117188
34.48645861,0.079888056,10,"Tree Cover",2396.94995117188
39.62808667,-4.17288,10,"Tree Cover",2318.64990234375
39.50276358,-4.166375473,30,"Grassland",1724.05004882812
39.48830492,-4.466650487,10,"Tree Cover",2346.85009765625
37.176783,1.2571383,10,"Tree Cover",637.549987792969
39.38049389,-3.823148555,30,"Grassland",1522.90002441406
37.30645325,-0.354926162,10,"Tree Cover",114.050003051758
36.59846306,-0.943295659,10,"Tree Cover",2839.5
36.86433267,-0.386215057,20,"Shrubland",400.299987792969
36.71885267,-0.477356604,20,"Shrubland",800
39.92431671,-3.207704169,10,"Tree Cover",857.650024414062
35.092353,-1.572378,30,"Grassland",1652.30004882812
35.3132473,0.569083269,30,"Grassland",2772.94995117188
36.27515602,-0.463914094,20,"Shrubland",2021
35.36259079,-1.491084933,10,"Tree Cover",2156.94995117188
37.46589725,0.218575141,20,"Shrubland",1127.44995117188
37.29219,1.33944,20,"Shrubland",571.150024414062
37.2288157,-0.8869319,20,"Shrubland",2389.80004882812
36.45938826,-0.110262428,40,"Cropland",2301.35009765625
35.52573395,0.604562984,20,"Shrubland",2182.85009765625
37.9572584,-3.3951791,30,"Grassland",263.350006103516
35.12706826,-1.301992519,30,"Grassland",1255.84997558594
35.01953888,0.072350959,10,"Tree Cover",1397.44995117188
34.19436271,-0.474831483,30,"Grassland",1387.30004882812
35.26226807,0.843080136,10,"Tree Cover",2402.75
35.1597519,1.270516215,10,"Tree Cover",1520.59997558594
35.42217922,1.528269119,20,"Shrubland",1847.80004882812
35.05721238,1.334758288,30,"Grassland",1810.5
40.01776886,-3.307411895,10,"Tree Cover",2548.10009765625
36.6241536,-1.208820218,20,"Shrubland",2368.80004882812
36.85964584,0.382390051,30,"Grassland",972.549987792969
36.32005,-0.6682,30,"Grassland",2215.60009765625
37.25085831,-1.101008296,10,"Tree Cover",2077.60009765625
35.98671333,0.565725,30,"Grassland",1536.84997558594
35.89325833,0.503171667,20,"Shrubland",1159.44995117188
35.82671167,0.74482,20,"Shrubland",1539.90002441406
35.42237806,0.448936389,10,"Tree Cover",2289.94995117188
36.90053833,-1.412436667,30,"Grassland",2006.30004882812
34.91680509,0.217255521,10,"Tree Cover",884.650024414062
35.39009567,-1.611644805,30,"Grassland",2177.25
35.60736465,-1.425438881,20,"Shrubland",1291.40002441406
36.75967902,2.303388067,30,"Grassland",721.950012207031
37.083294,-0.575127,10,"Tree Cover",1904.55004882812
35.59769386,0.716381794,10,"Tree Cover",967.150024414062
34.11510434,-0.638006562,10,"Tree Cover",1546.90002441406
39.34636873,-4.58009211,10,"Tree Cover",1141.44995117188
39.24389442,-3.575012123,20,"Shrubland",1316.65002441406
38.18402968,0.137642802,30,"Grassland",1128.44995117188
35.15818333,-1.164075,30,"Grassland",1485.30004882812
35.77612224,0.476667521,10,"Tree Cover",1690.75
39.4424181,-1.5867894,30,"Grassland",1045.5
36.66480833,-1.487463333,30,"Grassland",2018.5
34.83671833,0.162953333,10,"Tree Cover",2550.64990234375
37.41912691,0.763749032,20,"Shrubland",768.299987792969
37.0880842,-0.3517749,10,"Tree Cover",2419.55004882812
36.44831164,-0.685446147,30,"Grassland",2136.14990234375
35.83027833,-0.500048333,10,"Tree Cover",740.849975585938
40.2,-2.633333,90,"Herbaceous Wetland",737.700012207031
34.44174,0.595778333,10,"Tree Cover",2528
34.59668333,0.5334,10,"Tree Cover",2505.75
35.58921433,0.352196664,10,"Tree Cover",2412.69995117188
34.4295845,0.401233345,10,"Tree Cover",2004.69995117188
36.080805,-0.49208,10,"Tree Cover",1350.09997558594
37.24698633,-1.864824168,10,"Tree Cover",1715.44995117188
36.50409667,-0.023736667,10,"Tree Cover",1821.05004882812
37.52828311,0.313799026,30,"Grassland",1241.44995117188
36.7234468,-0.8653336,10,"Tree Cover",1029.25
35.07439188,-1.423646794,10,"Tree Cover",1099
36.8278134,-2.5595536,20,"Shrubland",1508.44995117188
38.39261667,-0.086086667,20,"Shrubland",1277.25
38.73879833,-0.142461667,20,"Shrubland",1293.44995117188
35.55995807,-1.710308715,30,"Grassland",2120.44995117188
39.65634696,-3.867142469,10,"Tree Cover",2634.75
37.40308719,0.077764998,10,"Tree Cover",1158.94995117188
38.02211357,2.372529523,30,"Grassland",1822.25
35.24921289,-1.544114788,30,"Grassland",1286.80004882812
36.85726124,-1.638205738,30,"Grassland",1231
36.99801748,-1.507094724,40,"Cropland",1625.55004882812
36.69490322,0.582813181,30,"Grassland",663.700012207031
38.34399434,-3.488441579,10,"Tree Cover",1139.25
38.42576317,-3.328619522,20,"Shrubland",2160.35009765625
36.92499924,-1.566666722,20,"Shrubland",1927.84997558594
36.99509804,0.250802765,30,"Grassland",920.700012207031
38.106142,0.27917,10,"Tree Cover",2167.60009765625
36.27823167,-0.757161667,10,"Tree Cover",2102.5
38.1963,-3.46763,20,"Shrubland",1010.65002441406
37.7312136,-2.42871,10,"Tree Cover",732.450012207031
37.22999496,-0.708630359,20,"Shrubland",1657.05004882812
37.57640973,-1.048970238,20,"Shrubland",1615.75
38.15260278,-3.602905556,30,"Grassland",172.75
38.02229276,-2.985271477,10,"Tree Cover",1082.84997558594
38.60743117,-3.499978021,10,"Tree Cover",1611.34997558594
38.61569316,-3.411690349,30,"Grassland",2087
34.75341766,1.034396626,10,"Tree Cover",713.400024414062
37.42351584,-2.518822241,20,"Shrubland",527.150024414062
38.0627523,-2.89321826,20,"Shrubland",1258
37.04616398,-0.746256284,10,"Tree Cover",1735.59997558594
34.76429333,-0.16526,10,"Tree Cover",1753.90002441406
37.15353012,0.767337203,20,"Shrubland",788.849975585938
37.43071333,-2.789345,30,"Grassland",1116.40002441406
37.4808562,-0.34617989,10,"Tree Cover",1268.25
34.9555574,3.658771745,20,"Shrubland",1064.15002441406
35.34141141,-1.406785051,20,"Shrubland",1246.40002441406
37.86323741,-2.747356984,20,"Shrubland",770.75
36.772445,0.076339,30,"Grassland",1135.34997558594
37.09506167,-1.506121667,10,"Tree Cover",2130.39990234375
37.28554167,-0.02968883,30,"Grassland",167.699996948242
35.24990082,-0.994596005,20,"Shrubland",2414.05004882812
35.69538545,-0.983686856,30,"Grassland",1576.75
36.46771174,-0.405913064,40,"Cropland",1741.34997558594
38.64203535,-3.816823439,10,"Tree Cover",1419.25
35.2003449,-0.87181725,30,"Grassland",2419.5
36.858875,-2.125544444,20,"Shrubland",938.099975585938
34.4040978,-0.6834578,20,"Shrubland",1902.84997558594
34.88575759,-0.300867406,90,"Herbaceous Wetland",1840.65002441406
34.02929549,0.165757101,20,"Shrubland",1712.84997558594
34.89646759,1.305152734,20,"Shrubland",1180.69995117188
35.65747362,0.523553311,10,"Tree Cover",1331.80004882812
34.38978214,-0.546633679,20,"Shrubland",2363.94995117188
37.461189,-0.0425066,30,"Grassland",90.0999984741211
37.28808951,-2.515274393,30,"Grassland",1015.04998779297
37.857345,-2.59224667,30,"Grassland",1411.05004882812
37.35903298,-2.418902873,30,"Grassland",649
37.20110447,-2.478271502,30,"Grassland",321.049987792969
37.4915773,0.5774645,10,"Tree Cover",1603.55004882812
37.39652989,-2.599777515,30,"Grassland",401.799987792969
39.21414796,-3.775828856,30,"Grassland",2239.55004882812
37.31845,0.22996,30,"Grassland",1044.84997558594
40.09404141,-3.027716686,20,"Shrubland",1642.75
36.865505,2.37745833,30,"Grassland",1399.30004882812
39.30877684,-3.09064394,30,"Grassland",1225.30004882812
37.18368667,-0.331403333,10,"Tree Cover",144.949996948242
38.88468623,-0.3279196,20,"Shrubland",929.950012207031
35.79282,-0.1536805,10,"Tree Cover",1094.90002441406
37.54693667,0.85579667,20,"Shrubland",967.650024414062
38.78664649,-3.450773138,30,"Grassland",789.950012207031
39.80245078,-2.910086894,20,"Shrubland",262.799987792969
37.12104086,-1.085943303,30,"Grassland",2722.10009765625
37.5446627,-2.7358736,30,"Grassland",1086.15002441406
36.32825565,-1.14988907,20,"Shrubland",868.599975585938
36.4447,-1.5772,20,"Shrubland",1100.69995117188
38.8320067,-2.957297247,30,"Grassland",250.949996948242
37.80036201,-3.217112543,30,"Grassland",1821.5
34.14167395,0.350909108,20,"Shrubland",1977.30004882812
34.26422006,0.462744735,30,"Grassland",1841.05004882812
37.29054676,-2.347445723,30,"Grassland",1001.15002441406
35.91532857,-1.740679064,10,"Tree Cover",268.600006103516
35.41357979,0.642079236,40,"Cropland",1565.25
36.02233333,-0.081395,10,"Tree Cover",2083.25
38.22466452,-2.914765136,20,"Shrubland",799.650024414062
37.1774714,-0.074812334,10,"Tree Cover",785
34.60820194,-0.612179761,40,"Cropland",2052.30004882812
35.31574167,-0.42097833,10,"Tree Cover",1084.25
35.27948569,-0.125140367,10,"Tree Cover",2262.64990234375
36.92516215,2.261648089,20,"Shrubland",688.25
36.63542792,-0.227709894,20,"Shrubland",69.3499984741211
36.46805572,-0.898303333,30,"Grassland",1112.84997558594
36.78234444,-0.340380556,10,"Tree Cover",866.200012207031
40.93005124,-2.302348685,20,"Shrubland",1070.69995117188
37.75223902,0.06765775,10,"Tree Cover",1996.19995117188
37.38612358,-1.457141396,10,"Tree Cover",2152.44995117188
40.13816864,-1.868739936,20,"Shrubland",1115.84997558594
35.69748333,-1.343066667,20,"Shrubland",1646.19995117188
37.53052599,0.016607861,10,"Tree Cover",260.649993896484
35.21919833,0.547273333,20,"Shrubland",2347.30004882812
35.207844,-1.438004,20,"Shrubland",1847.5
37.70934833,-1.389096667,10,"Tree Cover",1786.69995117188
37.4700224,-0.244418856,10,"Tree Cover",28.2999992370605
34.59099,1.117263333,30,"Grassland",104.699996948242
40.17531107,-2.303177132,10,"Tree Cover",725.200012207031
38.32462,-1.00194,20,"Shrubland",1385.84997558594
34.98811667,-1.526021667,30,"Grassland",1737.05004882812
38.69520556,-3.040758333,30,"Grassland",1531.69995117188
38.3376639,-2.2495147,20,"Shrubland",437.149993896484
35.450478,1.251655,30,"Grassland",1477.15002441406
37.46045278,-2.077113889,30,"Grassland",2409.64990234375
37.63026429,-0.234542854,10,"Tree Cover",2398.60009765625
34.39328286,0.053409368,20,"Shrubland",2413.39990234375
34.35332581,-0.296315947,30,"Grassland",2321.69995117188
34.28472222,-0.634444444,30,"Grassland",1388.5
35.43640137,2.245852709,20,"Shrubland",1929.84997558594
35.01071434,-0.237220593,40,"Cropland",1519.75
34.41982437,-0.936557515,40,"Cropland",2040.19995117188
37.46813949,-1.33037547,40,"Cropland",2080.44995117188
37.98527833,3.694745,20,"Shrubland",863.150024414062
35.01673685,1.193055963,10,"Tree Cover",1617.69995117188
37.91483326,-2.348524671,20,"Shrubland",1272.05004882812
34.51741944,-0.426936111,30,"Grassland",2193.25
37.71732263,0.32840303,20,"Shrubland",1116.75
39.8,-3.433333,10,"Tree Cover",953.950012207031
35.85576667,0.597445,10,"Tree Cover",1852.40002441406
34.9919717,0.316759794,10,"Tree Cover",1733.25
34.041865,0.0463981,30,"Grassland",831.849975585938
37.59612982,0.728874572,20,"Shrubland",1456.80004882812
36.21804844,-0.609976532,30,"Grassland",976.450012207031
37.93677453,2.259768475,30,"Grassland",939.700012207031
37.16933823,3.380330086,30,"Grassland",1364.80004882812
37.16024712,1.937249263,30,"Grassland",1476.30004882812
37.29078293,1.736355981,10,"Tree Cover",1808.05004882812
37.35021846,-2.711745395,30,"Grassland",1515.90002441406
37.53404737,-1.173652462,40,"Cropland",1718.65002441406
37.71470424,-2.214473313,10,"Tree Cover",2041.19995117188
34.13565618,0.479566,10,"Tree Cover",2552.55004882812
39.9093269,-3.5106508,10,"Tree Cover",2015.40002441406
35.03730318,2.348327973,20,"Shrubland",709.450012207031
34.73897687,2.96824328,20,"Shrubland",878.75
34.96032,2.99662,20,"Shrubland",635
34.92695,2.90052,30,"Grassland",724.849975585938
34.96999,2.80618,30,"Grassland",1672
39.55331333,-3.838033333,20,"Shrubland",2325.14990234375
38.42397485,-3.62147057,20,"Shrubland",1275.09997558594
37.0912695,-0.228396667,20,"Shrubland",2142.94995117188
39.25728667,-4.487345,10,"Tree Cover",1184.69995117188
37.21690833,-0.169625,20,"Shrubland",186.600006103516
35.11894602,1.091530332,10,"Tree Cover",2331.14990234375
35.90088273,-0.301145905,10,"Tree Cover",2837.14990234375
37.61919722,-1.773480556,20,"Shrubland",2700.69995117188
34.70912039,0.047647091,20,"Shrubland",2682.64990234375
36.60920801,-2.03128475,20,"Shrubland",1041.69995117188
37.45747559,-0.505014727,40,"Cropland",2790.75
35.24847833,-1.195636667,30,"Grassland",2390.85009765625
36.10790631,-1.34648502,20,"Shrubland",926.349975585938
36.12350706,-1.437483216,30,"Grassland",1536.65002441406
39.95556314,-3.031422476,10,"Tree Cover",2379.94995117188
38.31779858,-3.139475711,20,"Shrubland",131.449996948242
38.47127658,-2.66611414,20,"Shrubland",289
38.3579892,-2.855958772,20,"Shrubland",536.950012207031
38.28262976,-3.254870009,20,"Shrubland",889.349975585938
38.22196247,-2.73451168,30,"Grassland",1768.44995117188
38.02698934,-3.557937803,30,"Grassland",900.400024414062
38.43945858,-2.533982174,20,"Shrubland",229.699996948242
36.47172866,-1.665538836,30,"Grassland",749.049987792969
37.7816401,-3.5990826,20,"Shrubland",1022.65002441406
36.53831894,-1.729164581,30,"Grassland",676.049987792969
36.78423572,-1.49970457,30,"Grassland",1487
36.57737936,-1.619247937,20,"Shrubland",878.450012207031
36.81719234,-2.445804883,20,"Shrubland",1565.19995117188
34.3256329,-0.068341999,20,"Shrubland",2153.39990234375
39.42716758,-4.392553437,10,"Tree Cover",1099.5
38.11733333,-2.102627833,20,"Shrubland",1463.84997558594
35.23110833,-1.6351055,30,"Grassland",2024.5
36.85969718,0.133747968,30,"Grassland",936.450012207031
37.83103336,0.635995376,30,"Grassland",789.849975585938
36.45009,0.880661972,30,"Grassland",796.599975585938
38.55332673,0.032848677,20,"Shrubland",331.600006103516
36.70319347,-1.576286246,30,"Grassland",1061.40002441406
35.36856763,1.797539798,20,"Shrubland",776.650024414062
35.47456015,-0.25193774,20,"Shrubland",2588.5
34.1764895,-0.989705874,30,"Grassland",2180.30004882812
39.77226198,-3.033764783,20,"Shrubland",1282.80004882812
34.5339726,0.2236934,20,"Shrubland",1931.69995117188
36.66058939,-1.678013261,20,"Shrubland",962.400024414062
35.38830278,1.652886111,10,"Tree Cover",967.299987792969
38.35173,-2.682811667,10,"Tree Cover",806.349975585938
36.526184,-1.8912603,20,"Shrubland",2365.85009765625
35.21745897,0.413712,10,"Tree Cover",2253.35009765625
37.707146,0.665154,10,"Tree Cover",1534.15002441406
34.31139917,0.250566416,20,"Shrubland",1804.40002441406
34.13444435,0.249098138,20,"Shrubland",2320.10009765625
36.95757254,0.452968357,20,"Shrubland",984.599975585938
39.99515,-2.784307972,10,"Tree Cover",1765.90002441406
37.8393898,-1.376794338,40,"Cropland",2216.60009765625
38.3612192,0.844219512,20,"Shrubland",777
38.49465833,-3.261621667,40,"Cropland",1364.05004882812
38.02761117,0.090713833,40,"Cropland",1015.29998779297
37.90619284,-0.023484416,20,"Shrubland",1672.5
36.916321,2.819814,30,"Grassland",546.400024414062
37.35782325,0.647165723,30,"Grassland",1590.44995117188
38.08276117,0.780021667,20,"Shrubland",1033.5
36.46082137,-0.985528181,30,"Grassland",820.099975585938
35.16146333,0.182493333,10,"Tree Cover",1923.65002441406
36.55391693,-1.492383978,30,"Grassland",750.150024414062
36.80093897,-0.749781972,10,"Tree Cover",800
36.9620157,-1.057128342,10,"Tree Cover",2205
36.4929384,-1.2696537,30,"Grassland",1569.80004882812
36.01108517,1.410928472,20,"Shrubland",540.950012207031
35.44532013,3.355076551,30,"Grassland",1673.80004882812
36.11521111,-0.209486111,20,"Shrubland",1823.30004882812
38.580313,-0.807658,20,"Shrubland",1133.44995117188
38.52035014,0.903951292,20,"Shrubland",784.799987792969
37.913347,-0.471909,30,"Grassland",2162.05004882812
36.726525,0.430721667,20,"Shrubland",1109.5
37.59106152,0.193408398,40,"Cropland",1168.44995117188
34.714632,-0.520217972,30,"Grassland",2120.60009765625
36.82789446,-0.662759302,20,"Shrubland",2295.5
36.22811167,-0.377108333,30,"Grassland",2032.80004882812
36.001255,0.467396,30,"Grassland",2350.75
36.7870803,-1.039495255,10,"Tree Cover",2525.89990234375
37.683333,-3.4,40,"Cropland",2185.55004882812
36.75838167,-2.1683,30,"Grassland",2000.15002441406
38.66895674,0.943976836,30,"Grassland",894.400024414062
34.70885278,-0.426691667,10,"Tree Cover",2463.85009765625
37.00421,0.8598545,30,"Grassland",1789.25
40.74547596,-2.152130257,30,"Grassland",905.75
35.44880558,2.492806911,20,"Shrubland",873.549987792969
37.34464722,-0.981616667,30,"Grassland",2281.25
34.53808095,-0.999030658,40,"Cropland",2499.69995117188
37.09741667,0.426475,20,"Shrubland",1647.75
37.07924829,-1.004162632,10,"Tree Cover",2584
34.79353333,-1.411838889,30,"Grassland",1408.5
38.12975745,-2.974938686,20,"Shrubland",290.399993896484
36.65098667,-0.328765,30,"Grassland",160
38.458553,-2.999186,30,"Grassland",1825.34997558594
37.50279234,-0.990925982,40,"Cropland",2382.14990234375
36.40600333,0.576561667,30,"Grassland",848.75
35.8535456,-1.851262947,30,"Grassland",1384.90002441406
36.41806003,-0.594295783,10,"Tree Cover",1142.90002441406
37.62143234,-0.067800978,10,"Tree Cover",2090.39990234375
37.036407,3.299662,30,"Grassland",1555.44995117188
37.30999243,0.827018361,30,"Grassland",1511.80004882812
40.8952043,-2.145884021,30,"Grassland",2267.89990234375
36.867005,0.663503333,30,"Grassland",1051.09997558594
36.9396368,-0.917520304,10,"Tree Cover",2529.19995117188
37.95456359,1.319221318,20,"Shrubland",81.0500030517578
39.767592,-2.711665397,10,"Tree Cover",733.049987792969
35.53142,-0.328689,20,"Shrubland",1863.94995117188
36.36812327,0.063959737,40,"Cropland",2593.75
38.20861816,-2.452108623,10,"Tree Cover",1351.55004882812
37.70497833,-2.56402,40,"Cropland",671.950012207031
38.09905804,-0.722515283,20,"Shrubland",1651.90002441406
39.15408891,-2.120863885,20,"Shrubland",44
35.79994167,-0.841913333,10,"Tree Cover",434.899993896484
36.48975372,1.614215,30,"Grassland",308.75
37.63666667,-3.000555556,40,"Cropland",1536.59997558594
36.03515579,-1.581830411,10,"Tree Cover",834.150024414062
37.6344318,0.914839426,20,"Shrubland",595.700012207031
36.08934056,0.855498674,30,"Grassland",1321.05004882812
40.68519814,-2.399784122,10,"Tree Cover",2335
37.87514961,1.857379033,30,"Grassland",1507.40002441406
38.85833411,-3.24876012,30,"Grassland",932.150024414062
37.74353027,2.515061053,30,"Grassland",1344.94995117188
37.15718079,-1.294611931,30,"Grassland",1680.59997558594
37.32028645,0.98059115,30,"Grassland",2273.80004882812
37.15409841,0.298478892,30,"Grassland",888.599975585938
36.885,0.968333,10,"Tree Cover",883.650024414062
36.3907625,-1.0576584,30,"Grassland",1525.75
36.03379531,1.001810037,20,"Shrubland",1187.84997558594
37.843675,1.129136167,20,"Shrubland",100.900001525879
36.21354032,-0.87246073,10,"Tree Cover",1055.94995117188
36.64905833,-1.923244444,20,"Shrubland",1143.55004882812
36.5695917,0.6640183,30,"Grassland",964
35.28144089,-1.33755698,30,"Grassland",1210.80004882812
35.976825,-0.158877833,40,"Cropland",1414.94995117188
36.0023225,-0.4253584,40,"Cropland",1402.59997558594
36.55273106,0.277924044,40,"Cropland",1372.90002441406
37.71759,-0.47433,10,"Tree Cover",1917.59997558594
37.4623039,-0.7171197,40,"Cropland",1894.25
38.65829858,-2.754157101,20,"Shrubland",47.7000007629395
39.01822,-3.183175,30,"Grassland",1467.90002441406
35.82122421,-1.956080318,20,"Shrubland",891.200012207031
34.98892423,-0.766627511,10,"Tree Cover",2467.35009765625
39.30265974,-3.285126711,20,"Shrubland",824.25
37.46674,2.612254,30,"Grassland",174.199996948242
37.53624444,0.959136773,20,"Shrubland",880.900024414062
38.6719444,-0.8797222,30,"Grassland",1257.94995117188
38.47005,-3.1024695,20,"Shrubland",1924
36.40185358,-1.789910729,30,"Grassland",691.200012207031
38.0208151,-0.5036955,10,"Tree Cover",1419.40002441406
35.45821667,-1.360183333,10,"Tree Cover",702.900024414062
37.99515338,-0.771858765,20,"Shrubland",1424.84997558594
36.718775,1.089125,20,"Shrubland",1985.90002441406
36.27913449,0.028408447,10,"Tree Cover",1805.84997558594
35.76099014,-1.155596137,30,"Grassland",2202.05004882812
38.23989,-2.11412,20,"Shrubland",1673.90002441406
38.69663966,-2.931512385,30,"Grassland",92.4499969482422
35.057287,-1.1872597,10,"Tree Cover",1237.05004882812
36.46097333,-0.199171666,30,"Grassland",1548.19995117188
35.32613333,-1.707171667,10,"Tree Cover",1232.34997558594
35.22388667,0.102655,10,"Tree Cover",2366.10009765625
37.28933667,0.108372167,30,"Grassland",1188.44995117188
38.04736722,0.384341576,20,"Shrubland",1548.15002441406
37.7135,1.056002833,20,"Shrubland",1459.59997558594
36.89540862,-0.300514813,40,"Cropland",1986.55004882812
38.11483193,-2.754346598,30,"Grassland",771.5
38.174845,-3.158027,20,"Shrubland",184.350006103516
36.81440984,0.578264206,30,"Grassland",798.849975585938
35.89317,0.887836667,20,"Shrubland",1084.44995117188
35.822658,-0.368343,30,"Grassland",2090.80004882812
36.936223,2.650571,20,"Shrubland",939.900024414062
37.51578241,-2.852305061,40,"Cropland",1274.90002441406
36.536495,-1.165838833,30,"Grassland",1775.40002441406
37.1846351,1.5413406,20,"Shrubland",1095.09997558594
35.5705011749,-0.8735691558,30,"Grassland",1639.65002441406
37.2004249722,-0.4212277778,10,"Tree Cover",1697.59997558594
35.9755648565,0.6983520822,20,"Shrubland",987.75
34.7,1.133333,10,"Tree Cover",674.299987792969
37.3029466,1.2221209,10,"Tree Cover",785.700012207031
37.35495898,-0.6933259,40,"Cropland",2519.35009765625
37.5501163935,0.41030213,20,"Shrubland",913.099975585938
38.2671605051,2.1717472166,20,"Shrubland",102.099998474121
39.0819049627,-3.7452908816,20,"Shrubland",2766.89990234375
36.6942887199,0.2791879435,30,"Grassland",836.450012207031
37.7645359933,-0.900628915,20,"Shrubland",1998.90002441406
40.0251148108,-3.1115755059,90,"Herbaceous Wetland",846.900024414062
39.781036377,-3.9075143471,20,"Shrubland",2877.64990234375
37.8793977586,-0.3123188795,10,"Tree Cover",1738.05004882812
39.6413722222,-2.9843305556,20,"Shrubland",266.549987792969
34.91477,-0.5935583333,30,"Grassland",2587
34.9930027778,-0.3991777778,10,"Tree Cover",1676.59997558594
34.053405,0.3030783333,30,"Grassland",2107.60009765625
34.1980387505,-0.7165936942,10,"Tree Cover",1167.34997558594
34.8801269107798,0.301861740695741,10,"Tree Cover",98.1500015258789
34.8856200748423,0.312847910731405,10,"Tree Cover",113.75
34.9020995670298,0.24967728835885,10,"Tree Cover",1090.15002441406
34.8911132389048,0.238691060023364,10,"Tree Cover",1487.05004882812
34.8993529849986,0.20847888806505,10,"Tree Cover",1064.34997558594
34.8863067203501,0.20847888806505,10,"Tree Cover",1098.90002441406
34.8691405826548,0.257230315038888,10,"Tree Cover",210.399993896484
34.9117126041392,0.287442375745114,10,"Tree Cover",221.5
34.8560943180064,0.310101369285055,10,"Tree Cover",130.699996948242
34.8334350162486,0.310788004713689,10,"Tree Cover",248.399993896484
34.8780669742564,0.275769543122721,10,"Tree Cover",137.25
34.9007262760142,0.291562196200073,10,"Tree Cover",157.75
34.9329986148814,0.27508290554846,10,"Tree Cover",836.700012207031
34.9329986148814,0.238691060023364,10,"Tree Cover",308.799987792969
34.9295653873423,0.220151780017141,10,"Tree Cover",1001.65002441406
34.9075927310923,0.171400235032664,10,"Tree Cover",1811.69995117188
34.8808135562876,0.167967022550022,10,"Tree Cover",1016.45001220703
34.8629607730845,0.192686138212071,10,"Tree Cover",1619.90002441406
34.8725738101939,0.161787238569763,10,"Tree Cover",1041.05004882812
34.8773803287486,0.233197942539435,10,"Tree Cover",385.649993896484
34.8615874820689,0.251737205161968,10,"Tree Cover",259.899993896484
34.8677672916392,0.227704822912003,10,"Tree Cover",838.549987792969
34.8739471012095,0.213285374062071,10,"Tree Cover",368.100006103516
34.8773803287486,0.202299118203515,10,"Tree Cover",228.550003051758
34.912399249647,0.201612476961196,10,"Tree Cover",303.850006103516
34.8931731754283,0.195432704489215,10,"Tree Cover",1091
34.8382415348033,0.309414733811881,10,"Tree Cover",193.050003051758
34.8636474185923,0.294308742333886,10,"Tree Cover",170.300003051758
34.8622741275767,0.329327144091878,10,"Tree Cover",255
34.9027862125376,0.313191228361781,10,"Tree Cover",189.699996948242
34.8993529849986,0.329327144091878,10,"Tree Cover",790.099975585938
34.8890533023814,0.334820215891948,10,"Tree Cover",810.5
34.8670806461314,0.325893972676456,10,"Tree Cover",237.699996948242
34.85025783119,0.337566750641055,10,"Tree Cover",288.850006103516
34.8907699161509,0.286069101928811,10,"Tree Cover",133.75
34.9075927310923,0.275769543122721,10,"Tree Cover",245.25
34.8986663394908,0.272679673728047,10,"Tree Cover",183.949996948242
34.9302520328501,0.292248832796581,10,"Tree Cover",368
34.9817504459361,0.351986045201032,10,"Tree Cover",1009.70001220703
34.9858703189829,0.296368651490759,10,"Tree Cover",686.700012207031
34.9776305728892,0.341686551308345,10,"Tree Cover",946.549987792969
34.9741973453501,0.325893972676456,10,"Tree Cover",722.799987792969
34.989303546522,0.26066350751453,10,"Tree Cover",696
34.9769439273814,0.275769543122721,10,"Tree Cover",1056.90002441406
35.0099029117564,0.303235012565417,10,"Tree Cover",1601.75
35.0050963932017,0.235944501552485,10,"Tree Cover",751.549987792969
35.000289874647,0.227018182810371,10,"Tree Cover",756.700012207031
34.9652709537486,0.259290230635888,20,"Shrubland",1989.09997558594
34.9975432926158,0.094496150963818,10,"Tree Cover",757.400024414062
35.033248859022,0.110975616602629,10,"Tree Cover",645.75
35.0208892398814,0.102735884845586,10,"Tree Cover",808
34.9288787418345,0.0917495725605039,10,"Tree Cover",1694.30004882812
35.011276202772,0.0931228617889094,10,"Tree Cover",714.150024414062
34.9810638004283,0.0766433877429004,10,"Tree Cover",1620
35.0092162662486,0.0773300326308598,10,"Tree Cover",1262.5
35.0538482242564,0.0999893071126564,10,"Tree Cover",800.900024414062
35.044235187147,0.126425107327007,10,"Tree Cover",810.25
35.007499652479,0.13088829187452,10,"Tree Cover",503.350006103516
35.0147094303111,0.122648565955767,10,"Tree Cover",486.149993896484
34.9927367740611,0.1178420579875,10,"Tree Cover",743.5
34.9793471866587,0.101362596008236,10,"Tree Cover",913.549987792969
34.9419250064829,0.090376283279403,10,"Tree Cover",1651.90002441406
34.9378051334361,0.0828231913263938,10,"Tree Cover",1617.90002441406
34.9281920963267,0.0793899672276921,10,"Tree Cover",1668.5
34.9364318424204,0.0800766120706403,10,"Tree Cover",1062.84997558594
35.0243224674204,0.148741021851428,10,"Tree Cover",1516.34997558594
35.0305022769908,0.138098049838696,10,"Tree Cover",557.650024414062
35.0044097476939,0.121275278051427,10,"Tree Cover",653.799987792969
35.0212325626353,0.0859130927613141,10,"Tree Cover",946.650024414062
35.0445785099009,0.0920928948725797,10,"Tree Cover",953.700012207031
35.0315322452525,0.0804199344878016,10,"Tree Cover",1100.40002441406
34.5562540326273,0.947078872471723,10,"Tree Cover",1037.65002441406
36.871622684971,1.03770247484638,10,"Tree Cover",805.049987792969
36.8221842084085,1.07065588029591,10,"Tree Cover",983.549987792969
36.8606363568461,1.01024104092904,10,"Tree Cover",734.75
36.6848551068461,1.24090925806744,10,"Tree Cover",438.399993896484
37.311075809971,1.30131919062612,10,"Tree Cover",626.950012207031
37.2561441693461,1.29033567217384,10,"Tree Cover",230.350006103516
37.2945963177835,1.2354173765924,10,"Tree Cover",746.299987792969
37.3275553021585,1.15852986691168,10,"Tree Cover",371.399993896484
37.3934732709085,1.72414444933068,20,"Shrubland",718.900024414062
35.575235966221,-0.643135486483678,20,"Shrubland",550
35.454386356846,-0.51679921124119,10,"Tree Cover",754.849975585938
35.5038248334085,-0.676092286300061,10,"Tree Cover",442.700012207031
35.377482059971,-0.500320368267496,10,"Tree Cover",200.5
35.487345341221,-0.6980633625723,10,"Tree Cover",560.75
35.827921513096,-0.840872711826876,10,"Tree Cover",466.100006103516
35.772989872471,-0.868335476679492,10,"Tree Cover",494.399993896484
36.761759403721,-0.522292149466297,10,"Tree Cover",135
36.7562662396585,-0.752990597079813,10,"Tree Cover",263
36.695841434971,-0.588207019288587,20,"Shrubland",59.5999984741211
36.7288004193461,-0.890305545218424,10,"Tree Cover",583.549987792969
36.6848551068461,-0.93973771585357,10,"Tree Cover",483.200012207031
36.607950809971,-0.950722548956992,10,"Tree Cover",2798.85009765625
36.7809854779398,-0.615671323619665,10,"Tree Cover",143.949996948242
36.7480264935648,-0.665106710678541,20,"Shrubland",42.5499992370605
36.6917215619242,-0.693943793493129,10,"Tree Cover",670.700012207031
36.6491495404398,-0.60743204688729,20,"Shrubland",236
36.7974649701273,-0.667853106892062,10,"Tree Cover",184.100006103516
35.9460245404398,-1.87602902057956,10,"Tree Cover",313.399993896484
35.9295450482523,-1.88700942549864,10,"Tree Cover",363.600006103516
37.5335489545023,-0.316304124047456,10,"Tree Cover",108.449996948242
37.3742471966898,-0.393206941031216,10,"Tree Cover",280
37.1407877240335,-0.354755612427803,10,"Tree Cover",1527.90002441406
35.2551927618207,-1.67715557044679,30,"Grassland",1304.15002441406
34.6839036993207,-1.30374745275458,20,"Shrubland",2352.25
34.9695482305707,-1.2048942048848,10,"Tree Cover",385.600006103516
34.8157396368207,-1.248829442074,10,"Tree Cover",1601.40002441406
34.4092454961957,-0.974223184438683,40,"Cropland",2121.19995117188
34.7827806524457,-0.930283942230844,20,"Shrubland",2138.69995117188
34.9805345586957,-0.897329150084567,30,"Grassland",2097.25
35.5078783086957,-0.677623474983284,10,"Tree Cover",425.75
34.4861497930707,-1.10603736973552,40,"Cropland",1891.55004882812
36.7053880743207,-1.08406872657619,30,"Grassland",2295.35009765625
37.4304857305707,-1.77598762062188,20,"Shrubland",1807
